fecha_contacto,cliente,forma_pago,ubicacion,m2_referencia,tipologia,sistema_constructivo,tipo_entrega,revestimiento,estado_lead,distancia_km,precio_cotizado
2024-04-12,Juan Gonzalez,CONTADO,BUENOS AIRES,33.9,MINIMALISTA,E.E,OBRA GRIS,MADERA,POTABLE,738.0,10984000.0
2025-03-11,Elena Martinez,,ALTA GRACIA,76.2,AMERICANA,S.F,OBRA GRIS,LADRILLO,POTABLE,40.0,26065000.0
2024-09-27,Jorge Sanchez,PLAN 36-60,LA PLATA,59.1,CABAÑA,W.F,OBRA GRIS,PIEDRA NATURAL,POTABLE,783.0,20574000.0
2024-04-16,Pedro Lopez,PLAN 36-60,CARLOS PAZ,49.3,AMERICANA,E.E,OBRA GRIS,MADERA,POTABLE,30.0,13998000.0
2024-03-12,Ana Lopez,FINANCIACION PROPIA,BUENOS AIRES,46.2,CABAÑA,E.E,OBRA GRIS,MADERA,NO LE INTERESA,740.0,14554000.0
2025-12-01,Juan Garcia,PLAN 36-60,ALTA GRACIA,57.8,AMERICANA,E.E,OBRA GRIS,PIEDRA NATURAL,POTABLE,36.0,16125000.0
2024-01-21,Pedro Gonzalez,PLAN 36-60,LA PLATA,63.2,MINIMALISTA,W.F,OBRA GRIS,PIEDRA NATURAL,POTABLE,734.0,20490000.0
2025-09-06,Elena Romero,PLAN 36-60,BUENOS AIRES,52.5,CABAÑA,S.F,LLAVE EN MANO,PIEDRA NATURAL,NO LE INTERESA,687.0,26954000.0
2024-05-01,Ana Garcia,FINANCIACION PROPIA,MENDIOLAZA,20.0,CABAÑA,S.F,LLAVE EN MANO,PIEDRA NATURAL,NO LE INTERESA,24.0,10287000.0
2025-04-11,Ana Gonzalez,CONTADO,CÓRDOBA CAPITAL,55.3,CABAÑA,E.E,LLAVE EN MANO,PIEDRA NATURAL,POTABLE,17.0,20650000.0
2024-08-02,Juan Gonzalez,CONTADO,ALTA GRACIA,26.2,MINIMALISTA,W.F,OBRA GRIS,LADRILLO,POTABLE,42.0,8279000.0
2024-11-26,Luis Perez,CONTADO,ALTA GRACIA,50.8,AMERICANA,S.F,LLAVE EN MANO,LADRILLO,POTABLE,60.0,24523000.0
2025-04-03,Diego Perez,CONTADO,SANTIAGO DEL ESTERO,26.9,MINIMALISTA,S.F,OBRA GRIS,PIEDRA NATURAL,NO LE INTERESA,458.0,10371000.0
2024-03-28,Lucia Martinez,FINANCIACION PROPIA,BUENOS AIRES,26.7,MINIMALISTA,S.F,LLAVE EN MANO,PIEDRA NATURAL,NO LE INTERESA,717.0,13908000.0
2025-01-07,Diego Martinez,CONTADO,LA PLATA,79.7,MINIMALISTA,S.F,LLAVE EN MANO,LADRILLO,NO LE INTERESA,732.0,39103000.0
2024-04-09,Pedro Sanchez,NO SABE,CÓRDOBA CAPITAL,48.6,AMERICANA,S.F,OBRA GRIS,MADERA,POTABLE,15.0,17286000.0
2025-10-25,Carla Martinez,CONTADO,BUENOS AIRES,47.1,MINIMALISTA,E.E,OBRA GRIS,LADRILLO,NO LE INTERESA,672.0,13552000.0
2024-05-10,Pedro Sanchez,FINANCIACION PROPIA,MENDIOLAZA,64.7,CABAÑA,E.E,OBRA GRIS,PIEDRA NATURAL,NO LE INTERESA,39.0,17576000.0
2025-10-23,Jorge Gonzalez,FINANCIACION PROPIA,CARLOS PAZ,,MINIMALISTA,E.E,OBRA GRIS,MADERA,NO LE INTERESA,38.0,13262000.0
2024-11-04,Diego Martinez,PLAN 36-60,ALTA GRACIA,97.1,AMERICANA,S.F,OBRA GRIS,PIEDRA NATURAL,NO LE INTERESA,54.0,33574000.0
2026-02-08,Carla Rodriguez,PLAN 36-60,CARLOS PAZ,49.5,CABAÑA,S.F,LLAVE EN MANO,MADERA,POTABLE,39.0,23942000.0
2024-12-09,Luis Sanchez,CONTADO,CARLOS PAZ,62.3,AMERICANA,S.F,OBRA GRIS,,POTABLE,55.0,21031000.0
2025-05-06,Carla Rodriguez,,CARLOS PAZ,74.4,MINIMALISTA,E.E,LLAVE EN MANO,LADRILLO,NO LE INTERESA,34.0,28809000.0
2025-02-17,Maria Gonzalez,CONTADO,SANTIAGO DEL ESTERO,87.0,AMERICANA,S.F,LLAVE EN MANO,PIEDRA NATURAL,POTABLE,400.0,44518000.0
2025-01-20,Pedro Rodriguez,PLAN 36-60,BUENOS AIRES,40.2,CABAÑA,E.E,OBRA GRIS,LADRILLO,POTABLE,719.0,12228000.0
2024-07-10,Pedro Garcia,FINANCIACION PROPIA,CARLOS PAZ,46.6,AMERICANA,S.F,LLAVE EN MANO,MADERA,NO LE INTERESA,54.0,23112000.0
2024-10-03,Lucia Romero,CONTADO,LA PLATA,80.5,CABAÑA,E.E,LLAVE EN MANO,LADRILLO,NO LE INTERESA,775.0,31618000.0
2024-06-09,Carla Romero,FINANCIACION PROPIA,LA PLATA,71.2,CABAÑA,W.F,OBRA GRIS,MADERA,NO LE INTERESA,719.0,22972000.0
2025-04-04,Maria Romero,CONTADO,CÓRDOBA CAPITAL,,MINIMALISTA,S.F,OBRA GRIS,PIEDRA NATURAL,POTABLE,19.0,27822000.0
2024-11-09,Carla Romero,PLAN 36-60,CÓRDOBA CAPITAL,27.6,MINIMALISTA,S.F,LLAVE EN MANO,LADRILLO,POTABLE,28.0,13337000.0
2024-01-22,Diego Lopez,,MENDIOLAZA,86.0,CABAÑA,E.E,LLAVE EN MANO,MADERA,POTABLE,20.0,33237000.0
2024-09-09,Juan Sanchez,PLAN 36-60,CARLOS PAZ,39.8,AMERICANA,S.F,LLAVE EN MANO,MADERA,NO LE INTERESA,34.0,20291000.0
2026-01-17,Pedro Lopez,PLAN 36-60,CARLOS PAZ,58.8,CABAÑA,E.E,OBRA GRIS,MADERA,POTABLE,50.0,16883000.0
2025-07-14,Lucia Perez,FINANCIACION PROPIA,SANTIAGO DEL ESTERO,52.0,MINIMALISTA,E.E,OBRA GRIS,MADERA,NO LE INTERESA,489.0,15685000.0
2025-04-19,Ana Lopez,NO SABE,BUENOS AIRES,37.4,AMERICANA,W.F,OBRA GRIS,PIEDRA NATURAL,POTABLE,731.0,13378000.0
2024-02-28,Lucia Garcia,CONTADO,CARLOS PAZ,26.7,CABAÑA,W.F,LLAVE EN MANO,PIEDRA NATURAL,POTABLE,55.0,11641000.0
2025-05-25,Elena Rodriguez,PLAN 36-60,CARLOS PAZ,20.1,MINIMALISTA,S.F,OBRA GRIS,PIEDRA NATURAL,NO LE INTERESA,32.0,7407000.0
2025-11-12,Carla Gonzalez,PLAN 36-60,BUENOS AIRES,57.4,CABAÑA,S.F,OBRA GRIS,MADERA,VENDIDO,715.0,22028000.0
2025-04-20,Luis Rodriguez,CONTADO,CARLOS PAZ,24.5,CABAÑA,E.E,LLAVE EN MANO,PIEDRA NATURAL,NO LE INTERESA,47.0,9419000.0
2025-11-30,Pedro Martinez,CONTADO,ALTA GRACIA,32.3,CABAÑA,E.E,LLAVE EN MANO,MADERA,VENDIDO,53.0,13128000.0
2026-02-21,Lucia Perez,CONTADO,ALTA GRACIA,50.6,AMERICANA,E.E,LLAVE EN MANO,MADERA,NO LE INTERESA,55.0,19737000.0
2024-07-08,Lucia Romero,PLAN 36-60,SANTIAGO DEL ESTERO,20.0,MINIMALISTA,E.E,OBRA GRIS,,POTABLE,492.0,6454000.0
2025-11-17,Luis Romero,FINANCIACION PROPIA,SANTIAGO DEL ESTERO,70.6,MINIMALISTA,S.F,OBRA GRIS,LADRILLO,POTABLE,436.0,24516000.0
2025-07-16,Elena Sanchez,FINANCIACION PROPIA,LA PLATA,20.0,CABAÑA,W.F,OBRA GRIS,PIEDRA NATURAL,NO LE INTERESA,714.0,7540000.0
2025-07-20,Lucia Lopez,PLAN 36-60,SANTIAGO DEL ESTERO,53.5,CABAÑA,S.F,OBRA GRIS,PIEDRA NATURAL,POTABLE,436.0,18655000.0
2024-08-31,Maria Garcia,CONTADO,MENDIOLAZA,55.3,CABAÑA,S.F,OBRA GRIS,LADRILLO,POTABLE,37.0,19481000.0
2025-05-19,Maria Garcia,CONTADO,LA PLATA,65.8,AMERICANA,S.F,OBRA GRIS,LADRILLO,POTABLE,731.0,23508000.0
2024-05-10,Ana Martinez,CONTADO,BUENOS AIRES,54.2,MINIMALISTA,W.F,OBRA GRIS,LADRILLO,NO LE INTERESA,741.0,18476000.0
2025-04-29,Maria Rodriguez,PLAN 36-60,CARLOS PAZ,95.4,CABAÑA,S.F,LLAVE EN MANO,LADRILLO,POTABLE,35.0,47585000.0
2025-10-08,Juan Martinez,CONTADO,SANTIAGO DEL ESTERO,59.3,MINIMALISTA,W.F,OBRA GRIS,MADERA,POTABLE,401.0,20439000.0
2024-01-21,Jorge Martinez,PLAN 36-60,MENDIOLAZA,76.1,CABAÑA,E.E,OBRA GRIS,PIEDRA NATURAL,NO LE INTERESA,33.0,20643000.0
2024-06-15,Jorge Martinez,NO SABE,SANTIAGO DEL ESTERO,40.5,MINIMALISTA,S.F,LLAVE EN MANO,PIEDRA NATURAL,POTABLE,473.0,21363000.0
2024-09-30,Jorge Sanchez,FINANCIACION PROPIA,SANTIAGO DEL ESTERO,57.4,CABAÑA,E.E,LLAVE EN MANO,PIEDRA NATURAL,NO LE INTERESA,435.0,22899000.0
2025-01-22,Carla Garcia,FINANCIACION PROPIA,LA PLATA,86.0,AMERICANA,E.E,LLAVE EN MANO,MADERA,NO LE INTERESA,785.0,36089000.0
2025-08-23,Elena Gonzalez,PLAN 36-60,BUENOS AIRES,50.2,CABAÑA,E.E,LLAVE EN MANO,PIEDRA NATURAL,POTABLE,704.0,20760000.0
2024-11-11,Carla Garcia,CONTADO,BUENOS AIRES,58.8,CABAÑA,S.F,OBRA GRIS,,NO LE INTERESA,677.0,22378000.0
2024-01-14,Maria Perez,CONTADO,LA PLATA,74.6,CABAÑA,E.E,OBRA GRIS,PIEDRA NATURAL,POTABLE,719.0,22324000.0
2024-08-29,Maria Martinez,FINANCIACION PROPIA,CÓRDOBA CAPITAL,40.2,CABAÑA,S.F,LLAVE EN MANO,PIEDRA NATURAL,NO LE INTERESA,23.0,19750000.0
2026-02-15,Lucia Gonzalez,PLAN 36-60,LA PLATA,20.0,CABAÑA,E.E,LLAVE EN MANO,MADERA,NO LE INTERESA,749.0,8795000.0
2024-12-11,Diego Lopez,PLAN 36-60,LA PLATA,60.1,MINIMALISTA,S.F,OBRA GRIS,LADRILLO,VENDIDO,801.0,23279000.0
2025-07-18,Jorge Sanchez,CONTADO,ALTA GRACIA,74.8,MINIMALISTA,S.F,LLAVE EN MANO,LADRILLO,NO LE INTERESA,49.0,37831000.0
2024-12-05,Juan Rodriguez,PLAN 36-60,SANTIAGO DEL ESTERO,28.0,AMERICANA,S.F,LLAVE EN MANO,LADRILLO,POTABLE,435.0,14202000.0
2024-04-01,Carla Sanchez,CONTADO,LA PLATA,68.4,CABAÑA,E.E,OBRA GRIS,PIEDRA NATURAL,NO LE INTERESA,745.0,19594000.0
2025-01-01,Pedro Garcia,CONTADO,SANTIAGO DEL ESTERO,68.5,MINIMALISTA,S.F,LLAVE EN MANO,LADRILLO,POTABLE,413.0,35140000.0
2025-03-30,Diego Perez,CONTADO,SANTIAGO DEL ESTERO,20.0,MINIMALISTA,E.E,OBRA GRIS,LADRILLO,NO LE INTERESA,459.0,6597000.0
2025-03-03,Carla Gonzalez,PLAN 36-60,ALTA GRACIA,36.3,CABAÑA,W.F,LLAVE EN MANO,PIEDRA NATURAL,POTABLE,50.0,16076000.0
2025-05-23,Carla Garcia,CONTADO,SANTIAGO DEL ESTERO,47.1,CABAÑA,E.E,OBRA GRIS,MADERA,NO LE INTERESA,480.0,14486000.0
2026-02-14,Luis Rodriguez,CONTADO,MENDIOLAZA,51.4,AMERICANA,E.E,LLAVE EN MANO,PIEDRA NATURAL,POTABLE,25.0,19430000.0
2024-02-04,Pedro Sanchez,FINANCIACION PROPIA,LA PLATA,40.1,AMERICANA,S.F,OBRA GRIS,MADERA,NO LE INTERESA,739.0,15828000.0
2024-07-24,Elena Lopez,PLAN 36-60,SANTIAGO DEL ESTERO,39.1,MINIMALISTA,E.E,OBRA GRIS,MADERA,NO LE INTERESA,410.0,11847000.0
2024-03-21,Luis Sanchez,PLAN 36-60,CÓRDOBA CAPITAL,88.4,AMERICANA,W.F,LLAVE EN MANO,LADRILLO,POTABLE,12.0,39257000.0
2025-07-15,Pedro Gonzalez,PLAN 36-60,CÓRDOBA CAPITAL,52.8,MINIMALISTA,S.F,LLAVE EN MANO,LADRILLO,NO LE INTERESA,16.0,25390000.0
2025-01-22,Elena Rodriguez,NO SABE,ALTA GRACIA,41.1,AMERICANA,E.E,LLAVE EN MANO,PIEDRA NATURAL,NO LE INTERESA,59.0,16432000.0
2024-01-02,Carla Romero,CONTADO,MENDIOLAZA,54.2,CABAÑA,E.E,LLAVE EN MANO,MADERA,POTABLE,36.0,21500000.0
2025-01-24,Ana Garcia,CONTADO,BUENOS AIRES,65.7,AMERICANA,S.F,LLAVE EN MANO,PIEDRA NATURAL,POTABLE,738.0,34695000.0
2025-07-19,Lucia Sanchez,PLAN 36-60,BUENOS AIRES,56.0,MINIMALISTA,S.F,OBRA GRIS,LADRILLO,NO LE INTERESA,693.0,21189000.0
2024-04-15,Diego Lopez,CONTADO,LA PLATA,50.9,AMERICANA,E.E,OBRA GRIS,MADERA,POTABLE,724.0,15400000.0
2026-02-10,Carla Gonzalez,PLAN 36-60,ALTA GRACIA,42.0,MINIMALISTA,E.E,OBRA GRIS,LADRILLO,VENDIDO,41.0,12327000.0
2025-04-21,Luis Garcia,PLAN 36-60,CÓRDOBA CAPITAL,41.8,MINIMALISTA,S.F,OBRA GRIS,LADRILLO,POTABLE,11.0,14782000.0
2025-12-03,Pedro Gonzalez,NO SABE,MENDIOLAZA,43.0,AMERICANA,S.F,LLAVE EN MANO,LADRILLO,POTABLE,35.0,21861000.0
2025-02-05,Juan Martinez,FINANCIACION PROPIA,LA PLATA,61.8,AMERICANA,W.F,OBRA GRIS,MADERA,VENDIDO,744.0,21732000.0
2025-12-30,Elena Lopez,NO SABE,SANTIAGO DEL ESTERO,35.1,MINIMALISTA,W.F,OBRA GRIS,MADERA,VENDIDO,486.0,12536000.0
2025-07-09,Ana Garcia,CONTADO,LA PLATA,62.9,CABAÑA,W.F,OBRA GRIS,LADRILLO,POTABLE,809.0,20539000.0
2024-06-10,Pedro Martinez,FINANCIACION PROPIA,CARLOS PAZ,83.3,AMERICANA,S.F,LLAVE EN MANO,MADERA,NO LE INTERESA,39.0,41218000.0
2024-07-20,Carla Perez,CONTADO,LA PLATA,,MINIMALISTA,S.F,LLAVE EN MANO,LADRILLO,POTABLE,781.0,31208000.0
2024-09-26,Diego Garcia,PLAN 36-60,SANTIAGO DEL ESTERO,47.6,CABAÑA,S.F,OBRA GRIS,LADRILLO,NO LE INTERESA,466.0,17343000.0
2024-09-27,Diego Perez,FINANCIACION PROPIA,CARLOS PAZ,29.0,MINIMALISTA,E.E,LLAVE EN MANO,LADRILLO,NO LE INTERESA,35.0,11375000.0
2025-03-31,Juan Romero,CONTADO,BUENOS AIRES,86.6,AMERICANA,S.F,OBRA GRIS,MADERA,POTABLE,752.0,32499000.0
2025-04-06,Lucia Gonzalez,PLAN 36-60,MENDIOLAZA,31.6,MINIMALISTA,E.E,LLAVE EN MANO,PIEDRA NATURAL,POTABLE,25.0,12199000.0
2025-12-27,Jorge Rodriguez,CONTADO,ALTA GRACIA,72.0,MINIMALISTA,S.F,LLAVE EN MANO,PIEDRA NATURAL,POTABLE,53.0,35228000.0
2024-09-08,Luis Gonzalez,CONTADO,MENDIOLAZA,67.8,MINIMALISTA,S.F,LLAVE EN MANO,MADERA,POTABLE,29.0,32270000.0
2025-12-02,Maria Martinez,NO SABE,LA PLATA,50.3,AMERICANA,E.E,OBRA GRIS,MADERA,POTABLE,747.0,14827000.0
2024-10-22,Pedro Rodriguez,,BUENOS AIRES,49.7,CABAÑA,S.F,LLAVE EN MANO,LADRILLO,NO LE INTERESA,706.0,25820000.0
2025-12-25,Jorge Sanchez,CONTADO,ALTA GRACIA,20.0,CABAÑA,S.F,OBRA GRIS,LADRILLO,POTABLE,57.0,6814000.0
2025-12-20,Juan Lopez,PLAN 36-60,LA PLATA,61.6,CABAÑA,S.F,LLAVE EN MANO,PIEDRA NATURAL,NO LE INTERESA,724.0,30294000.0
2026-01-18,Maria Garcia,FINANCIACION PROPIA,CÓRDOBA CAPITAL,67.4,CABAÑA,W.F,OBRA GRIS,LADRILLO,NO LE INTERESA,6.0,21773000.0
2024-12-03,Jorge Romero,CONTADO,CÓRDOBA CAPITAL,33.2,AMERICANA,S.F,OBRA GRIS,PIEDRA NATURAL,NO LE INTERESA,15.0,11111000.0
2024-02-22,Luis Lopez,CONTADO,SANTIAGO DEL ESTERO,51.9,MINIMALISTA,E.E,OBRA GRIS,PIEDRA NATURAL,NO LE INTERESA,406.0,14576000.0
2024-08-04,Maria Garcia,FINANCIACION PROPIA,BUENOS AIRES,55.8,CABAÑA,E.E,OBRA GRIS,MADERA,POTABLE,729.0,17325000.0
2026-02-02,Diego Gonzalez,CONTADO,BUENOS AIRES,66.7,CABAÑA,E.E,OBRA GRIS,MADERA,NO LE INTERESA,736.0,20465000.0
2024-07-06,Maria Garcia,CONTADO,MENDIOLAZA,55.1,AMERICANA,S.F,OBRA GRIS,MADERA,POTABLE,41.0,19052000.0
2025-01-14,Maria Sanchez,FINANCIACION PROPIA,CÓRDOBA CAPITAL,22.5,MINIMALISTA,E.E,LLAVE EN MANO,PIEDRA NATURAL,NO LE INTERESA,24.0,8721000.0
2025-05-07,Diego Rodriguez,PLAN 36-60,CARLOS PAZ,44.4,MINIMALISTA,W.F,OBRA GRIS,MADERA,POTABLE,53.0,15004000.0
2024-02-10,Carla Gonzalez,FINANCIACION PROPIA,CARLOS PAZ,59.5,CABAÑA,E.E,LLAVE EN MANO,PIEDRA NATURAL,NO LE INTERESA,49.0,22288000.0
2024-06-05,Pedro Perez,CONTADO,BUENOS AIRES,71.8,CABAÑA,S.F,OBRA GRIS,MADERA,NO LE INTERESA,754.0,26472000.0
2024-01-15,Pedro Lopez,NO SABE,BUENOS AIRES,42.6,MINIMALISTA,W.F,OBRA GRIS,PIEDRA NATURAL,NO LE INTERESA,679.0,14879000.0
2024-03-05,Jorge Martinez,NO SABE,LA PLATA,98.8,AMERICANA,E.E,LLAVE EN MANO,LADRILLO,POTABLE,760.0,41017000.0
2025-06-04,Jorge Romero,CONTADO,BUENOS AIRES,20.0,MINIMALISTA,W.F,OBRA GRIS,LADRILLO,POTABLE,759.0,7921000.0
2024-12-09,Ana Rodriguez,CONTADO,ALTA GRACIA,43.7,MINIMALISTA,E.E,LLAVE EN MANO,PIEDRA NATURAL,NO LE INTERESA,52.0,16960000.0
2024-05-08,Ana Perez,NO SABE,CARLOS PAZ,53.3,CABAÑA,S.F,OBRA GRIS,PIEDRA NATURAL,POTABLE,52.0,18617000.0
2025-10-09,Carla Gonzalez,PLAN 36-60,LA PLATA,51.0,AMERICANA,W.F,LLAVE EN MANO,LADRILLO,POTABLE,713.0,24472000.0
2025-04-16,Juan Lopez,PLAN 36-60,ALTA GRACIA,30.4,AMERICANA,E.E,LLAVE EN MANO,PIEDRA NATURAL,NO LE INTERESA,57.0,12563000.0
2024-03-03,Luis Perez,PLAN 36-60,BUENOS AIRES,64.0,AMERICANA,E.E,OBRA GRIS,PIEDRA NATURAL,NO LE INTERESA,730.0,19758000.0
2024-05-18,Juan Perez,FINANCIACION PROPIA,BUENOS AIRES,62.4,CABAÑA,W.F,LLAVE EN MANO,LADRILLO,POTABLE,677.0,29632000.0
2025-05-13,Jorge Perez,FINANCIACION PROPIA,CÓRDOBA CAPITAL,56.0,AMERICANA,W.F,LLAVE EN MANO,PIEDRA NATURAL,NO LE INTERESA,6.0,26155000.0
2025-08-15,Pedro Rodriguez,CONTADO,LA PLATA,61.6,AMERICANA,W.F,OBRA GRIS,MADERA,NO LE INTERESA,736.0,20071000.0
2025-01-26,Pedro Lopez,CONTADO,ALTA GRACIA,46.5,CABAÑA,W.F,OBRA GRIS,LADRILLO,POTABLE,58.0,14875000.0
2025-11-05,Maria Romero,FINANCIACION PROPIA,SANTIAGO DEL ESTERO,22.7,MINIMALISTA,E.E,OBRA GRIS,MADERA,NO LE INTERESA,467.0,6713000.0
2025-02-22,Pedro Perez,FINANCIACION PROPIA,BUENOS AIRES,40.7,AMERICANA,E.E,LLAVE EN MANO,PIEDRA NATURAL,NO LE INTERESA,752.0,16531000.0
2024-10-15,Maria Sanchez,PLAN 36-60,MENDIOLAZA,58.1,MINIMALISTA,E.E,LLAVE EN MANO,PIEDRA NATURAL,VENDIDO,31.0,23120000.0
2025-01-13,Ana Garcia,NO SABE,MENDIOLAZA,58.3,AMERICANA,S.F,LLAVE EN MANO,MADERA,POTABLE,43.0,29735000.0
2026-02-11,Elena Garcia,FINANCIACION PROPIA,BUENOS AIRES,55.8,MINIMALISTA,W.F,OBRA GRIS,PIEDRA NATURAL,NO LE INTERESA,706.0,19279000.0
2025-05-04,Diego Sanchez,CONTADO,SANTIAGO DEL ESTERO,66.0,MINIMALISTA,E.E,OBRA GRIS,PIEDRA NATURAL,NO LE INTERESA,420.0,19424000.0
2024-08-18,Lucia Lopez,FINANCIACION PROPIA,CARLOS PAZ,43.4,CABAÑA,W.F,LLAVE EN MANO,MADERA,POTABLE,34.0,18839000.0
2024-02-10,Luis Rodriguez,,MENDIOLAZA,55.5,CABAÑA,W.F,OBRA GRIS,PIEDRA NATURAL,NO LE INTERESA,45.0,18234000.0
2024-01-28,Elena Romero,,ALTA GRACIA,66.4,AMERICANA,E.E,OBRA GRIS,LADRILLO,POTABLE,43.0,18571000.0
2024-05-14,Diego Gonzalez,CONTADO,BUENOS AIRES,53.3,AMERICANA,W.F,OBRA GRIS,MADERA,POTABLE,676.0,18452000.0
2024-07-19,Lucia Garcia,FINANCIACION PROPIA,BUENOS AIRES,30.1,CABAÑA,W.F,OBRA GRIS,MADERA,POTABLE,661.0,10498000.0
2026-02-18,Diego Rodriguez,NO SABE,BUENOS AIRES,35.8,AMERICANA,W.F,OBRA GRIS,MADERA,POTABLE,689.0,12663000.0
2024-02-02,Elena Gonzalez,CONTADO,SANTIAGO DEL ESTERO,71.6,AMERICANA,W.F,LLAVE EN MANO,MADERA,NO LE INTERESA,489.0,32760000.0
2024-02-17,Lucia Martinez,CONTADO,CARLOS PAZ,82.8,CABAÑA,W.F,LLAVE EN MANO,LADRILLO,POTABLE,43.0,37610000.0
2025-05-17,Jorge Perez,PLAN 36-60,LA PLATA,78.5,MINIMALISTA,E.E,OBRA GRIS,MADERA,NO LE INTERESA,773.0,22323000.0
2025-02-10,Elena Rodriguez,FINANCIACION PROPIA,BUENOS AIRES,59.6,AMERICANA,E.E,OBRA GRIS,MADERA,POTABLE,752.0,17630000.0
2025-07-27,Maria Martinez,FINANCIACION PROPIA,LA PLATA,30.9,CABAÑA,W.F,LLAVE EN MANO,PIEDRA NATURAL,NO LE INTERESA,761.0,14882000.0
2025-12-28,Jorge Sanchez,PLAN 36-60,ALTA GRACIA,54.9,AMERICANA,W.F,LLAVE EN MANO,MADERA,NO LE INTERESA,56.0,25420000.0
2024-04-08,Maria Romero,PLAN 36-60,ALTA GRACIA,86.2,AMERICANA,W.F,LLAVE EN MANO,PIEDRA NATURAL,POTABLE,43.0,39727000.0
2025-11-14,Diego Garcia,CONTADO,ALTA GRACIA,67.4,CABAÑA,S.F,LLAVE EN MANO,,NO LE INTERESA,59.0,34468000.0
2025-12-26,Lucia Lopez,PLAN 36-60,MENDIOLAZA,50.9,CABAÑA,W.F,LLAVE EN MANO,MADERA,NO LE INTERESA,22.0,23282000.0
2025-06-30,Juan Rodriguez,CONTADO,ALTA GRACIA,67.6,AMERICANA,S.F,OBRA GRIS,LADRILLO,NO LE INTERESA,53.0,23299000.0
2026-01-08,Maria Romero,FINANCIACION PROPIA,BUENOS AIRES,29.6,AMERICANA,S.F,LLAVE EN MANO,PIEDRA NATURAL,POTABLE,726.0,16035000.0
2025-09-04,Ana Perez,CONTADO,SANTIAGO DEL ESTERO,41.1,MINIMALISTA,S.F,LLAVE EN MANO,LADRILLO,NO LE INTERESA,419.0,20761000.0
2025-04-06,Ana Garcia,PLAN 36-60,SANTIAGO DEL ESTERO,33.3,MINIMALISTA,E.E,LLAVE EN MANO,PIEDRA NATURAL,POTABLE,439.0,13292000.0
2025-10-04,Ana Perez,CONTADO,CARLOS PAZ,64.4,CABAÑA,S.F,LLAVE EN MANO,MADERA,POTABLE,38.0,32395000.0
2026-02-07,Carla Rodriguez,PLAN 36-60,SANTIAGO DEL ESTERO,69.3,AMERICANA,W.F,OBRA GRIS,LADRILLO,NO LE INTERESA,409.0,22086000.0
2024-01-05,Elena Garcia,CONTADO,MENDIOLAZA,51.9,CABAÑA,W.F,OBRA GRIS,PIEDRA NATURAL,POTABLE,35.0,16225000.0
2024-08-05,Lucia Martinez,CONTADO,LA PLATA,37.5,CABAÑA,E.E,LLAVE EN MANO,PIEDRA NATURAL,NO LE INTERESA,809.0,16325000.0
2025-05-17,Pedro Sanchez,CONTADO,CARLOS PAZ,54.6,AMERICANA,E.E,LLAVE EN MANO,LADRILLO,NO LE INTERESA,44.0,22049000.0
2026-02-05,Carla Lopez,FINANCIACION PROPIA,SANTIAGO DEL ESTERO,45.3,MINIMALISTA,W.F,OBRA GRIS,PIEDRA NATURAL,NO LE INTERESA,455.0,15713000.0
2025-02-01,Maria Sanchez,CONTADO,ALTA GRACIA,,CABAÑA,E.E,LLAVE EN MANO,MADERA,POTABLE,36.0,15063000.0
2025-01-27,Luis Romero,FINANCIACION PROPIA,SANTIAGO DEL ESTERO,61.8,CABAÑA,E.E,LLAVE EN MANO,PIEDRA NATURAL,VENDIDO,414.0,25757000.0
2024-07-25,Juan Garcia,PLAN 36-60,CÓRDOBA CAPITAL,39.8,AMERICANA,S.F,OBRA GRIS,MADERA,NO LE INTERESA,18.0,14268000.0
2024-01-15,Diego Lopez,PLAN 36-60,CARLOS PAZ,23.7,MINIMALISTA,S.F,OBRA GRIS,PIEDRA NATURAL,POTABLE,55.0,8657000.0
2025-07-07,Ana Gonzalez,PLAN 36-60,BUENOS AIRES,28.1,MINIMALISTA,E.E,LLAVE EN MANO,LADRILLO,POTABLE,748.0,12390000.0
2025-04-05,Carla Lopez,NO SABE,BUENOS AIRES,22.9,AMERICANA,W.F,LLAVE EN MANO,MADERA,NO LE INTERESA,694.0,11455000.0
2025-11-21,Diego Gonzalez,CONTADO,MENDIOLAZA,60.0,CABAÑA,S.F,OBRA GRIS,PIEDRA NATURAL,NO LE INTERESA,34.0,20229000.0
2025-07-28,Carla Garcia,CONTADO,SANTIAGO DEL ESTERO,58.0,AMERICANA,W.F,OBRA GRIS,MADERA,NO LE INTERESA,455.0,19767000.0
2026-01-12,Luis Martinez,NO SABE,SANTIAGO DEL ESTERO,57.0,AMERICANA,E.E,OBRA GRIS,LADRILLO,NO LE INTERESA,469.0,16981000.0
2024-08-28,Pedro Rodriguez,CONTADO,MENDIOLAZA,66.8,MINIMALISTA,W.F,LLAVE EN MANO,PIEDRA NATURAL,POTABLE,37.0,29603000.0
2025-07-17,Juan Lopez,FINANCIACION PROPIA,LA PLATA,78.8,CABAÑA,W.F,LLAVE EN MANO,PIEDRA NATURAL,POTABLE,789.0,37572000.0
2024-04-05,Pedro Sanchez,CONTADO,ALTA GRACIA,43.2,CABAÑA,W.F,LLAVE EN MANO,MADERA,POTABLE,36.0,19627000.0
2026-01-03,Diego Gonzalez,PLAN 36-60,ALTA GRACIA,63.1,MINIMALISTA,W.F,OBRA GRIS,LADRILLO,NO LE INTERESA,59.0,20528000.0
2025-04-29,Juan Lopez,CONTADO,LA PLATA,23.4,CABAÑA,E.E,LLAVE EN MANO,LADRILLO,POTABLE,717.0,10113000.0
2025-02-10,Lucia Romero,NO SABE,LA PLATA,82.6,CABAÑA,E.E,OBRA GRIS,PIEDRA NATURAL,POTABLE,758.0,23335000.0
2024-08-18,Jorge Sanchez,PLAN 36-60,CÓRDOBA CAPITAL,30.1,AMERICANA,S.F,LLAVE EN MANO,MADERA,POTABLE,28.0,14372000.0
2026-01-18,Diego Martinez,CONTADO,MENDIOLAZA,40.8,AMERICANA,S.F,OBRA GRIS,PIEDRA NATURAL,NO LE INTERESA,32.0,14713000.0
2025-10-16,Lucia Perez,CONTADO,CARLOS PAZ,43.0,AMERICANA,S.F,LLAVE EN MANO,PIEDRA NATURAL,NO LE INTERESA,32.0,20635000.0
2024-06-19,Pedro Sanchez,CONTADO,ALTA GRACIA,24.5,CABAÑA,S.F,OBRA GRIS,MADERA,POTABLE,41.0,8207000.0
2025-06-24,Juan Sanchez,FINANCIACION PROPIA,LA PLATA,55.7,CABAÑA,W.F,OBRA GRIS,LADRILLO,VENDIDO,768.0,20036000.0
2024-02-05,Juan Garcia,CONTADO,LA PLATA,59.3,CABAÑA,S.F,OBRA GRIS,PIEDRA NATURAL,POTABLE,719.0,21202000.0
2025-06-08,Jorge Gonzalez,CONTADO,MENDIOLAZA,51.2,CABAÑA,S.F,OBRA GRIS,PIEDRA NATURAL,POTABLE,31.0,18246000.0
2024-06-08,Elena Sanchez,PLAN 36-60,BUENOS AIRES,24.2,MINIMALISTA,W.F,LLAVE EN MANO,MADERA,POTABLE,693.0,12459000.0
2025-11-29,Ana Perez,PLAN 36-60,CARLOS PAZ,94.7,MINIMALISTA,E.E,OBRA GRIS,MADERA,POTABLE,50.0,26856000.0
2024-08-30,Juan Sanchez,CONTADO,LA PLATA,66.0,CABAÑA,S.F,LLAVE EN MANO,PIEDRA NATURAL,POTABLE,721.0,34421000.0
2024-03-26,Carla Martinez,CONTADO,BUENOS AIRES,107.7,AMERICANA,E.E,LLAVE EN MANO,LADRILLO,NO LE INTERESA,728.0,45374000.0
2025-07-31,Diego Lopez,FINANCIACION PROPIA,CÓRDOBA CAPITAL,,AMERICANA,S.F,OBRA GRIS,MADERA,NO LE INTERESA,15.0,14129000.0
2025-11-12,Juan Martinez,NO SABE,CARLOS PAZ,74.2,MINIMALISTA,E.E,OBRA GRIS,PIEDRA NATURAL,NO LE INTERESA,45.0,20964000.0
2025-07-10,Pedro Garcia,CONTADO,BUENOS AIRES,70.6,MINIMALISTA,S.F,LLAVE EN MANO,LADRILLO,NO LE INTERESA,681.0,35130000.0
2025-07-27,Maria Lopez,,CÓRDOBA CAPITAL,49.2,CABAÑA,E.E,LLAVE EN MANO,MADERA,NO LE INTERESA,20.0,19283000.0
2025-10-07,Luis Sanchez,CONTADO,SANTIAGO DEL ESTERO,83.2,CABAÑA,E.E,LLAVE EN MANO,MADERA,POTABLE,467.0,34454000.0
2024-01-28,Lucia Garcia,CONTADO,ALTA GRACIA,46.9,CABAÑA,S.F,LLAVE EN MANO,PIEDRA NATURAL,NO LE INTERESA,37.0,23851000.0
2025-09-11,Ana Perez,PLAN 36-60,LA PLATA,,CABAÑA,E.E,LLAVE EN MANO,MADERA,NO LE INTERESA,792.0,20615000.0
2025-07-09,Ana Gonzalez,CONTADO,BUENOS AIRES,20.0,CABAÑA,S.F,LLAVE EN MANO,PIEDRA NATURAL,VENDIDO,746.0,11025000.0
2024-12-05,Diego Gonzalez,PLAN 36-60,CARLOS PAZ,63.2,AMERICANA,S.F,LLAVE EN MANO,MADERA,POTABLE,32.0,30945000.0
2024-11-26,Lucia Sanchez,FINANCIACION PROPIA,CÓRDOBA CAPITAL,28.5,AMERICANA,W.F,OBRA GRIS,LADRILLO,POTABLE,20.0,9033000.0
2025-10-01,Carla Garcia,NO SABE,ALTA GRACIA,44.0,CABAÑA,S.F,LLAVE EN MANO,LADRILLO,NO LE INTERESA,50.0,20561000.0
2025-05-20,Diego Lopez,CONTADO,ALTA GRACIA,34.5,AMERICANA,S.F,LLAVE EN MANO,,NO LE INTERESA,35.0,17406000.0
2024-12-13,Carla Sanchez,CONTADO,LA PLATA,,CABAÑA,S.F,OBRA GRIS,PIEDRA NATURAL,POTABLE,744.0,17414000.0
2025-04-17,Lucia Sanchez,NO SABE,BUENOS AIRES,63.9,CABAÑA,S.F,LLAVE EN MANO,MADERA,NO LE INTERESA,757.0,31894000.0
2024-08-18,Elena Perez,CONTADO,ALTA GRACIA,55.2,MINIMALISTA,W.F,LLAVE EN MANO,PIEDRA NATURAL,POTABLE,49.0,25815000.0
2024-07-08,Jorge Garcia,PLAN 36-60,LA PLATA,69.2,AMERICANA,W.F,OBRA GRIS,MADERA,VENDIDO,803.0,22435000.0
2024-08-12,Juan Garcia,CONTADO,BUENOS AIRES,80.3,AMERICANA,W.F,LLAVE EN MANO,LADRILLO,POTABLE,728.0,38886000.0
2025-01-19,Juan Romero,,BUENOS AIRES,47.6,MINIMALISTA,W.F,LLAVE EN MANO,PIEDRA NATURAL,POTABLE,663.0,21333000.0
2025-01-11,Elena Sanchez,CONTADO,SANTIAGO DEL ESTERO,45.4,AMERICANA,E.E,OBRA GRIS,LADRILLO,POTABLE,408.0,13909000.0
2024-10-09,Pedro Gonzalez,FINANCIACION PROPIA,LA PLATA,74.2,MINIMALISTA,S.F,OBRA GRIS,LADRILLO,NO LE INTERESA,782.0,27020000.0
2025-09-24,Maria Martinez,FINANCIACION PROPIA,MENDIOLAZA,75.7,AMERICANA,W.F,LLAVE EN MANO,LADRILLO,POTABLE,34.0,32817000.0
2025-09-19,Pedro Sanchez,CONTADO,CÓRDOBA CAPITAL,69.8,CABAÑA,S.F,OBRA GRIS,MADERA,NO LE INTERESA,8.0,24868000.0
2026-01-14,Elena Sanchez,,MENDIOLAZA,36.0,MINIMALISTA,W.F,OBRA GRIS,PIEDRA NATURAL,NO LE INTERESA,35.0,12105000.0
2024-09-15,Lucia Perez,CONTADO,BUENOS AIRES,63.5,CABAÑA,S.F,LLAVE EN MANO,LADRILLO,POTABLE,741.0,32027000.0
2024-12-24,Pedro Perez,CONTADO,BUENOS AIRES,57.2,CABAÑA,E.E,OBRA GRIS,PIEDRA NATURAL,NO LE INTERESA,735.0,17446000.0
2025-12-10,Maria Sanchez,FINANCIACION PROPIA,ALTA GRACIA,76.1,AMERICANA,W.F,OBRA GRIS,PIEDRA NATURAL,POTABLE,41.0,25743000.0
2025-03-31,Diego Perez,PLAN 36-60,ALTA GRACIA,43.5,MINIMALISTA,E.E,LLAVE EN MANO,LADRILLO,POTABLE,41.0,16670000.0
2025-02-14,Elena Perez,CONTADO,ALTA GRACIA,21.7,CABAÑA,E.E,LLAVE EN MANO,MADERA,POTABLE,59.0,8870000.0
2025-10-10,Diego Martinez,CONTADO,BUENOS AIRES,68.8,CABAÑA,S.F,OBRA GRIS,LADRILLO,POTABLE,749.0,24687000.0
2024-11-13,Lucia Martinez,NO SABE,LA PLATA,20.0,MINIMALISTA,W.F,OBRA GRIS,LADRILLO,NO LE INTERESA,742.0,7497000.0
2025-11-07,Diego Martinez,FINANCIACION PROPIA,CARLOS PAZ,40.4,AMERICANA,E.E,LLAVE EN MANO,PIEDRA NATURAL,POTABLE,51.0,15566000.0
2024-08-12,Luis Sanchez,FINANCIACION PROPIA,LA PLATA,34.5,CABAÑA,S.F,LLAVE EN MANO,MADERA,NO LE INTERESA,726.0,17897000.0
2024-08-21,Elena Lopez,CONTADO,CÓRDOBA CAPITAL,34.4,AMERICANA,S.F,OBRA GRIS,PIEDRA NATURAL,NO LE INTERESA,10.0,11458000.0
2025-11-14,Elena Gonzalez,FINANCIACION PROPIA,LA PLATA,40.0,MINIMALISTA,S.F,LLAVE EN MANO,MADERA,NO LE INTERESA,728.0,20285000.0
2025-10-25,Pedro Gonzalez,CONTADO,ALTA GRACIA,79.3,AMERICANA,E.E,LLAVE EN MANO,LADRILLO,VENDIDO,37.0,30971000.0
2025-01-08,Pedro Lopez,NO SABE,SANTIAGO DEL ESTERO,71.4,MINIMALISTA,S.F,OBRA GRIS,MADERA,VENDIDO,485.0,26058000.0
2025-11-02,Elena Lopez,CONTADO,CÓRDOBA CAPITAL,50.0,AMERICANA,S.F,OBRA GRIS,PIEDRA NATURAL,NO LE INTERESA,19.0,17769000.0
2025-08-30,Diego Gonzalez,CONTADO,MENDIOLAZA,77.7,AMERICANA,S.F,LLAVE EN MANO,LADRILLO,NO LE INTERESA,26.0,38431000.0
2025-04-16,Juan Garcia,PLAN 36-60,SANTIAGO DEL ESTERO,33.8,CABAÑA,E.E,LLAVE EN MANO,MADERA,POTABLE,485.0,13688000.0
2024-08-20,Jorge Gonzalez,FINANCIACION PROPIA,CÓRDOBA CAPITAL,31.0,AMERICANA,S.F,OBRA GRIS,MADERA,NO LE INTERESA,25.0,11375000.0
2025-11-22,Jorge Rodriguez,FINANCIACION PROPIA,CÓRDOBA CAPITAL,72.3,CABAÑA,E.E,LLAVE EN MANO,PIEDRA NATURAL,NO LE INTERESA,8.0,28047000.0
2024-04-22,Carla Sanchez,CONTADO,BUENOS AIRES,,MINIMALISTA,S.F,OBRA GRIS,MADERA,VENDIDO,724.0,23705000.0
2025-05-11,Luis Gonzalez,PLAN 36-60,ALTA GRACIA,45.8,MINIMALISTA,E.E,LLAVE EN MANO,LADRILLO,POTABLE,53.0,18131000.0
2025-03-17,Pedro Lopez,FINANCIACION PROPIA,BUENOS AIRES,32.3,CABAÑA,E.E,LLAVE EN MANO,MADERA,POTABLE,732.0,14102000.0
2025-07-17,Lucia Romero,CONTADO,MENDIOLAZA,84.2,AMERICANA,W.F,LLAVE EN MANO,PIEDRA NATURAL,POTABLE,38.0,36160000.0
2024-09-24,Ana Romero,FINANCIACION PROPIA,LA PLATA,20.6,MINIMALISTA,W.F,OBRA GRIS,MADERA,NO LE INTERESA,727.0,7551000.0
2025-05-24,Elena Gonzalez,NO SABE,BUENOS AIRES,43.0,MINIMALISTA,W.F,OBRA GRIS,LADRILLO,POTABLE,692.0,15368000.0
2025-01-20,Pedro Gonzalez,CONTADO,MENDIOLAZA,59.6,MINIMALISTA,E.E,LLAVE EN MANO,LADRILLO,NO LE INTERESA,41.0,23441000.0
2025-01-21,Carla Romero,CONTADO,ALTA GRACIA,91.0,CABAÑA,S.F,LLAVE EN MANO,MADERA,NO LE INTERESA,57.0,44267000.0
2024-04-22,Jorge Perez,CONTADO,ALTA GRACIA,62.7,MINIMALISTA,S.F,OBRA GRIS,MADERA,POTABLE,42.0,22956000.0
2025-09-04,Carla Gonzalez,CONTADO,BUENOS AIRES,64.6,MINIMALISTA,E.E,OBRA GRIS,LADRILLO,NO LE INTERESA,662.0,18298000.0
2025-09-16,Maria Rodriguez,PLAN 36-60,ALTA GRACIA,43.6,MINIMALISTA,S.F,LLAVE EN MANO,PIEDRA NATURAL,NO LE INTERESA,56.0,21696000.0
2024-03-21,Jorge Rodriguez,FINANCIACION PROPIA,SANTIAGO DEL ESTERO,66.4,MINIMALISTA,E.E,OBRA GRIS,LADRILLO,POTABLE,438.0,18945000.0
2025-11-29,Maria Lopez,PLAN 36-60,MENDIOLAZA,57.1,CABAÑA,S.F,OBRA GRIS,MADERA,NO LE INTERESA,28.0,19167000.0
2024-04-22,Pedro Martinez,CONTADO,MENDIOLAZA,23.2,CABAÑA,E.E,LLAVE EN MANO,MADERA,VENDIDO,29.0,8876000.0
2024-01-02,Diego Garcia,PLAN 36-60,CÓRDOBA CAPITAL,70.9,AMERICANA,W.F,LLAVE EN MANO,PIEDRA NATURAL,VENDIDO,15.0,32393000.0
2025-10-03,Maria Martinez,PLAN 36-60,CARLOS PAZ,74.4,MINIMALISTA,W.F,OBRA GRIS,LADRILLO,NO LE INTERESA,39.0,22882000.0
2024-08-07,Jorge Perez,NO SABE,LA PLATA,71.1,CABAÑA,S.F,OBRA GRIS,LADRILLO,NO LE INTERESA,767.0,26276000.0
2025-07-19,Maria Rodriguez,CONTADO,ALTA GRACIA,55.7,AMERICANA,S.F,LLAVE EN MANO,PIEDRA NATURAL,POTABLE,37.0,28598000.0
2026-01-05,Juan Rodriguez,PLAN 36-60,MENDIOLAZA,35.9,AMERICANA,S.F,OBRA GRIS,LADRILLO,VENDIDO,44.0,13004000.0
2024-08-12,Lucia Garcia,NO SABE,MENDIOLAZA,20.0,MINIMALISTA,S.F,LLAVE EN MANO,PIEDRA NATURAL,POTABLE,43.0,9712000.0
2025-01-19,Diego Romero,PLAN 36-60,CÓRDOBA CAPITAL,58.1,AMERICANA,W.F,LLAVE EN MANO,LADRILLO,NO LE INTERESA,28.0,25284000.0
2025-02-06,Ana Romero,CONTADO,LA PLATA,,CABAÑA,W.F,OBRA GRIS,PIEDRA NATURAL,POTABLE,798.0,25772000.0
2025-09-29,Ana Gonzalez,CONTADO,CARLOS PAZ,74.9,AMERICANA,E.E,LLAVE EN MANO,PIEDRA NATURAL,POTABLE,47.0,29116000.0
2024-05-09,Maria Romero,FINANCIACION PROPIA,CARLOS PAZ,71.3,AMERICANA,S.F,LLAVE EN MANO,PIEDRA NATURAL,POTABLE,36.0,36642000.0
2024-02-22,Maria Garcia,CONTADO,ALTA GRACIA,53.5,CABAÑA,W.F,LLAVE EN MANO,MADERA,NO LE INTERESA,36.0,25356000.0
2025-11-14,Ana Garcia,NO SABE,CARLOS PAZ,76.7,AMERICANA,E.E,LLAVE EN MANO,MADERA,NO LE INTERESA,32.0,29845000.0
2025-12-30,Ana Lopez,FINANCIACION PROPIA,CARLOS PAZ,73.5,AMERICANA,E.E,LLAVE EN MANO,MADERA,NO LE INTERESA,38.0,27855000.0
2025-11-02,Carla Romero,CONTADO,BUENOS AIRES,46.5,AMERICANA,E.E,OBRA GRIS,LADRILLO,POTABLE,710.0,14663000.0
2025-12-10,Diego Romero,PLAN 36-60,LA PLATA,68.5,AMERICANA,W.F,LLAVE EN MANO,PIEDRA NATURAL,NO LE INTERESA,809.0,33035000.0
2025-02-19,Maria Perez,CONTADO,LA PLATA,44.3,MINIMALISTA,E.E,LLAVE EN MANO,LADRILLO,POTABLE,754.0,18517000.0
2024-09-03,Carla Rodriguez,CONTADO,BUENOS AIRES,65.8,MINIMALISTA,S.F,LLAVE EN MANO,LADRILLO,POTABLE,712.0,32861000.0
2025-03-14,Luis Rodriguez,FINANCIACION PROPIA,ALTA GRACIA,29.0,CABAÑA,E.E,OBRA GRIS,PIEDRA NATURAL,NO LE INTERESA,52.0,8156000.0
2024-07-21,Elena Sanchez,PLAN 36-60,MENDIOLAZA,30.6,AMERICANA,E.E,LLAVE EN MANO,MADERA,VENDIDO,25.0,12516000.0
2024-07-02,Pedro Romero,CONTADO,CÓRDOBA CAPITAL,76.2,CABAÑA,W.F,LLAVE EN MANO,LADRILLO,POTABLE,28.0,33308000.0
2024-05-02,Ana Rodriguez,FINANCIACION PROPIA,ALTA GRACIA,73.8,MINIMALISTA,E.E,LLAVE EN MANO,LADRILLO,NO LE INTERESA,48.0,29891000.0
2025-02-04,Jorge Martinez,CONTADO,SANTIAGO DEL ESTERO,67.7,AMERICANA,W.F,LLAVE EN MANO,LADRILLO,NO LE INTERESA,428.0,29660000.0
2026-02-05,Pedro Perez,PLAN 36-60,CARLOS PAZ,56.8,AMERICANA,W.F,OBRA GRIS,MADERA,NO LE INTERESA,53.0,19142000.0
2024-10-20,Maria Gonzalez,PLAN 36-60,BUENOS AIRES,20.0,MINIMALISTA,S.F,OBRA GRIS,PIEDRA NATURAL,POTABLE,723.0,8085000.0
2024-10-06,Ana Gonzalez,CONTADO,CÓRDOBA CAPITAL,53.5,AMERICANA,E.E,LLAVE EN MANO,PIEDRA NATURAL,NO LE INTERESA,17.0,20424000.0
2025-09-01,Lucia Sanchez,,MENDIOLAZA,64.1,AMERICANA,S.F,OBRA GRIS,LADRILLO,POTABLE,35.0,21370000.0
2024-07-16,Carla Lopez,PLAN 36-60,MENDIOLAZA,44.3,MINIMALISTA,S.F,OBRA GRIS,PIEDRA NATURAL,POTABLE,39.0,15656000.0
2025-05-25,Maria Lopez,PLAN 36-60,LA PLATA,40.8,CABAÑA,E.E,OBRA GRIS,MADERA,POTABLE,725.0,12192000.0
2026-01-21,Elena Garcia,PLAN 36-60,SANTIAGO DEL ESTERO,83.9,CABAÑA,E.E,LLAVE EN MANO,PIEDRA NATURAL,VENDIDO,486.0,34059000.0
2024-05-23,Jorge Sanchez,CONTADO,MENDIOLAZA,53.8,AMERICANA,W.F,LLAVE EN MANO,LADRILLO,POTABLE,44.0,23787000.0
2025-08-31,Luis Perez,,SANTIAGO DEL ESTERO,64.1,MINIMALISTA,E.E,LLAVE EN MANO,LADRILLO,VENDIDO,457.0,24749000.0
2024-07-19,Pedro Rodriguez,PLAN 36-60,CARLOS PAZ,70.5,CABAÑA,W.F,LLAVE EN MANO,PIEDRA NATURAL,POTABLE,47.0,31868000.0
2024-05-03,Lucia Sanchez,NO SABE,LA PLATA,35.0,CABAÑA,S.F,LLAVE EN MANO,LADRILLO,VENDIDO,796.0,18462000.0
2024-07-05,Carla Rodriguez,FINANCIACION PROPIA,CÓRDOBA CAPITAL,58.9,AMERICANA,S.F,LLAVE EN MANO,MADERA,NO LE INTERESA,14.0,28745000.0
2024-11-21,Diego Garcia,CONTADO,LA PLATA,81.4,CABAÑA,W.F,OBRA GRIS,MADERA,POTABLE,809.0,27309000.0
2025-04-08,Juan Romero,PLAN 36-60,CARLOS PAZ,91.4,MINIMALISTA,E.E,OBRA GRIS,MADERA,NO LE INTERESA,47.0,25893000.0
2024-12-14,Elena Rodriguez,CONTADO,BUENOS AIRES,55.8,CABAÑA,E.E,OBRA GRIS,MADERA,POTABLE,702.0,16721000.0
2026-02-09,Elena Sanchez,,MENDIOLAZA,50.2,MINIMALISTA,W.F,OBRA GRIS,LADRILLO,POTABLE,37.0,15624000.0
2025-10-21,Pedro Martinez,PLAN 36-60,SANTIAGO DEL ESTERO,60.4,MINIMALISTA,S.F,OBRA GRIS,LADRILLO,NO LE INTERESA,452.0,21157000.0
2026-02-02,Juan Perez,PLAN 36-60,BUENOS AIRES,59.9,AMERICANA,W.F,LLAVE EN MANO,PIEDRA NATURAL,NO LE INTERESA,671.0,27006000.0
2025-02-06,Luis Sanchez,CONTADO,CARLOS PAZ,82.7,CABAÑA,E.E,LLAVE EN MANO,LADRILLO,NO LE INTERESA,50.0,33121000.0
2024-12-11,Pedro Garcia,PLAN 36-60,MENDIOLAZA,35.1,AMERICANA,E.E,OBRA GRIS,,NO LE INTERESA,34.0,9907000.0
2025-05-25,Lucia Martinez,FINANCIACION PROPIA,ALTA GRACIA,49.4,CABAÑA,W.F,LLAVE EN MANO,LADRILLO,POTABLE,55.0,22195000.0
2024-05-26,Carla Garcia,CONTADO,SANTIAGO DEL ESTERO,32.7,AMERICANA,E.E,LLAVE EN MANO,PIEDRA NATURAL,VENDIDO,415.0,13842000.0
2024-05-27,Pedro Garcia,,CARLOS PAZ,34.8,AMERICANA,S.F,LLAVE EN MANO,PIEDRA NATURAL,VENDIDO,43.0,16818000.0
2025-12-11,Jorge Romero,CONTADO,CÓRDOBA CAPITAL,62.5,AMERICANA,W.F,LLAVE EN MANO,MADERA,POTABLE,24.0,28403000.0
2025-05-03,Juan Lopez,PLAN 36-60,CÓRDOBA CAPITAL,71.2,CABAÑA,S.F,LLAVE EN MANO,PIEDRA NATURAL,POTABLE,30.0,33446000.0
2025-10-01,Carla Romero,FINANCIACION PROPIA,MENDIOLAZA,42.0,AMERICANA,S.F,OBRA GRIS,PIEDRA NATURAL,NO LE INTERESA,42.0,15124000.0
2025-07-04,Ana Gonzalez,PLAN 36-60,MENDIOLAZA,70.4,MINIMALISTA,W.F,OBRA GRIS,PIEDRA NATURAL,NO LE INTERESA,42.0,23176000.0
2024-12-03,Jorge Perez,NO SABE,CÓRDOBA CAPITAL,77.2,CABAÑA,W.F,OBRA GRIS,PIEDRA NATURAL,POTABLE,11.0,25627000.0
2025-10-02,Diego Sanchez,CONTADO,ALTA GRACIA,93.7,MINIMALISTA,E.E,LLAVE EN MANO,PIEDRA NATURAL,POTABLE,56.0,38230000.0
2026-02-17,Ana Martinez,PLAN 36-60,LA PLATA,56.4,AMERICANA,E.E,LLAVE EN MANO,MADERA,NO LE INTERESA,727.0,23798000.0
2025-04-17,Ana Perez,PLAN 36-60,CÓRDOBA CAPITAL,42.2,AMERICANA,W.F,LLAVE EN MANO,PIEDRA NATURAL,NO LE INTERESA,10.0,19695000.0
2024-05-30,Luis Gonzalez,,MENDIOLAZA,35.0,MINIMALISTA,W.F,LLAVE EN MANO,PIEDRA NATURAL,POTABLE,23.0,15568000.0
2025-02-18,Lucia Garcia,FINANCIACION PROPIA,MENDIOLAZA,33.0,AMERICANA,E.E,OBRA GRIS,PIEDRA NATURAL,NO LE INTERESA,41.0,9156000.0
2024-10-24,Maria Lopez,,ALTA GRACIA,80.0,CABAÑA,E.E,LLAVE EN MANO,LADRILLO,NO LE INTERESA,38.0,32813000.0
2025-09-02,Diego Garcia,FINANCIACION PROPIA,CÓRDOBA CAPITAL,24.7,MINIMALISTA,E.E,OBRA GRIS,LADRILLO,POTABLE,8.0,7215000.0
2024-09-19,Juan Martinez,CONTADO,ALTA GRACIA,79.4,CABAÑA,W.F,OBRA GRIS,MADERA,NO LE INTERESA,41.0,25753000.0
2026-02-02,Elena Sanchez,CONTADO,CÓRDOBA CAPITAL,37.6,CABAÑA,W.F,OBRA GRIS,PIEDRA NATURAL,POTABLE,19.0,11974000.0
2024-05-23,Maria Lopez,PLAN 36-60,LA PLATA,41.3,CABAÑA,E.E,OBRA GRIS,PIEDRA NATURAL,NO LE INTERESA,798.0,13228000.0
2024-12-11,Maria Garcia,PLAN 36-60,CARLOS PAZ,52.0,AMERICANA,S.F,LLAVE EN MANO,LADRILLO,POTABLE,40.0,25089000.0
2025-09-15,Elena Rodriguez,,CÓRDOBA CAPITAL,40.9,AMERICANA,S.F,LLAVE EN MANO,PIEDRA NATURAL,POTABLE,19.0,19374000.0
2025-07-25,Diego Garcia,CONTADO,CARLOS PAZ,73.6,MINIMALISTA,E.E,OBRA GRIS,MADERA,POTABLE,34.0,20947000.0
2024-01-02,Carla Rodriguez,CONTADO,CÓRDOBA CAPITAL,91.3,MINIMALISTA,W.F,LLAVE EN MANO,PIEDRA NATURAL,POTABLE,12.0,39293000.0
2024-10-30,Maria Martinez,PLAN 36-60,LA PLATA,41.9,CABAÑA,W.F,LLAVE EN MANO,MADERA,NO LE INTERESA,723.0,19732000.0
2024-09-10,Elena Sanchez,FINANCIACION PROPIA,BUENOS AIRES,46.4,AMERICANA,S.F,LLAVE EN MANO,LADRILLO,NO LE INTERESA,701.0,24519000.0
2025-10-13,Elena Gonzalez,NO SABE,MENDIOLAZA,51.7,AMERICANA,E.E,OBRA GRIS,MADERA,POTABLE,35.0,14231000.0
2025-03-28,Jorge Sanchez,CONTADO,CARLOS PAZ,65.8,AMERICANA,S.F,OBRA GRIS,MADERA,POTABLE,37.0,24081000.0
2024-02-06,Juan Martinez,CONTADO,ALTA GRACIA,51.9,MINIMALISTA,S.F,OBRA GRIS,MADERA,NO LE INTERESA,56.0,19081000.0
2024-06-08,Jorge Rodriguez,PLAN 36-60,CÓRDOBA CAPITAL,82.7,AMERICANA,E.E,OBRA GRIS,MADERA,POTABLE,30.0,23934000.0
2024-01-09,Ana Garcia,CONTADO,MENDIOLAZA,77.9,CABAÑA,S.F,OBRA GRIS,MADERA,POTABLE,23.0,28631000.0
2024-08-20,Ana Romero,NO SABE,CÓRDOBA CAPITAL,,CABAÑA,W.F,OBRA GRIS,MADERA,NO LE INTERESA,5.0,10117000.0
2024-04-08,Pedro Garcia,PLAN 36-60,ALTA GRACIA,65.4,CABAÑA,S.F,OBRA GRIS,MADERA,NO LE INTERESA,55.0,23131000.0
2025-10-20,Diego Sanchez,CONTADO,LA PLATA,85.4,AMERICANA,E.E,LLAVE EN MANO,MADERA,NO LE INTERESA,729.0,35732000.0
2024-07-26,Carla Rodriguez,CONTADO,SANTIAGO DEL ESTERO,45.1,CABAÑA,W.F,OBRA GRIS,MADERA,NO LE INTERESA,435.0,15164000.0
2024-05-10,Ana Perez,CONTADO,CÓRDOBA CAPITAL,49.1,CABAÑA,W.F,LLAVE EN MANO,LADRILLO,POTABLE,15.0,21950000.0
2025-02-07,Carla Gonzalez,FINANCIACION PROPIA,BUENOS AIRES,44.4,MINIMALISTA,S.F,OBRA GRIS,MADERA,NO LE INTERESA,752.0,16859000.0
2024-05-31,Ana Perez,CONTADO,ALTA GRACIA,44.9,MINIMALISTA,W.F,LLAVE EN MANO,MADERA,POTABLE,51.0,20638000.0
2024-02-23,Carla Rodriguez,CONTADO,SANTIAGO DEL ESTERO,21.6,AMERICANA,E.E,LLAVE EN MANO,PIEDRA NATURAL,POTABLE,404.0,9301000.0
2024-04-29,Lucia Gonzalez,NO SABE,CÓRDOBA CAPITAL,28.4,AMERICANA,S.F,LLAVE EN MANO,PIEDRA NATURAL,NO LE INTERESA,5.0,14158000.0
2025-11-03,Pedro Martinez,CONTADO,CARLOS PAZ,56.5,AMERICANA,W.F,LLAVE EN MANO,PIEDRA NATURAL,NO LE INTERESA,35.0,26150000.0
2025-09-19,Elena Gonzalez,FINANCIACION PROPIA,MENDIOLAZA,85.3,AMERICANA,E.E,OBRA GRIS,MADERA,POTABLE,28.0,24344000.0
2025-08-09,Juan Martinez,CONTADO,MENDIOLAZA,42.7,AMERICANA,S.F,OBRA GRIS,LADRILLO,POTABLE,32.0,14964000.0
2025-09-16,Elena Rodriguez,PLAN 36-60,ALTA GRACIA,42.1,MINIMALISTA,E.E,OBRA GRIS,LADRILLO,NO LE INTERESA,56.0,11439000.0
2025-02-23,Jorge Romero,CONTADO,CARLOS PAZ,89.0,MINIMALISTA,W.F,OBRA GRIS,PIEDRA NATURAL,NO LE INTERESA,38.0,29535000.0
2025-02-25,Ana Martinez,CONTADO,LA PLATA,32.8,MINIMALISTA,S.F,OBRA GRIS,PIEDRA NATURAL,NO LE INTERESA,748.0,12011000.0
2024-04-13,Diego Rodriguez,PLAN 36-60,SANTIAGO DEL ESTERO,21.8,CABAÑA,S.F,OBRA GRIS,MADERA,NO LE INTERESA,433.0,8687000.0
2024-09-10,Pedro Garcia,CONTADO,ALTA GRACIA,38.4,CABAÑA,W.F,OBRA GRIS,LADRILLO,NO LE INTERESA,35.0,12825000.0
2024-08-14,Elena Martinez,PLAN 36-60,BUENOS AIRES,41.7,MINIMALISTA,E.E,OBRA GRIS,LADRILLO,NO LE INTERESA,756.0,13029000.0
2024-04-21,Maria Rodriguez,CONTADO,CÓRDOBA CAPITAL,20.1,MINIMALISTA,W.F,OBRA GRIS,PIEDRA NATURAL,NO LE INTERESA,8.0,6787000.0
2025-05-24,Luis Rodriguez,PLAN 36-60,MENDIOLAZA,52.4,AMERICANA,S.F,OBRA GRIS,LADRILLO,POTABLE,27.0,18587000.0
2025-04-17,Elena Romero,NO SABE,CÓRDOBA CAPITAL,74.0,MINIMALISTA,S.F,OBRA GRIS,PIEDRA NATURAL,POTABLE,8.0,24763000.0
2024-04-08,Carla Lopez,CONTADO,SANTIAGO DEL ESTERO,29.3,AMERICANA,W.F,LLAVE EN MANO,PIEDRA NATURAL,NO LE INTERESA,449.0,13964000.0
2024-06-01,Elena Garcia,CONTADO,CARLOS PAZ,56.8,MINIMALISTA,E.E,LLAVE EN MANO,MADERA,POTABLE,53.0,21847000.0
2024-12-03,Carla Martinez,FINANCIACION PROPIA,CARLOS PAZ,62.9,AMERICANA,W.F,LLAVE EN MANO,PIEDRA NATURAL,POTABLE,33.0,28034000.0
2025-12-06,Pedro Rodriguez,PLAN 36-60,ALTA GRACIA,53.3,MINIMALISTA,E.E,LLAVE EN MANO,MADERA,NO LE INTERESA,46.0,20878000.0
2024-06-11,Diego Garcia,CONTADO,ALTA GRACIA,58.7,AMERICANA,E.E,LLAVE EN MANO,LADRILLO,POTABLE,36.0,23698000.0
2025-12-20,Pedro Romero,,CARLOS PAZ,58.9,CABAÑA,S.F,OBRA GRIS,LADRILLO,NO LE INTERESA,49.0,20695000.0
2025-11-11,Carla Garcia,CONTADO,ALTA GRACIA,38.7,CABAÑA,E.E,OBRA GRIS,PIEDRA NATURAL,POTABLE,51.0,10885000.0
2024-06-09,Maria Sanchez,CONTADO,CARLOS PAZ,85.0,AMERICANA,S.F,LLAVE EN MANO,PIEDRA NATURAL,NO LE INTERESA,47.0,40894000.0
2025-08-02,Luis Gonzalez,NO SABE,SANTIAGO DEL ESTERO,80.0,AMERICANA,E.E,OBRA GRIS,MADERA,NO LE INTERESA,447.0,23162000.0
2025-02-01,Diego Garcia,FINANCIACION PROPIA,ALTA GRACIA,78.8,CABAÑA,E.E,LLAVE EN MANO,MADERA,NO LE INTERESA,58.0,30197000.0
2024-10-03,Ana Garcia,PLAN 36-60,CARLOS PAZ,75.3,MINIMALISTA,S.F,OBRA GRIS,LADRILLO,POTABLE,40.0,25784000.0
2025-05-18,Elena Garcia,CONTADO,ALTA GRACIA,,AMERICANA,E.E,OBRA GRIS,LADRILLO,NO LE INTERESA,48.0,6823000.0
2025-01-26,Ana Lopez,CONTADO,CÓRDOBA CAPITAL,,MINIMALISTA,W.F,LLAVE EN MANO,PIEDRA NATURAL,NO LE INTERESA,22.0,32645000.0
2024-05-14,Maria Garcia,FINANCIACION PROPIA,MENDIOLAZA,68.1,CABAÑA,E.E,LLAVE EN MANO,PIEDRA NATURAL,VENDIDO,33.0,25545000.0
2024-07-13,Maria Perez,CONTADO,CÓRDOBA CAPITAL,24.3,CABAÑA,S.F,LLAVE EN MANO,MADERA,NO LE INTERESA,10.0,11736000.0
2025-02-04,Luis Perez,,LA PLATA,50.7,AMERICANA,S.F,OBRA GRIS,PIEDRA NATURAL,NO LE INTERESA,742.0,19119000.0
2025-10-01,Luis Martinez,CONTADO,CARLOS PAZ,60.5,MINIMALISTA,W.F,LLAVE EN MANO,MADERA,POTABLE,32.0,28179000.0
2024-02-02,Carla Gonzalez,PLAN 36-60,LA PLATA,88.3,CABAÑA,E.E,OBRA GRIS,LADRILLO,NO LE INTERESA,753.0,27048000.0
2025-11-18,Ana Gonzalez,CONTADO,CARLOS PAZ,69.5,MINIMALISTA,W.F,OBRA GRIS,LADRILLO,VENDIDO,45.0,22999000.0
2025-04-04,Jorge Gonzalez,CONTADO,MENDIOLAZA,37.7,CABAÑA,E.E,OBRA GRIS,PIEDRA NATURAL,NO LE INTERESA,23.0,10515000.0
2025-04-14,Carla Lopez,FINANCIACION PROPIA,ALTA GRACIA,88.9,AMERICANA,W.F,OBRA GRIS,MADERA,NO LE INTERESA,51.0,28126000.0
2025-01-09,Elena Romero,PLAN 36-60,CARLOS PAZ,,MINIMALISTA,S.F,LLAVE EN MANO,PIEDRA NATURAL,NO LE INTERESA,52.0,26452000.0
2024-01-22,Elena Gonzalez,CONTADO,CÓRDOBA CAPITAL,49.9,MINIMALISTA,S.F,LLAVE EN MANO,PIEDRA NATURAL,POTABLE,13.0,24783000.0
2026-01-19,Elena Gonzalez,FINANCIACION PROPIA,ALTA GRACIA,48.5,AMERICANA,W.F,LLAVE EN MANO,MADERA,NO LE INTERESA,41.0,21947000.0
2025-10-31,Pedro Rodriguez,CONTADO,MENDIOLAZA,22.5,AMERICANA,E.E,LLAVE EN MANO,PIEDRA NATURAL,NO LE INTERESA,42.0,9041000.0
2024-02-07,Carla Perez,PLAN 36-60,CÓRDOBA CAPITAL,52.8,AMERICANA,E.E,OBRA GRIS,MADERA,NO LE INTERESA,22.0,14428000.0
2024-08-17,Juan Gonzalez,PLAN 36-60,ALTA GRACIA,64.9,AMERICANA,S.F,LLAVE EN MANO,MADERA,NO LE INTERESA,38.0,31296000.0
2024-12-30,Elena Perez,CONTADO,CARLOS PAZ,47.3,CABAÑA,E.E,LLAVE EN MANO,PIEDRA NATURAL,NO LE INTERESA,40.0,18215000.0
2025-07-16,Lucia Lopez,CONTADO,CARLOS PAZ,63.4,MINIMALISTA,W.F,LLAVE EN MANO,MADERA,NO LE INTERESA,47.0,29504000.0
2025-03-13,Jorge Lopez,FINANCIACION PROPIA,CÓRDOBA CAPITAL,37.7,CABAÑA,W.F,LLAVE EN MANO,LADRILLO,POTABLE,19.0,16464000.0
2026-02-14,Pedro Rodriguez,NO SABE,SANTIAGO DEL ESTERO,52.2,AMERICANA,E.E,OBRA GRIS,LADRILLO,NO LE INTERESA,462.0,15475000.0
2024-10-09,Ana Romero,PLAN 36-60,CARLOS PAZ,61.3,CABAÑA,S.F,OBRA GRIS,LADRILLO,VENDIDO,44.0,20555000.0
2024-01-27,Lucia Lopez,CONTADO,SANTIAGO DEL ESTERO,58.8,CABAÑA,S.F,OBRA GRIS,LADRILLO,NO LE INTERESA,480.0,21405000.0
2024-08-13,Ana Lopez,CONTADO,ALTA GRACIA,22.9,MINIMALISTA,S.F,OBRA GRIS,PIEDRA NATURAL,VENDIDO,43.0,7727000.0
2024-10-03,Elena Rodriguez,CONTADO,SANTIAGO DEL ESTERO,46.2,MINIMALISTA,S.F,LLAVE EN MANO,LADRILLO,NO LE INTERESA,471.0,22588000.0
2025-08-31,Ana Perez,CONTADO,CÓRDOBA CAPITAL,88.5,MINIMALISTA,S.F,OBRA GRIS,LADRILLO,NO LE INTERESA,30.0,29820000.0
2024-10-10,Luis Lopez,PLAN 36-60,LA PLATA,45.2,AMERICANA,W.F,LLAVE EN MANO,LADRILLO,POTABLE,749.0,21170000.0
2025-04-25,Maria Garcia,PLAN 36-60,LA PLATA,55.3,AMERICANA,E.E,LLAVE EN MANO,LADRILLO,POTABLE,789.0,22504000.0
2025-03-28,Juan Garcia,CONTADO,CÓRDOBA CAPITAL,53.3,MINIMALISTA,W.F,LLAVE EN MANO,PIEDRA NATURAL,NO LE INTERESA,11.0,24829000.0
2025-10-20,Juan Sanchez,CONTADO,BUENOS AIRES,,CABAÑA,S.F,LLAVE EN MANO,LADRILLO,NO LE INTERESA,688.0,42178000.0
2025-05-30,Diego Perez,PLAN 36-60,LA PLATA,80.8,MINIMALISTA,S.F,OBRA GRIS,MADERA,NO LE INTERESA,803.0,28265000.0
2025-06-30,Diego Sanchez,CONTADO,CÓRDOBA CAPITAL,71.2,AMERICANA,E.E,OBRA GRIS,MADERA,NO LE INTERESA,6.0,20151000.0
2024-07-10,Pedro Perez,NO SABE,CARLOS PAZ,35.5,CABAÑA,E.E,LLAVE EN MANO,PIEDRA NATURAL,POTABLE,35.0,14230000.0
2024-02-18,Pedro Gonzalez,PLAN 36-60,SANTIAGO DEL ESTERO,62.2,AMERICANA,E.E,OBRA GRIS,PIEDRA NATURAL,NO LE INTERESA,448.0,17717000.0
2025-05-26,Juan Martinez,FINANCIACION PROPIA,LA PLATA,66.4,MINIMALISTA,W.F,OBRA GRIS,PIEDRA NATURAL,NO LE INTERESA,750.0,22737000.0
2024-01-17,Maria Rodriguez,FINANCIACION PROPIA,CARLOS PAZ,41.0,MINIMALISTA,E.E,LLAVE EN MANO,LADRILLO,POTABLE,46.0,16587000.0
2024-06-20,Lucia Lopez,FINANCIACION PROPIA,LA PLATA,37.6,CABAÑA,W.F,LLAVE EN MANO,PIEDRA NATURAL,NO LE INTERESA,729.0,17769000.0
2024-08-07,Diego Sanchez,CONTADO,ALTA GRACIA,89.1,MINIMALISTA,S.F,OBRA GRIS,LADRILLO,NO LE INTERESA,37.0,31320000.0
2024-06-06,Jorge Perez,NO SABE,CÓRDOBA CAPITAL,49.0,AMERICANA,W.F,LLAVE EN MANO,PIEDRA NATURAL,POTABLE,14.0,21329000.0
2025-04-21,Juan Romero,CONTADO,CÓRDOBA CAPITAL,,AMERICANA,E.E,OBRA GRIS,MADERA,POTABLE,18.0,23305000.0
2024-02-15,Juan Lopez,CONTADO,CARLOS PAZ,74.9,AMERICANA,W.F,LLAVE EN MANO,,POTABLE,44.0,35459000.0
2025-01-07,Luis Romero,PLAN 36-60,BUENOS AIRES,63.2,CABAÑA,W.F,LLAVE EN MANO,LADRILLO,POTABLE,720.0,28978000.0
2025-06-01,Jorge Sanchez,CONTADO,ALTA GRACIA,64.1,AMERICANA,W.F,LLAVE EN MANO,PIEDRA NATURAL,NO LE INTERESA,49.0,28329000.0
2024-04-08,Diego Romero,CONTADO,SANTIAGO DEL ESTERO,27.0,MINIMALISTA,E.E,LLAVE EN MANO,MADERA,POTABLE,425.0,11753000.0
2026-01-14,Jorge Lopez,CONTADO,ALTA GRACIA,59.1,CABAÑA,W.F,OBRA GRIS,LADRILLO,NO LE INTERESA,54.0,19547000.0
2024-02-06,Pedro Gonzalez,CONTADO,BUENOS AIRES,83.3,AMERICANA,E.E,OBRA GRIS,MADERA,POTABLE,669.0,24535000.0
2024-10-06,Luis Rodriguez,PLAN 36-60,ALTA GRACIA,68.6,AMERICANA,W.F,OBRA GRIS,PIEDRA NATURAL,NO LE INTERESA,40.0,22591000.0
2024-12-14,Lucia Martinez,CONTADO,MENDIOLAZA,58.1,MINIMALISTA,W.F,OBRA GRIS,LADRILLO,POTABLE,38.0,19159000.0
2025-05-11,Juan Romero,PLAN 36-60,SANTIAGO DEL ESTERO,89.2,MINIMALISTA,W.F,LLAVE EN MANO,MADERA,VENDIDO,428.0,41929000.0
2024-10-28,Diego Garcia,NO SABE,SANTIAGO DEL ESTERO,51.3,CABAÑA,E.E,LLAVE EN MANO,PIEDRA NATURAL,NO LE INTERESA,449.0,19884000.0
2024-06-29,Elena Martinez,PLAN 36-60,ALTA GRACIA,42.6,AMERICANA,E.E,OBRA GRIS,LADRILLO,NO LE INTERESA,43.0,11888000.0
2025-08-29,Elena Sanchez,PLAN 36-60,LA PLATA,58.1,AMERICANA,E.E,OBRA GRIS,MADERA,NO LE INTERESA,761.0,17053000.0
2024-04-08,Carla Garcia,NO SABE,MENDIOLAZA,70.3,MINIMALISTA,S.F,OBRA GRIS,MADERA,NO LE INTERESA,29.0,23590000.0
2025-11-30,Maria Gonzalez,CONTADO,LA PLATA,20.6,CABAÑA,E.E,OBRA GRIS,LADRILLO,NO LE INTERESA,809.0,6920000.0
2024-04-25,Maria Perez,PLAN 36-60,ALTA GRACIA,60.7,MINIMALISTA,W.F,OBRA GRIS,PIEDRA NATURAL,POTABLE,44.0,19839000.0
2024-07-09,Elena Garcia,FINANCIACION PROPIA,LA PLATA,71.2,MINIMALISTA,S.F,LLAVE EN MANO,LADRILLO,NO LE INTERESA,773.0,34889000.0
2024-09-09,Carla Romero,NO SABE,SANTIAGO DEL ESTERO,49.6,CABAÑA,E.E,OBRA GRIS,MADERA,POTABLE,489.0,14336000.0
2024-06-09,Lucia Romero,PLAN 36-60,SANTIAGO DEL ESTERO,77.1,AMERICANA,E.E,OBRA GRIS,MADERA,NO LE INTERESA,464.0,22594000.0
2024-09-12,Lucia Romero,CONTADO,LA PLATA,67.8,AMERICANA,S.F,LLAVE EN MANO,MADERA,VENDIDO,767.0,34645000.0
2024-11-18,Carla Lopez,NO SABE,SANTIAGO DEL ESTERO,97.8,AMERICANA,S.F,LLAVE EN MANO,PIEDRA NATURAL,VENDIDO,457.0,50400000.0
2024-05-07,Pedro Garcia,CONTADO,CÓRDOBA CAPITAL,40.0,CABAÑA,E.E,OBRA GRIS,MADERA,POTABLE,17.0,11552000.0
2024-01-18,Maria Gonzalez,CONTADO,SANTIAGO DEL ESTERO,71.6,CABAÑA,S.F,OBRA GRIS,MADERA,POTABLE,481.0,26982000.0
2026-01-04,Elena Gonzalez,CONTADO,ALTA GRACIA,34.7,CABAÑA,W.F,OBRA GRIS,LADRILLO,POTABLE,36.0,11337000.0
2025-07-19,Elena Perez,PLAN 36-60,CARLOS PAZ,22.7,CABAÑA,W.F,LLAVE EN MANO,MADERA,POTABLE,52.0,10516000.0
2025-07-23,Juan Romero,FINANCIACION PROPIA,LA PLATA,20.0,CABAÑA,W.F,OBRA GRIS,LADRILLO,POTABLE,769.0,7867000.0
2024-11-18,Juan Sanchez,FINANCIACION PROPIA,MENDIOLAZA,65.8,MINIMALISTA,E.E,OBRA GRIS,MADERA,POTABLE,41.0,19114000.0
2025-11-16,Jorge Rodriguez,FINANCIACION PROPIA,BUENOS AIRES,58.7,AMERICANA,W.F,LLAVE EN MANO,LADRILLO,VENDIDO,661.0,28054000.0
2025-09-17,Diego Rodriguez,CONTADO,LA PLATA,45.4,CABAÑA,S.F,LLAVE EN MANO,LADRILLO,NO LE INTERESA,797.0,23442000.0
2024-10-14,Ana Sanchez,PLAN 36-60,BUENOS AIRES,20.0,AMERICANA,W.F,LLAVE EN MANO,LADRILLO,NO LE INTERESA,672.0,9797000.0
2025-10-24,Lucia Romero,FINANCIACION PROPIA,BUENOS AIRES,41.2,CABAÑA,S.F,LLAVE EN MANO,LADRILLO,NO LE INTERESA,732.0,22089000.0
2025-09-30,Luis Gonzalez,PLAN 36-60,SANTIAGO DEL ESTERO,55.1,AMERICANA,W.F,OBRA GRIS,PIEDRA NATURAL,NO LE INTERESA,442.0,18914000.0
2024-06-03,Juan Romero,NO SABE,SANTIAGO DEL ESTERO,70.9,MINIMALISTA,S.F,LLAVE EN MANO,MADERA,VENDIDO,468.0,36641000.0
2025-05-04,Ana Rodriguez,FINANCIACION PROPIA,CARLOS PAZ,54.7,AMERICANA,W.F,LLAVE EN MANO,PIEDRA NATURAL,NO LE INTERESA,46.0,23840000.0
2025-01-20,Pedro Rodriguez,PLAN 36-60,CARLOS PAZ,60.0,AMERICANA,W.F,LLAVE EN MANO,MADERA,POTABLE,34.0,26597000.0
2026-02-23,Luis Rodriguez,CONTADO,MENDIOLAZA,47.5,CABAÑA,W.F,OBRA GRIS,LADRILLO,NO LE INTERESA,33.0,15229000.0
2024-04-13,Elena Gonzalez,PLAN 36-60,ALTA GRACIA,90.0,AMERICANA,S.F,LLAVE EN MANO,MADERA,VENDIDO,42.0,45657000.0
2025-01-27,Carla Rodriguez,NO SABE,CÓRDOBA CAPITAL,34.6,MINIMALISTA,S.F,OBRA GRIS,LADRILLO,POTABLE,19.0,12615000.0
2024-09-02,Diego Gonzalez,CONTADO,ALTA GRACIA,41.0,MINIMALISTA,W.F,LLAVE EN MANO,MADERA,NO LE INTERESA,53.0,18163000.0
2024-06-24,Pedro Sanchez,FINANCIACION PROPIA,MENDIOLAZA,45.2,MINIMALISTA,S.F,OBRA GRIS,LADRILLO,POTABLE,22.0,16149000.0
2024-02-08,Juan Rodriguez,CONTADO,LA PLATA,65.9,CABAÑA,S.F,OBRA GRIS,MADERA,POTABLE,762.0,23186000.0
2025-04-21,Pedro Garcia,PLAN 36-60,SANTIAGO DEL ESTERO,34.2,CABAÑA,E.E,OBRA GRIS,MADERA,NO LE INTERESA,462.0,10176000.0
2025-11-12,Elena Lopez,PLAN 36-60,ALTA GRACIA,57.7,CABAÑA,W.F,LLAVE EN MANO,MADERA,POTABLE,42.0,26039000.0
2026-01-28,Carla Lopez,PLAN 36-60,BUENOS AIRES,58.3,CABAÑA,S.F,OBRA GRIS,LADRILLO,POTABLE,755.0,22110000.0
2025-06-21,Carla Martinez,,SANTIAGO DEL ESTERO,41.1,CABAÑA,S.F,LLAVE EN MANO,MADERA,POTABLE,452.0,21633000.0
2025-02-11,Lucia Gonzalez,CONTADO,SANTIAGO DEL ESTERO,61.6,MINIMALISTA,S.F,LLAVE EN MANO,LADRILLO,VENDIDO,418.0,30310000.0
2025-06-08,Diego Garcia,CONTADO,ALTA GRACIA,34.8,AMERICANA,S.F,OBRA GRIS,PIEDRA NATURAL,POTABLE,38.0,12271000.0
2025-05-20,Luis Lopez,FINANCIACION PROPIA,ALTA GRACIA,32.7,MINIMALISTA,E.E,LLAVE EN MANO,MADERA,NO LE INTERESA,49.0,13082000.0
2024-02-05,Luis Perez,,BUENOS AIRES,57.0,CABAÑA,S.F,OBRA GRIS,LADRILLO,POTABLE,698.0,20637000.0
2025-11-15,Ana Perez,PLAN 36-60,BUENOS AIRES,21.8,MINIMALISTA,S.F,LLAVE EN MANO,LADRILLO,NO LE INTERESA,679.0,12269000.0
2024-01-20,Maria Lopez,CONTADO,CARLOS PAZ,,AMERICANA,E.E,OBRA GRIS,LADRILLO,VENDIDO,31.0,5859000.0
2024-11-16,Juan Rodriguez,CONTADO,MENDIOLAZA,65.7,CABAÑA,W.F,LLAVE EN MANO,PIEDRA NATURAL,POTABLE,34.0,29065000.0
2026-02-14,Maria Romero,PLAN 36-60,MENDIOLAZA,76.0,MINIMALISTA,W.F,OBRA GRIS,LADRILLO,POTABLE,35.0,24544000.0
2025-05-26,Lucia Rodriguez,FINANCIACION PROPIA,BUENOS AIRES,45.7,MINIMALISTA,E.E,LLAVE EN MANO,PIEDRA NATURAL,POTABLE,674.0,18416000.0
2025-02-03,Carla Sanchez,CONTADO,CÓRDOBA CAPITAL,41.6,AMERICANA,W.F,LLAVE EN MANO,PIEDRA NATURAL,NO LE INTERESA,20.0,18811000.0
2025-10-15,Luis Lopez,CONTADO,BUENOS AIRES,75.1,CABAÑA,W.F,OBRA GRIS,LADRILLO,POTABLE,755.0,25779000.0
2025-04-15,Luis Gonzalez,CONTADO,CARLOS PAZ,32.1,CABAÑA,E.E,LLAVE EN MANO,MADERA,POTABLE,54.0,12139000.0
2024-05-22,Luis Lopez,PLAN 36-60,CÓRDOBA CAPITAL,27.7,AMERICANA,S.F,LLAVE EN MANO,PIEDRA NATURAL,POTABLE,27.0,14117000.0
2024-04-01,Pedro Martinez,CONTADO,ALTA GRACIA,69.2,AMERICANA,E.E,OBRA GRIS,LADRILLO,POTABLE,55.0,19641000.0
2024-12-19,Diego Martinez,PLAN 36-60,MENDIOLAZA,55.2,AMERICANA,E.E,OBRA GRIS,PIEDRA NATURAL,POTABLE,25.0,16252000.0
2025-12-27,Maria Rodriguez,FINANCIACION PROPIA,MENDIOLAZA,76.3,AMERICANA,E.E,OBRA GRIS,LADRILLO,NO LE INTERESA,24.0,20385000.0
2024-02-20,Ana Martinez,PLAN 36-60,CÓRDOBA CAPITAL,20.0,CABAÑA,E.E,OBRA GRIS,LADRILLO,NO LE INTERESA,16.0,5810000.0
2025-10-26,Juan Romero,CONTADO,LA PLATA,27.0,CABAÑA,E.E,OBRA GRIS,PIEDRA NATURAL,NO LE INTERESA,772.0,8973000.0
2025-11-28,Elena Romero,PLAN 36-60,CARLOS PAZ,55.3,MINIMALISTA,S.F,LLAVE EN MANO,LADRILLO,NO LE INTERESA,51.0,26176000.0
2025-07-28,Lucia Garcia,NO SABE,CARLOS PAZ,63.4,MINIMALISTA,W.F,OBRA GRIS,PIEDRA NATURAL,NO LE INTERESA,36.0,20132000.0
2024-07-08,Lucia Sanchez,CONTADO,CARLOS PAZ,71.9,MINIMALISTA,E.E,LLAVE EN MANO,LADRILLO,NO LE INTERESA,42.0,29335000.0
2024-05-04,Jorge Romero,CONTADO,MENDIOLAZA,58.5,CABAÑA,S.F,LLAVE EN MANO,MADERA,NO LE INTERESA,36.0,28772000.0
2024-05-29,Luis Romero,PLAN 36-60,SANTIAGO DEL ESTERO,58.3,CABAÑA,E.E,LLAVE EN MANO,MADERA,NO LE INTERESA,445.0,23289000.0
2024-11-09,Elena Martinez,CONTADO,MENDIOLAZA,,CABAÑA,S.F,LLAVE EN MANO,PIEDRA NATURAL,NO LE INTERESA,31.0,24114000.0
2025-07-23,Pedro Sanchez,PLAN 36-60,SANTIAGO DEL ESTERO,86.8,MINIMALISTA,W.F,LLAVE EN MANO,PIEDRA NATURAL,NO LE INTERESA,423.0,38147000.0
2024-12-07,Elena Sanchez,FINANCIACION PROPIA,MENDIOLAZA,32.9,AMERICANA,S.F,OBRA GRIS,PIEDRA NATURAL,POTABLE,45.0,11551000.0
2024-10-31,Ana Gonzalez,PLAN 36-60,ALTA GRACIA,62.2,AMERICANA,S.F,OBRA GRIS,PIEDRA NATURAL,POTABLE,47.0,22173000.0
2025-11-22,Jorge Sanchez,PLAN 36-60,MENDIOLAZA,35.2,AMERICANA,W.F,OBRA GRIS,MADERA,POTABLE,33.0,11507000.0
2025-11-12,Ana Perez,PLAN 36-60,ALTA GRACIA,65.7,AMERICANA,W.F,OBRA GRIS,PIEDRA NATURAL,NO LE INTERESA,40.0,20715000.0
2026-02-21,Elena Perez,CONTADO,SANTIAGO DEL ESTERO,34.3,AMERICANA,S.F,OBRA GRIS,LADRILLO,POTABLE,451.0,12762000.0
2024-02-23,Diego Gonzalez,,CARLOS PAZ,69.9,CABAÑA,E.E,OBRA GRIS,LADRILLO,NO LE INTERESA,36.0,20035000.0
2025-03-19,Elena Gonzalez,FINANCIACION PROPIA,SANTIAGO DEL ESTERO,57.2,MINIMALISTA,E.E,LLAVE EN MANO,PIEDRA NATURAL,NO LE INTERESA,420.0,23248000.0
2025-09-04,Jorge Martinez,NO SABE,CÓRDOBA CAPITAL,89.9,AMERICANA,W.F,OBRA GRIS,LADRILLO,NO LE INTERESA,12.0,29500000.0
2024-09-20,Elena Lopez,FINANCIACION PROPIA,CARLOS PAZ,49.4,AMERICANA,E.E,OBRA GRIS,PIEDRA NATURAL,POTABLE,30.0,13539000.0
2024-02-22,Lucia Sanchez,NO SABE,MENDIOLAZA,63.5,AMERICANA,W.F,OBRA GRIS,LADRILLO,NO LE INTERESA,34.0,21180000.0
2025-07-25,Juan Garcia,CONTADO,MENDIOLAZA,39.4,CABAÑA,S.F,OBRA GRIS,,NO LE INTERESA,30.0,13765000.0
2025-09-11,Juan Rodriguez,CONTADO,MENDIOLAZA,49.2,AMERICANA,S.F,OBRA GRIS,PIEDRA NATURAL,POTABLE,42.0,18125000.0
2024-01-05,Lucia Garcia,CONTADO,MENDIOLAZA,57.1,MINIMALISTA,E.E,LLAVE EN MANO,PIEDRA NATURAL,NO LE INTERESA,21.0,21346000.0
2024-04-12,Diego Romero,CONTADO,MENDIOLAZA,24.5,CABAÑA,W.F,LLAVE EN MANO,MADERA,NO LE INTERESA,21.0,10944000.0
2024-07-14,Pedro Sanchez,FINANCIACION PROPIA,SANTIAGO DEL ESTERO,26.6,CABAÑA,E.E,LLAVE EN MANO,PIEDRA NATURAL,POTABLE,489.0,10804000.0
2026-02-12,Carla Rodriguez,,BUENOS AIRES,67.0,CABAÑA,E.E,OBRA GRIS,MADERA,NO LE INTERESA,673.0,19879000.0
2024-12-15,Pedro Lopez,FINANCIACION PROPIA,ALTA GRACIA,52.1,AMERICANA,S.F,OBRA GRIS,PIEDRA NATURAL,NO LE INTERESA,35.0,17818000.0
2024-02-16,Elena Rodriguez,PLAN 36-60,BUENOS AIRES,43.1,AMERICANA,E.E,OBRA GRIS,LADRILLO,NO LE INTERESA,678.0,13396000.0
2025-10-17,Luis Rodriguez,CONTADO,SANTIAGO DEL ESTERO,40.3,AMERICANA,S.F,LLAVE EN MANO,MADERA,NO LE INTERESA,482.0,21252000.0
2024-09-25,Ana Rodriguez,CONTADO,LA PLATA,41.0,AMERICANA,W.F,LLAVE EN MANO,LADRILLO,NO LE INTERESA,790.0,19099000.0
2025-01-04,Ana Martinez,CONTADO,BUENOS AIRES,57.3,MINIMALISTA,E.E,OBRA GRIS,PIEDRA NATURAL,NO LE INTERESA,694.0,16505000.0
2025-09-27,Lucia Gonzalez,PLAN 36-60,SANTIAGO DEL ESTERO,63.9,CABAÑA,S.F,OBRA GRIS,PIEDRA NATURAL,VENDIDO,467.0,23931000.0
2024-04-15,Luis Gonzalez,PLAN 36-60,CARLOS PAZ,20.0,AMERICANA,E.E,LLAVE EN MANO,PIEDRA NATURAL,POTABLE,43.0,7795000.0
2025-10-31,Elena Lopez,NO SABE,MENDIOLAZA,83.3,MINIMALISTA,W.F,LLAVE EN MANO,PIEDRA NATURAL,POTABLE,43.0,37370000.0
2025-10-20,Lucia Perez,FINANCIACION PROPIA,SANTIAGO DEL ESTERO,81.8,CABAÑA,E.E,LLAVE EN MANO,MADERA,POTABLE,406.0,31763000.0
2025-10-18,Maria Rodriguez,CONTADO,BUENOS AIRES,20.0,CABAÑA,E.E,OBRA GRIS,MADERA,NO LE INTERESA,741.0,6661000.0
2024-04-29,Jorge Gonzalez,CONTADO,ALTA GRACIA,76.7,CABAÑA,S.F,LLAVE EN MANO,PIEDRA NATURAL,POTABLE,39.0,36630000.0
2026-02-25,Diego Rodriguez,PLAN 36-60,BUENOS AIRES,,AMERICANA,W.F,OBRA GRIS,LADRILLO,VENDIDO,699.0,25977000.0
2025-08-26,Jorge Perez,CONTADO,MENDIOLAZA,55.0,CABAÑA,W.F,OBRA GRIS,MADERA,NO LE INTERESA,25.0,17746000.0
2024-02-27,Carla Sanchez,FINANCIACION PROPIA,BUENOS AIRES,29.1,AMERICANA,W.F,OBRA GRIS,LADRILLO,NO LE INTERESA,730.0,10767000.0
2024-12-11,Luis Martinez,PLAN 36-60,CÓRDOBA CAPITAL,,MINIMALISTA,E.E,LLAVE EN MANO,PIEDRA NATURAL,POTABLE,22.0,28997000.0
2026-01-10,Juan Martinez,CONTADO,LA PLATA,50.2,CABAÑA,S.F,LLAVE EN MANO,MADERA,POTABLE,765.0,25760000.0
2025-04-18,Carla Perez,PLAN 36-60,CARLOS PAZ,,MINIMALISTA,E.E,LLAVE EN MANO,MADERA,POTABLE,47.0,25319000.0
2024-04-26,Pedro Lopez,PLAN 36-60,ALTA GRACIA,99.4,AMERICANA,E.E,LLAVE EN MANO,MADERA,POTABLE,51.0,40738000.0
2024-05-06,Pedro Lopez,FINANCIACION PROPIA,LA PLATA,60.0,AMERICANA,E.E,OBRA GRIS,LADRILLO,NO LE INTERESA,788.0,18021000.0
2025-01-27,Diego Rodriguez,CONTADO,SANTIAGO DEL ESTERO,36.7,AMERICANA,W.F,OBRA GRIS,PIEDRA NATURAL,VENDIDO,424.0,12047000.0
2025-10-02,Maria Rodriguez,FINANCIACION PROPIA,LA PLATA,48.3,CABAÑA,S.F,OBRA GRIS,PIEDRA NATURAL,POTABLE,753.0,17625000.0
2024-02-27,Elena Rodriguez,PLAN 36-60,MENDIOLAZA,39.2,CABAÑA,W.F,OBRA GRIS,MADERA,NO LE INTERESA,24.0,12130000.0
2025-09-25,Pedro Rodriguez,FINANCIACION PROPIA,MENDIOLAZA,63.7,MINIMALISTA,E.E,LLAVE EN MANO,MADERA,NO LE INTERESA,31.0,23836000.0
2025-05-27,Diego Lopez,CONTADO,CÓRDOBA CAPITAL,38.9,AMERICANA,E.E,OBRA GRIS,PIEDRA NATURAL,POTABLE,23.0,10955000.0
2026-01-20,Diego Garcia,PLAN 36-60,LA PLATA,45.5,MINIMALISTA,S.F,LLAVE EN MANO,LADRILLO,NO LE INTERESA,779.0,23081000.0
2024-04-05,Elena Martinez,PLAN 36-60,BUENOS AIRES,29.3,AMERICANA,W.F,OBRA GRIS,MADERA,POTABLE,731.0,11020000.0
2025-09-29,Ana Sanchez,PLAN 36-60,LA PLATA,52.4,AMERICANA,E.E,LLAVE EN MANO,LADRILLO,NO LE INTERESA,741.0,20941000.0
2024-04-27,Jorge Perez,,MENDIOLAZA,58.5,MINIMALISTA,E.E,OBRA GRIS,LADRILLO,NO LE INTERESA,37.0,16919000.0
2025-07-13,Lucia Romero,PLAN 36-60,SANTIAGO DEL ESTERO,20.0,AMERICANA,S.F,OBRA GRIS,PIEDRA NATURAL,POTABLE,437.0,7515000.0
2025-08-23,Jorge Perez,FINANCIACION PROPIA,SANTIAGO DEL ESTERO,60.2,MINIMALISTA,E.E,LLAVE EN MANO,PIEDRA NATURAL,NO LE INTERESA,494.0,23667000.0
2025-05-02,Luis Perez,CONTADO,CARLOS PAZ,54.1,CABAÑA,W.F,OBRA GRIS,LADRILLO,POTABLE,39.0,18300000.0
2024-08-24,Luis Lopez,FINANCIACION PROPIA,BUENOS AIRES,39.7,MINIMALISTA,W.F,LLAVE EN MANO,LADRILLO,NO LE INTERESA,720.0,19551000.0
2024-09-28,Luis Romero,CONTADO,BUENOS AIRES,95.6,MINIMALISTA,E.E,OBRA GRIS,PIEDRA NATURAL,NO LE INTERESA,735.0,28235000.0
2024-07-07,Lucia Martinez,FINANCIACION PROPIA,SANTIAGO DEL ESTERO,,AMERICANA,E.E,LLAVE EN MANO,MADERA,NO LE INTERESA,491.0,30411000.0
2025-12-04,Luis Martinez,NO SABE,LA PLATA,33.1,MINIMALISTA,E.E,LLAVE EN MANO,LADRILLO,POTABLE,754.0,14799000.0
2025-03-22,Lucia Sanchez,CONTADO,CÓRDOBA CAPITAL,,CABAÑA,S.F,LLAVE EN MANO,MADERA,POTABLE,14.0,35531000.0
2025-08-03,Carla Gonzalez,PLAN 36-60,SANTIAGO DEL ESTERO,79.9,CABAÑA,S.F,LLAVE EN MANO,,NO LE INTERESA,443.0,38230000.0
2026-02-28,Luis Gonzalez,PLAN 36-60,BUENOS AIRES,57.6,CABAÑA,W.F,OBRA GRIS,PIEDRA NATURAL,VENDIDO,692.0,18733000.0
2024-09-03,Elena Rodriguez,CONTADO,BUENOS AIRES,,CABAÑA,W.F,LLAVE EN MANO,MADERA,VENDIDO,725.0,29613000.0
2024-03-16,Ana Romero,PLAN 36-60,MENDIOLAZA,61.8,MINIMALISTA,E.E,LLAVE EN MANO,PIEDRA NATURAL,POTABLE,43.0,24673000.0
2024-06-02,Lucia Lopez,CONTADO,MENDIOLAZA,20.0,CABAÑA,E.E,LLAVE EN MANO,LADRILLO,NO LE INTERESA,23.0,8070000.0
2025-10-17,Juan Rodriguez,FINANCIACION PROPIA,CARLOS PAZ,51.3,MINIMALISTA,E.E,LLAVE EN MANO,PIEDRA NATURAL,VENDIDO,44.0,19386000.0
2025-03-10,Luis Garcia,FINANCIACION PROPIA,CARLOS PAZ,50.2,MINIMALISTA,S.F,OBRA GRIS,,POTABLE,52.0,18433000.0
2024-03-26,Elena Lopez,FINANCIACION PROPIA,LA PLATA,83.6,AMERICANA,S.F,LLAVE EN MANO,PIEDRA NATURAL,NO LE INTERESA,720.0,42259000.0
2025-11-27,Diego Rodriguez,PLAN 36-60,SANTIAGO DEL ESTERO,61.7,MINIMALISTA,E.E,OBRA GRIS,MADERA,POTABLE,449.0,18218000.0
2024-10-11,Luis Garcia,FINANCIACION PROPIA,SANTIAGO DEL ESTERO,49.0,MINIMALISTA,E.E,OBRA GRIS,PIEDRA NATURAL,POTABLE,487.0,13778000.0
2024-08-07,Carla Martinez,CONTADO,CARLOS PAZ,53.2,AMERICANA,W.F,LLAVE EN MANO,PIEDRA NATURAL,POTABLE,53.0,25171000.0
2024-03-09,Lucia Sanchez,PLAN 36-60,SANTIAGO DEL ESTERO,75.5,CABAÑA,S.F,LLAVE EN MANO,MADERA,NO LE INTERESA,451.0,37907000.0
2024-02-16,Maria Martinez,PLAN 36-60,LA PLATA,51.3,CABAÑA,E.E,LLAVE EN MANO,MADERA,NO LE INTERESA,712.0,21312000.0
2024-04-03,Luis Perez,NO SABE,CÓRDOBA CAPITAL,41.0,MINIMALISTA,S.F,LLAVE EN MANO,MADERA,NO LE INTERESA,8.0,20994000.0
2026-01-19,Ana Garcia,FINANCIACION PROPIA,MENDIOLAZA,49.5,AMERICANA,E.E,OBRA GRIS,LADRILLO,POTABLE,35.0,14510000.0
2025-03-28,Elena Romero,PLAN 36-60,LA PLATA,73.8,MINIMALISTA,E.E,OBRA GRIS,PIEDRA NATURAL,POTABLE,722.0,21139000.0
2024-07-22,Juan Martinez,FINANCIACION PROPIA,SANTIAGO DEL ESTERO,,MINIMALISTA,W.F,LLAVE EN MANO,MADERA,NO LE INTERESA,415.0,31168000.0
2024-08-05,Carla Lopez,CONTADO,LA PLATA,55.9,CABAÑA,W.F,LLAVE EN MANO,LADRILLO,NO LE INTERESA,787.0,27004000.0
2025-04-18,Jorge Gonzalez,FINANCIACION PROPIA,MENDIOLAZA,58.8,AMERICANA,W.F,OBRA GRIS,LADRILLO,NO LE INTERESA,39.0,18078000.0
2025-03-07,Carla Lopez,PLAN 36-60,ALTA GRACIA,,MINIMALISTA,E.E,OBRA GRIS,MADERA,POTABLE,56.0,12027000.0
2024-12-06,Jorge Garcia,CONTADO,BUENOS AIRES,51.1,CABAÑA,W.F,LLAVE EN MANO,MADERA,NO LE INTERESA,671.0,23833000.0
2025-07-04,Lucia Garcia,PLAN 36-60,MENDIOLAZA,41.7,MINIMALISTA,E.E,LLAVE EN MANO,MADERA,VENDIDO,25.0,16520000.0
2025-09-03,Ana Romero,PLAN 36-60,BUENOS AIRES,49.1,CABAÑA,S.F,LLAVE EN MANO,LADRILLO,NO LE INTERESA,743.0,25680000.0
2024-10-15,Carla Gonzalez,PLAN 36-60,MENDIOLAZA,81.9,AMERICANA,S.F,LLAVE EN MANO,LADRILLO,NO LE INTERESA,38.0,39023000.0
2024-09-10,Luis Martinez,PLAN 36-60,ALTA GRACIA,,MINIMALISTA,E.E,LLAVE EN MANO,PIEDRA NATURAL,VENDIDO,55.0,13619000.0
2026-01-03,Maria Martinez,PLAN 36-60,SANTIAGO DEL ESTERO,41.2,AMERICANA,W.F,LLAVE EN MANO,LADRILLO,NO LE INTERESA,499.0,19989000.0
2024-12-22,Carla Garcia,FINANCIACION PROPIA,SANTIAGO DEL ESTERO,29.9,CABAÑA,W.F,OBRA GRIS,MADERA,NO LE INTERESA,486.0,10497000.0
2024-01-23,Juan Perez,FINANCIACION PROPIA,CÓRDOBA CAPITAL,25.6,AMERICANA,S.F,OBRA GRIS,PIEDRA NATURAL,NO LE INTERESA,18.0,9365000.0
2026-01-31,Diego Perez,CONTADO,MENDIOLAZA,51.3,AMERICANA,E.E,OBRA GRIS,PIEDRA NATURAL,POTABLE,28.0,14857000.0
2025-06-05,Pedro Garcia,NO SABE,LA PLATA,42.6,AMERICANA,E.E,OBRA GRIS,PIEDRA NATURAL,NO LE INTERESA,767.0,12714000.0
2026-01-27,Ana Sanchez,PLAN 36-60,CÓRDOBA CAPITAL,90.2,MINIMALISTA,E.E,LLAVE EN MANO,PIEDRA NATURAL,NO LE INTERESA,21.0,36447000.0
2024-04-09,Jorge Sanchez,FINANCIACION PROPIA,SANTIAGO DEL ESTERO,49.3,CABAÑA,S.F,LLAVE EN MANO,MADERA,POTABLE,434.0,25932000.0
2024-06-28,Maria Lopez,PLAN 36-60,SANTIAGO DEL ESTERO,80.8,AMERICANA,S.F,OBRA GRIS,PIEDRA NATURAL,NO LE INTERESA,477.0,27945000.0
2024-08-10,Maria Perez,CONTADO,CARLOS PAZ,74.4,MINIMALISTA,W.F,LLAVE EN MANO,MADERA,NO LE INTERESA,32.0,35195000.0
2026-01-31,Maria Rodriguez,CONTADO,CÓRDOBA CAPITAL,50.8,CABAÑA,E.E,LLAVE EN MANO,,NO LE INTERESA,24.0,19002000.0
2025-10-20,Lucia Lopez,FINANCIACION PROPIA,SANTIAGO DEL ESTERO,97.2,CABAÑA,E.E,LLAVE EN MANO,MADERA,NO LE INTERESA,403.0,38793000.0
2025-03-17,Diego Romero,PLAN 36-60,ALTA GRACIA,60.4,CABAÑA,E.E,OBRA GRIS,PIEDRA NATURAL,NO LE INTERESA,47.0,17448000.0
2025-08-30,Pedro Rodriguez,FINANCIACION PROPIA,BUENOS AIRES,85.3,AMERICANA,E.E,OBRA GRIS,LADRILLO,NO LE INTERESA,746.0,25729000.0
2026-02-07,Lucia Lopez,,CARLOS PAZ,82.9,AMERICANA,S.F,OBRA GRIS,LADRILLO,NO LE INTERESA,32.0,29745000.0
2024-11-20,Diego Martinez,CONTADO,LA PLATA,63.3,AMERICANA,W.F,OBRA GRIS,LADRILLO,VENDIDO,762.0,21589000.0
2025-05-30,Juan Perez,CONTADO,BUENOS AIRES,70.0,CABAÑA,S.F,OBRA GRIS,PIEDRA NATURAL,NO LE INTERESA,676.0,25899000.0
2024-01-16,Carla Martinez,FINANCIACION PROPIA,CARLOS PAZ,67.5,CABAÑA,W.F,OBRA GRIS,MADERA,NO LE INTERESA,52.0,22249000.0
2024-12-01,Jorge Martinez,CONTADO,MENDIOLAZA,32.1,AMERICANA,E.E,OBRA GRIS,MADERA,VENDIDO,41.0,9045000.0
2026-01-28,Pedro Perez,FINANCIACION PROPIA,MENDIOLAZA,56.1,AMERICANA,E.E,LLAVE EN MANO,PIEDRA NATURAL,POTABLE,43.0,22267000.0
2024-09-14,Diego Gonzalez,CONTADO,LA PLATA,76.5,CABAÑA,E.E,OBRA GRIS,PIEDRA NATURAL,NO LE INTERESA,797.0,23399000.0
2025-05-11,Carla Romero,FINANCIACION PROPIA,ALTA GRACIA,85.5,CABAÑA,E.E,LLAVE EN MANO,LADRILLO,POTABLE,53.0,32967000.0
2024-06-08,Pedro Lopez,CONTADO,LA PLATA,40.6,MINIMALISTA,E.E,LLAVE EN MANO,MADERA,NO LE INTERESA,728.0,17047000.0
2025-04-19,Ana Lopez,CONTADO,CÓRDOBA CAPITAL,65.6,MINIMALISTA,S.F,OBRA GRIS,PIEDRA NATURAL,NO LE INTERESA,13.0,21850000.0
2025-10-25,Jorge Romero,PLAN 36-60,BUENOS AIRES,58.0,AMERICANA,W.F,LLAVE EN MANO,PIEDRA NATURAL,VENDIDO,710.0,27721000.0
2025-11-20,Ana Perez,PLAN 36-60,LA PLATA,52.6,CABAÑA,S.F,LLAVE EN MANO,MADERA,NO LE INTERESA,769.0,26107000.0
2025-11-05,Lucia Lopez,CONTADO,LA PLATA,62.1,CABAÑA,E.E,OBRA GRIS,LADRILLO,POTABLE,788.0,18535000.0
2025-01-14,Lucia Romero,NO SABE,CARLOS PAZ,59.4,MINIMALISTA,W.F,LLAVE EN MANO,LADRILLO,POTABLE,36.0,26054000.0
2025-06-28,Luis Gonzalez,CONTADO,ALTA GRACIA,65.8,CABAÑA,W.F,OBRA GRIS,LADRILLO,NO LE INTERESA,38.0,20232000.0
2025-11-21,Carla Rodriguez,PLAN 36-60,LA PLATA,83.8,AMERICANA,E.E,LLAVE EN MANO,MADERA,NO LE INTERESA,758.0,33930000.0
2025-03-02,Diego Gonzalez,CONTADO,CÓRDOBA CAPITAL,70.7,MINIMALISTA,W.F,LLAVE EN MANO,PIEDRA NATURAL,POTABLE,9.0,31645000.0
2025-09-04,Elena Perez,,CARLOS PAZ,61.2,CABAÑA,S.F,LLAVE EN MANO,PIEDRA NATURAL,POTABLE,47.0,29834000.0
2024-09-24,Diego Gonzalez,PLAN 36-60,ALTA GRACIA,92.3,CABAÑA,S.F,LLAVE EN MANO,PIEDRA NATURAL,NO LE INTERESA,49.0,43981000.0
2025-07-30,Ana Perez,CONTADO,ALTA GRACIA,77.2,AMERICANA,S.F,OBRA GRIS,PIEDRA NATURAL,POTABLE,54.0,28313000.0
2025-02-20,Diego Gonzalez,FINANCIACION PROPIA,SANTIAGO DEL ESTERO,53.2,CABAÑA,S.F,OBRA GRIS,MADERA,NO LE INTERESA,406.0,18274000.0
2024-06-16,Luis Rodriguez,CONTADO,MENDIOLAZA,30.7,MINIMALISTA,W.F,OBRA GRIS,LADRILLO,NO LE INTERESA,44.0,10341000.0
2024-02-12,Diego Martinez,FINANCIACION PROPIA,BUENOS AIRES,35.2,MINIMALISTA,S.F,LLAVE EN MANO,LADRILLO,NO LE INTERESA,660.0,18670000.0
2025-07-09,Carla Lopez,CONTADO,CÓRDOBA CAPITAL,73.7,CABAÑA,W.F,LLAVE EN MANO,LADRILLO,POTABLE,13.0,32153000.0
2024-10-11,Juan Martinez,CONTADO,MENDIOLAZA,42.4,CABAÑA,E.E,LLAVE EN MANO,LADRILLO,POTABLE,37.0,16630000.0
2025-01-31,Pedro Martinez,CONTADO,CARLOS PAZ,34.8,CABAÑA,S.F,LLAVE EN MANO,PIEDRA NATURAL,NO LE INTERESA,31.0,17934000.0
2024-01-12,Pedro Sanchez,,CARLOS PAZ,39.8,CABAÑA,E.E,OBRA GRIS,PIEDRA NATURAL,VENDIDO,32.0,11353000.0
2025-08-29,Elena Martinez,PLAN 36-60,CÓRDOBA CAPITAL,41.3,MINIMALISTA,S.F,LLAVE EN MANO,MADERA,POTABLE,7.0,19493000.0
2024-10-28,Lucia Romero,,ALTA GRACIA,72.0,AMERICANA,E.E,OBRA GRIS,LADRILLO,POTABLE,50.0,20149000.0
2024-09-09,Jorge Lopez,PLAN 36-60,LA PLATA,51.9,MINIMALISTA,E.E,LLAVE EN MANO,PIEDRA NATURAL,POTABLE,800.0,21476000.0
2025-05-13,Luis Martinez,FINANCIACION PROPIA,CÓRDOBA CAPITAL,27.6,CABAÑA,E.E,LLAVE EN MANO,,NO LE INTERESA,19.0,11176000.0
2026-01-23,Elena Sanchez,,CARLOS PAZ,55.6,CABAÑA,E.E,OBRA GRIS,PIEDRA NATURAL,NO LE INTERESA,45.0,16286000.0
2024-02-04,Carla Lopez,CONTADO,MENDIOLAZA,59.4,MINIMALISTA,E.E,OBRA GRIS,LADRILLO,POTABLE,29.0,15979000.0
2025-12-27,Elena Martinez,CONTADO,BUENOS AIRES,45.4,MINIMALISTA,W.F,OBRA GRIS,PIEDRA NATURAL,NO LE INTERESA,662.0,15321000.0
2024-03-30,Lucia Lopez,PLAN 36-60,CÓRDOBA CAPITAL,78.1,CABAÑA,W.F,OBRA GRIS,LADRILLO,NO LE INTERESA,6.0,24650000.0
2026-02-14,Luis Gonzalez,PLAN 36-60,ALTA GRACIA,46.6,MINIMALISTA,S.F,LLAVE EN MANO,LADRILLO,NO LE INTERESA,57.0,24056000.0
2025-08-27,Juan Gonzalez,CONTADO,BUENOS AIRES,77.2,CABAÑA,W.F,OBRA GRIS,MADERA,NO LE INTERESA,670.0,26017000.0
2025-08-24,Carla Lopez,FINANCIACION PROPIA,BUENOS AIRES,66.9,MINIMALISTA,E.E,OBRA GRIS,MADERA,NO LE INTERESA,760.0,20627000.0
2025-02-21,Luis Romero,PLAN 36-60,BUENOS AIRES,73.5,CABAÑA,W.F,LLAVE EN MANO,,NO LE INTERESA,676.0,33895000.0
2024-04-24,Jorge Romero,PLAN 36-60,SANTIAGO DEL ESTERO,33.0,MINIMALISTA,W.F,LLAVE EN MANO,LADRILLO,NO LE INTERESA,467.0,15924000.0
2025-09-08,Lucia Martinez,CONTADO,BUENOS AIRES,57.0,CABAÑA,E.E,LLAVE EN MANO,LADRILLO,NO LE INTERESA,755.0,22975000.0
2024-07-14,Pedro Martinez,PLAN 36-60,SANTIAGO DEL ESTERO,53.9,AMERICANA,W.F,LLAVE EN MANO,PIEDRA NATURAL,VENDIDO,436.0,25980000.0
2025-05-15,Ana Sanchez,CONTADO,LA PLATA,26.6,AMERICANA,E.E,OBRA GRIS,PIEDRA NATURAL,POTABLE,783.0,8584000.0
2025-09-17,Luis Gonzalez,CONTADO,LA PLATA,77.1,MINIMALISTA,W.F,OBRA GRIS,PIEDRA NATURAL,POTABLE,745.0,26732000.0
2025-05-07,Jorge Martinez,FINANCIACION PROPIA,BUENOS AIRES,38.7,AMERICANA,E.E,LLAVE EN MANO,MADERA,NO LE INTERESA,690.0,15810000.0
2024-03-15,Jorge Rodriguez,CONTADO,ALTA GRACIA,42.8,CABAÑA,S.F,OBRA GRIS,LADRILLO,POTABLE,40.0,15331000.0
2025-02-16,Juan Perez,CONTADO,MENDIOLAZA,34.7,MINIMALISTA,W.F,OBRA GRIS,PIEDRA NATURAL,VENDIDO,41.0,11128000.0
2025-01-10,Lucia Romero,CONTADO,LA PLATA,69.0,MINIMALISTA,S.F,LLAVE EN MANO,PIEDRA NATURAL,POTABLE,736.0,33278000.0
2025-02-23,Juan Romero,PLAN 36-60,SANTIAGO DEL ESTERO,24.5,CABAÑA,E.E,OBRA GRIS,MADERA,VENDIDO,428.0,7437000.0
2025-12-29,Maria Sanchez,CONTADO,ALTA GRACIA,,CABAÑA,E.E,OBRA GRIS,MADERA,NO LE INTERESA,60.0,19057000.0
2024-10-03,Lucia Garcia,CONTADO,BUENOS AIRES,75.9,CABAÑA,S.F,LLAVE EN MANO,LADRILLO,NO LE INTERESA,693.0,36899000.0
2026-01-30,Pedro Sanchez,PLAN 36-60,ALTA GRACIA,65.7,MINIMALISTA,E.E,OBRA GRIS,LADRILLO,POTABLE,46.0,17881000.0
2025-11-06,Jorge Romero,PLAN 36-60,ALTA GRACIA,69.3,CABAÑA,E.E,OBRA GRIS,PIEDRA NATURAL,VENDIDO,60.0,19426000.0
2025-01-28,Lucia Sanchez,NO SABE,CÓRDOBA CAPITAL,70.2,AMERICANA,E.E,LLAVE EN MANO,PIEDRA NATURAL,POTABLE,14.0,27106000.0
2025-04-01,Jorge Rodriguez,CONTADO,MENDIOLAZA,36.0,MINIMALISTA,E.E,OBRA GRIS,PIEDRA NATURAL,POTABLE,29.0,10064000.0
2024-07-10,Pedro Romero,CONTADO,BUENOS AIRES,83.7,CABAÑA,E.E,LLAVE EN MANO,,POTABLE,743.0,33792000.0
2026-01-08,Juan Romero,PLAN 36-60,MENDIOLAZA,45.8,MINIMALISTA,E.E,LLAVE EN MANO,PIEDRA NATURAL,VENDIDO,28.0,17348000.0
2025-11-19,Lucia Gonzalez,CONTADO,LA PLATA,53.7,AMERICANA,E.E,LLAVE EN MANO,MADERA,NO LE INTERESA,733.0,21444000.0
2024-04-08,Diego Gonzalez,FINANCIACION PROPIA,MENDIOLAZA,48.3,AMERICANA,E.E,LLAVE EN MANO,LADRILLO,NO LE INTERESA,31.0,19641000.0
2025-07-01,Lucia Garcia,PLAN 36-60,CARLOS PAZ,64.8,CABAÑA,S.F,LLAVE EN MANO,MADERA,NO LE INTERESA,48.0,30751000.0
2024-04-05,Carla Sanchez,CONTADO,SANTIAGO DEL ESTERO,44.2,MINIMALISTA,W.F,LLAVE EN MANO,LADRILLO,NO LE INTERESA,404.0,20872000.0
2025-10-25,Luis Perez,FINANCIACION PROPIA,LA PLATA,56.3,CABAÑA,E.E,OBRA GRIS,LADRILLO,NO LE INTERESA,747.0,16747000.0
2025-10-24,Luis Sanchez,CONTADO,BUENOS AIRES,30.3,MINIMALISTA,S.F,LLAVE EN MANO,LADRILLO,NO LE INTERESA,695.0,16634000.0
2024-07-08,Pedro Perez,NO SABE,MENDIOLAZA,78.3,CABAÑA,E.E,OBRA GRIS,MADERA,NO LE INTERESA,26.0,21010000.0
2026-01-05,Diego Garcia,FINANCIACION PROPIA,SANTIAGO DEL ESTERO,68.4,CABAÑA,W.F,LLAVE EN MANO,PIEDRA NATURAL,NO LE INTERESA,465.0,32574000.0
2024-02-06,Maria Romero,,BUENOS AIRES,49.2,MINIMALISTA,E.E,LLAVE EN MANO,LADRILLO,POTABLE,689.0,20303000.0
2026-02-18,Ana Gonzalez,CONTADO,BUENOS AIRES,45.6,MINIMALISTA,S.F,LLAVE EN MANO,LADRILLO,POTABLE,721.0,22267000.0
2025-01-03,Lucia Lopez,CONTADO,LA PLATA,67.9,AMERICANA,S.F,OBRA GRIS,MADERA,POTABLE,760.0,24316000.0
2025-11-25,Elena Perez,CONTADO,CARLOS PAZ,40.9,AMERICANA,W.F,OBRA GRIS,MADERA,POTABLE,35.0,13100000.0
2025-06-08,Juan Rodriguez,CONTADO,SANTIAGO DEL ESTERO,57.5,MINIMALISTA,E.E,LLAVE EN MANO,PIEDRA NATURAL,NO LE INTERESA,427.0,22750000.0
2024-10-05,Luis Sanchez,PLAN 36-60,CARLOS PAZ,78.2,AMERICANA,S.F,OBRA GRIS,PIEDRA NATURAL,NO LE INTERESA,34.0,27044000.0
2024-08-04,Carla Gonzalez,NO SABE,SANTIAGO DEL ESTERO,38.8,AMERICANA,W.F,LLAVE EN MANO,LADRILLO,VENDIDO,406.0,18854000.0
2024-09-29,Jorge Romero,PLAN 36-60,CÓRDOBA CAPITAL,62.4,MINIMALISTA,W.F,LLAVE EN MANO,MADERA,POTABLE,20.0,27768000.0
2024-03-02,Ana Gonzalez,PLAN 36-60,BUENOS AIRES,61.3,MINIMALISTA,E.E,OBRA GRIS,PIEDRA NATURAL,NO LE INTERESA,727.0,18106000.0
2025-08-18,Luis Sanchez,PLAN 36-60,CÓRDOBA CAPITAL,53.1,MINIMALISTA,S.F,LLAVE EN MANO,PIEDRA NATURAL,NO LE INTERESA,9.0,26712000.0
2025-12-29,Lucia Gonzalez,FINANCIACION PROPIA,SANTIAGO DEL ESTERO,44.9,CABAÑA,E.E,LLAVE EN MANO,PIEDRA NATURAL,POTABLE,462.0,18831000.0
2024-12-07,Jorge Perez,CONTADO,SANTIAGO DEL ESTERO,79.3,MINIMALISTA,E.E,OBRA GRIS,MADERA,NO LE INTERESA,498.0,21996000.0
2025-01-31,Elena Martinez,PLAN 36-60,CARLOS PAZ,43.0,MINIMALISTA,E.E,LLAVE EN MANO,MADERA,VENDIDO,32.0,17249000.0
2025-11-29,Ana Martinez,FINANCIACION PROPIA,BUENOS AIRES,20.0,MINIMALISTA,S.F,LLAVE EN MANO,MADERA,POTABLE,709.0,10845000.0
2024-01-19,Lucia Garcia,FINANCIACION PROPIA,MENDIOLAZA,67.8,AMERICANA,W.F,OBRA GRIS,MADERA,NO LE INTERESA,38.0,21087000.0
2024-06-25,Lucia Gonzalez,NO SABE,BUENOS AIRES,31.0,MINIMALISTA,E.E,OBRA GRIS,MADERA,POTABLE,665.0,9450000.0
2025-09-03,Juan Martinez,FINANCIACION PROPIA,ALTA GRACIA,68.8,AMERICANA,E.E,LLAVE EN MANO,LADRILLO,POTABLE,54.0,25820000.0
2025-01-30,Maria Martinez,CONTADO,SANTIAGO DEL ESTERO,81.7,CABAÑA,S.F,LLAVE EN MANO,LADRILLO,NO LE INTERESA,498.0,40210000.0
2025-03-20,Lucia Gonzalez,PLAN 36-60,LA PLATA,67.6,MINIMALISTA,E.E,OBRA GRIS,MADERA,NO LE INTERESA,719.0,19517000.0
2024-08-20,Juan Sanchez,CONTADO,LA PLATA,76.4,MINIMALISTA,W.F,OBRA GRIS,LADRILLO,NO LE INTERESA,792.0,25485000.0
2024-03-16,Juan Garcia,PLAN 36-60,LA PLATA,95.4,AMERICANA,E.E,LLAVE EN MANO,MADERA,NO LE INTERESA,748.0,38828000.0
2024-09-21,Pedro Martinez,PLAN 36-60,CÓRDOBA CAPITAL,74.3,CABAÑA,W.F,OBRA GRIS,LADRILLO,VENDIDO,9.0,24494000.0
2025-03-30,Pedro Sanchez,PLAN 36-60,MENDIOLAZA,61.6,MINIMALISTA,E.E,OBRA GRIS,LADRILLO,POTABLE,32.0,17478000.0
2025-12-18,Carla Romero,NO SABE,CARLOS PAZ,87.7,CABAÑA,E.E,OBRA GRIS,PIEDRA NATURAL,NO LE INTERESA,32.0,25043000.0
2026-01-04,Elena Perez,PLAN 36-60,MENDIOLAZA,90.1,CABAÑA,E.E,LLAVE EN MANO,MADERA,NO LE INTERESA,33.0,36662000.0
2025-01-18,Carla Gonzalez,CONTADO,CÓRDOBA CAPITAL,90.4,MINIMALISTA,W.F,LLAVE EN MANO,LADRILLO,NO LE INTERESA,5.0,42284000.0
2025-07-17,Juan Gonzalez,CONTADO,MENDIOLAZA,45.2,CABAÑA,E.E,LLAVE EN MANO,LADRILLO,NO LE INTERESA,38.0,18417000.0
2025-05-20,Carla Romero,FINANCIACION PROPIA,MENDIOLAZA,27.9,CABAÑA,E.E,LLAVE EN MANO,PIEDRA NATURAL,VENDIDO,32.0,10604000.0
2025-01-01,Juan Gonzalez,CONTADO,BUENOS AIRES,43.9,MINIMALISTA,E.E,LLAVE EN MANO,LADRILLO,POTABLE,706.0,17813000.0
2024-05-23,Pedro Rodriguez,CONTADO,LA PLATA,69.1,AMERICANA,W.F,OBRA GRIS,,NO LE INTERESA,730.0,23351000.0
2024-03-09,Lucia Sanchez,CONTADO,SANTIAGO DEL ESTERO,58.2,MINIMALISTA,E.E,OBRA GRIS,LADRILLO,NO LE INTERESA,436.0,16711000.0
2024-04-08,Elena Sanchez,PLAN 36-60,LA PLATA,50.9,CABAÑA,S.F,OBRA GRIS,PIEDRA NATURAL,NO LE INTERESA,728.0,18211000.0
2025-01-30,Luis Martinez,CONTADO,MENDIOLAZA,66.2,MINIMALISTA,W.F,LLAVE EN MANO,PIEDRA NATURAL,NO LE INTERESA,38.0,29265000.0
2024-01-25,Jorge Gonzalez,NO SABE,SANTIAGO DEL ESTERO,25.6,AMERICANA,S.F,LLAVE EN MANO,MADERA,POTABLE,420.0,13800000.0
2025-04-13,Maria Lopez,NO SABE,BUENOS AIRES,57.8,CABAÑA,E.E,OBRA GRIS,MADERA,POTABLE,722.0,17003000.0
2025-04-28,Ana Sanchez,NO SABE,CARLOS PAZ,77.4,CABAÑA,W.F,OBRA GRIS,LADRILLO,POTABLE,37.0,24776000.0
2025-07-18,Luis Gonzalez,CONTADO,ALTA GRACIA,66.0,AMERICANA,W.F,OBRA GRIS,MADERA,NO LE INTERESA,51.0,20276000.0
2024-05-30,Pedro Martinez,NO SABE,SANTIAGO DEL ESTERO,68.8,AMERICANA,E.E,OBRA GRIS,MADERA,NO LE INTERESA,454.0,20383000.0
2024-05-23,Diego Gonzalez,NO SABE,CÓRDOBA CAPITAL,86.9,CABAÑA,S.F,LLAVE EN MANO,MADERA,POTABLE,16.0,42237000.0
2025-07-22,Luis Perez,NO SABE,LA PLATA,53.7,AMERICANA,W.F,LLAVE EN MANO,LADRILLO,VENDIDO,777.0,24366000.0
2024-02-08,Diego Rodriguez,PLAN 36-60,BUENOS AIRES,41.9,MINIMALISTA,W.F,OBRA GRIS,LADRILLO,POTABLE,702.0,15226000.0
2024-04-18,Elena Romero,FINANCIACION PROPIA,BUENOS AIRES,78.8,AMERICANA,W.F,LLAVE EN MANO,MADERA,NO LE INTERESA,742.0,37652000.0
2025-11-23,Lucia Garcia,CONTADO,LA PLATA,78.4,MINIMALISTA,W.F,LLAVE EN MANO,MADERA,POTABLE,783.0,37343000.0
2024-02-11,Ana Gonzalez,FINANCIACION PROPIA,MENDIOLAZA,66.2,CABAÑA,W.F,LLAVE EN MANO,LADRILLO,NO LE INTERESA,34.0,31263000.0
2024-07-04,Luis Romero,CONTADO,MENDIOLAZA,51.8,CABAÑA,E.E,LLAVE EN MANO,MADERA,NO LE INTERESA,42.0,20180000.0
2025-02-01,Jorge Sanchez,CONTADO,MENDIOLAZA,55.0,CABAÑA,W.F,OBRA GRIS,PIEDRA NATURAL,POTABLE,41.0,18160000.0
2024-08-10,Luis Lopez,NO SABE,BUENOS AIRES,29.5,CABAÑA,S.F,OBRA GRIS,LADRILLO,NO LE INTERESA,713.0,11060000.0
2025-09-25,Juan Lopez,PLAN 36-60,MENDIOLAZA,77.3,CABAÑA,W.F,LLAVE EN MANO,LADRILLO,POTABLE,22.0,35567000.0
2024-05-12,Jorge Gonzalez,CONTADO,LA PLATA,76.6,AMERICANA,E.E,OBRA GRIS,PIEDRA NATURAL,POTABLE,767.0,21500000.0
2024-06-11,Jorge Rodriguez,NO SABE,SANTIAGO DEL ESTERO,28.8,AMERICANA,E.E,LLAVE EN MANO,,POTABLE,436.0,11497000.0
2024-08-02,Ana Gonzalez,NO SABE,CARLOS PAZ,72.4,CABAÑA,S.F,OBRA GRIS,PIEDRA NATURAL,POTABLE,44.0,25216000.0
2026-01-02,Ana Rodriguez,CONTADO,SANTIAGO DEL ESTERO,63.1,AMERICANA,W.F,OBRA GRIS,MADERA,NO LE INTERESA,465.0,19990000.0
2024-08-22,Juan Romero,FINANCIACION PROPIA,CÓRDOBA CAPITAL,34.6,AMERICANA,S.F,OBRA GRIS,MADERA,NO LE INTERESA,21.0,12095000.0
2025-10-19,Ana Gonzalez,CONTADO,LA PLATA,30.9,CABAÑA,S.F,OBRA GRIS,LADRILLO,POTABLE,777.0,12008000.0
2026-01-20,Carla Perez,CONTADO,SANTIAGO DEL ESTERO,62.5,AMERICANA,S.F,OBRA GRIS,LADRILLO,POTABLE,468.0,22852000.0
2025-08-10,Lucia Lopez,CONTADO,LA PLATA,47.0,CABAÑA,S.F,OBRA GRIS,,POTABLE,721.0,16831000.0
2024-01-09,Lucia Sanchez,CONTADO,BUENOS AIRES,91.4,CABAÑA,W.F,OBRA GRIS,PIEDRA NATURAL,POTABLE,679.0,29478000.0
2024-03-14,Ana Perez,CONTADO,CÓRDOBA CAPITAL,74.1,CABAÑA,E.E,LLAVE EN MANO,LADRILLO,NO LE INTERESA,21.0,29408000.0
2025-05-06,Ana Sanchez,CONTADO,BUENOS AIRES,64.5,CABAÑA,E.E,OBRA GRIS,MADERA,POTABLE,701.0,19414000.0
2024-09-09,Diego Martinez,NO SABE,ALTA GRACIA,65.5,AMERICANA,W.F,LLAVE EN MANO,LADRILLO,NO LE INTERESA,54.0,28205000.0
2024-08-17,Juan Gonzalez,PLAN 36-60,ALTA GRACIA,81.6,AMERICANA,S.F,OBRA GRIS,LADRILLO,NO LE INTERESA,38.0,28733000.0
2025-06-02,Elena Martinez,FINANCIACION PROPIA,ALTA GRACIA,71.9,MINIMALISTA,W.F,OBRA GRIS,LADRILLO,POTABLE,40.0,23873000.0
2024-06-22,Elena Sanchez,FINANCIACION PROPIA,LA PLATA,65.0,MINIMALISTA,S.F,OBRA GRIS,PIEDRA NATURAL,VENDIDO,766.0,22869000.0
2025-10-14,Ana Lopez,CONTADO,SANTIAGO DEL ESTERO,35.4,CABAÑA,S.F,LLAVE EN MANO,PIEDRA NATURAL,POTABLE,450.0,17865000.0
2024-06-16,Diego Gonzalez,NO SABE,LA PLATA,116.2,MINIMALISTA,W.F,LLAVE EN MANO,,POTABLE,737.0,52560000.0
2024-06-18,Jorge Gonzalez,FINANCIACION PROPIA,BUENOS AIRES,32.9,AMERICANA,W.F,LLAVE EN MANO,PIEDRA NATURAL,POTABLE,701.0,16540000.0
2025-01-27,Ana Sanchez,CONTADO,CARLOS PAZ,48.7,AMERICANA,S.F,LLAVE EN MANO,MADERA,POTABLE,31.0,23158000.0
2025-09-25,Jorge Gonzalez,CONTADO,BUENOS AIRES,21.9,MINIMALISTA,S.F,LLAVE EN MANO,MADERA,POTABLE,664.0,11514000.0
2024-07-12,Jorge Romero,FINANCIACION PROPIA,SANTIAGO DEL ESTERO,65.8,MINIMALISTA,S.F,OBRA GRIS,LADRILLO,POTABLE,409.0,24586000.0
2025-05-31,Ana Lopez,FINANCIACION PROPIA,BUENOS AIRES,58.0,AMERICANA,S.F,LLAVE EN MANO,LADRILLO,NO LE INTERESA,718.0,28997000.0
2024-01-29,Diego Gonzalez,FINANCIACION PROPIA,BUENOS AIRES,,MINIMALISTA,W.F,LLAVE EN MANO,PIEDRA NATURAL,NO LE INTERESA,746.0,32913000.0
2024-06-13,Elena Martinez,CONTADO,CÓRDOBA CAPITAL,,AMERICANA,E.E,LLAVE EN MANO,MADERA,NO LE INTERESA,12.0,7566000.0
2025-02-25,Luis Gonzalez,CONTADO,MENDIOLAZA,77.3,AMERICANA,E.E,OBRA GRIS,MADERA,NO LE INTERESA,21.0,22727000.0
2024-12-04,Jorge Martinez,PLAN 36-60,ALTA GRACIA,38.9,MINIMALISTA,S.F,OBRA GRIS,LADRILLO,NO LE INTERESA,53.0,14139000.0
2025-10-09,Jorge Perez,PLAN 36-60,SANTIAGO DEL ESTERO,52.0,MINIMALISTA,E.E,OBRA GRIS,LADRILLO,POTABLE,486.0,15494000.0
2025-05-10,Ana Sanchez,CONTADO,SANTIAGO DEL ESTERO,73.6,CABAÑA,E.E,LLAVE EN MANO,LADRILLO,POTABLE,414.0,28178000.0
2024-12-30,Maria Perez,CONTADO,ALTA GRACIA,60.2,CABAÑA,E.E,OBRA GRIS,PIEDRA NATURAL,POTABLE,45.0,16204000.0
2024-12-07,Pedro Rodriguez,PLAN 36-60,BUENOS AIRES,61.6,CABAÑA,E.E,LLAVE EN MANO,MADERA,NO LE INTERESA,676.0,25274000.0
2025-05-14,Luis Perez,FINANCIACION PROPIA,CÓRDOBA CAPITAL,71.0,CABAÑA,E.E,OBRA GRIS,MADERA,POTABLE,8.0,19464000.0
2025-10-18,Luis Rodriguez,CONTADO,LA PLATA,63.6,CABAÑA,E.E,OBRA GRIS,MADERA,POTABLE,775.0,19203000.0
2025-05-25,Luis Garcia,PLAN 36-60,LA PLATA,48.2,AMERICANA,S.F,OBRA GRIS,LADRILLO,POTABLE,807.0,18258000.0
2024-11-22,Ana Martinez,FINANCIACION PROPIA,BUENOS AIRES,,MINIMALISTA,S.F,OBRA GRIS,PIEDRA NATURAL,POTABLE,728.0,19837000.0
2024-08-04,Elena Rodriguez,NO SABE,BUENOS AIRES,59.2,AMERICANA,S.F,OBRA GRIS,PIEDRA NATURAL,POTABLE,758.0,21379000.0
2024-10-27,Pedro Lopez,CONTADO,MENDIOLAZA,37.1,CABAÑA,W.F,LLAVE EN MANO,LADRILLO,POTABLE,31.0,16902000.0
2024-05-11,Jorge Martinez,CONTADO,SANTIAGO DEL ESTERO,74.9,CABAÑA,E.E,LLAVE EN MANO,PIEDRA NATURAL,POTABLE,490.0,30931000.0
2024-03-10,Juan Garcia,NO SABE,ALTA GRACIA,60.8,MINIMALISTA,E.E,OBRA GRIS,PIEDRA NATURAL,POTABLE,40.0,17068000.0
2024-09-08,Diego Sanchez,CONTADO,BUENOS AIRES,56.5,AMERICANA,W.F,LLAVE EN MANO,MADERA,POTABLE,672.0,27354000.0
2025-02-18,Maria Garcia,FINANCIACION PROPIA,BUENOS AIRES,78.8,CABAÑA,E.E,OBRA GRIS,LADRILLO,POTABLE,730.0,22305000.0
2026-02-25,Jorge Gonzalez,PLAN 36-60,CARLOS PAZ,52.6,CABAÑA,S.F,OBRA GRIS,LADRILLO,POTABLE,39.0,18900000.0
2025-03-20,Pedro Lopez,CONTADO,CÓRDOBA CAPITAL,51.4,CABAÑA,S.F,OBRA GRIS,LADRILLO,NO LE INTERESA,13.0,18807000.0
2024-06-30,Pedro Perez,PLAN 36-60,LA PLATA,45.3,CABAÑA,W.F,OBRA GRIS,LADRILLO,POTABLE,777.0,15487000.0
2024-06-15,Ana Romero,PLAN 36-60,CÓRDOBA CAPITAL,61.9,AMERICANA,S.F,OBRA GRIS,MADERA,POTABLE,13.0,21395000.0
2024-03-31,Luis Garcia,PLAN 36-60,CÓRDOBA CAPITAL,61.2,AMERICANA,W.F,OBRA GRIS,PIEDRA NATURAL,POTABLE,19.0,18913000.0
2025-12-14,Jorge Garcia,CONTADO,MENDIOLAZA,41.7,CABAÑA,S.F,OBRA GRIS,PIEDRA NATURAL,POTABLE,27.0,14843000.0
2025-06-14,Carla Garcia,NO SABE,CÓRDOBA CAPITAL,51.4,AMERICANA,E.E,LLAVE EN MANO,MADERA,POTABLE,25.0,20292000.0
2024-02-08,Pedro Sanchez,PLAN 36-60,ALTA GRACIA,41.8,CABAÑA,S.F,LLAVE EN MANO,PIEDRA NATURAL,VENDIDO,43.0,19602000.0
2024-05-05,Elena Gonzalez,PLAN 36-60,MENDIOLAZA,40.9,MINIMALISTA,W.F,OBRA GRIS,LADRILLO,NO LE INTERESA,33.0,13553000.0
2025-03-26,Elena Sanchez,FINANCIACION PROPIA,BUENOS AIRES,20.4,MINIMALISTA,E.E,LLAVE EN MANO,MADERA,POTABLE,662.0,9286000.0
2024-06-21,Elena Romero,PLAN 36-60,ALTA GRACIA,50.4,MINIMALISTA,W.F,OBRA GRIS,MADERA,NO LE INTERESA,55.0,16975000.0
2025-10-14,Jorge Romero,FINANCIACION PROPIA,MENDIOLAZA,21.0,AMERICANA,E.E,LLAVE EN MANO,LADRILLO,POTABLE,36.0,8324000.0
2026-01-23,Carla Sanchez,NO SABE,ALTA GRACIA,45.7,CABAÑA,E.E,LLAVE EN MANO,LADRILLO,POTABLE,40.0,17889000.0
2024-08-07,Jorge Romero,CONTADO,MENDIOLAZA,42.7,MINIMALISTA,S.F,OBRA GRIS,,NO LE INTERESA,25.0,15546000.0
2025-09-29,Jorge Rodriguez,PLAN 36-60,MENDIOLAZA,76.0,MINIMALISTA,S.F,OBRA GRIS,PIEDRA NATURAL,POTABLE,27.0,26371000.0
2024-02-27,Ana Garcia,NO SABE,SANTIAGO DEL ESTERO,,AMERICANA,E.E,LLAVE EN MANO,LADRILLO,NO LE INTERESA,458.0,14512000.0
2025-10-21,Diego Gonzalez,CONTADO,ALTA GRACIA,39.8,AMERICANA,S.F,OBRA GRIS,MADERA,NO LE INTERESA,49.0,14165000.0
2025-04-20,Luis Garcia,CONTADO,SANTIAGO DEL ESTERO,47.4,MINIMALISTA,S.F,LLAVE EN MANO,PIEDRA NATURAL,NO LE INTERESA,427.0,23561000.0
2025-03-31,Maria Rodriguez,NO SABE,BUENOS AIRES,43.4,CABAÑA,W.F,OBRA GRIS,PIEDRA NATURAL,VENDIDO,729.0,14446000.0
2024-12-26,Pedro Perez,FINANCIACION PROPIA,MENDIOLAZA,82.4,CABAÑA,S.F,LLAVE EN MANO,MADERA,NO LE INTERESA,42.0,38504000.0
2024-01-01,Lucia Perez,NO SABE,LA PLATA,32.2,CABAÑA,E.E,LLAVE EN MANO,PIEDRA NATURAL,NO LE INTERESA,714.0,13595000.0
2025-01-21,Elena Lopez,CONTADO,MENDIOLAZA,47.4,MINIMALISTA,S.F,LLAVE EN MANO,LADRILLO,POTABLE,30.0,23227000.0
2024-12-13,Luis Gonzalez,CONTADO,LA PLATA,61.6,AMERICANA,E.E,OBRA GRIS,LADRILLO,POTABLE,769.0,18995000.0
2024-07-08,Juan Martinez,CONTADO,LA PLATA,72.6,CABAÑA,E.E,LLAVE EN MANO,LADRILLO,NO LE INTERESA,769.0,29359000.0
2025-05-19,Jorge Lopez,,LA PLATA,47.4,MINIMALISTA,W.F,OBRA GRIS,LADRILLO,VENDIDO,712.0,15973000.0
2024-07-09,Pedro Rodriguez,PLAN 36-60,LA PLATA,20.0,MINIMALISTA,E.E,OBRA GRIS,PIEDRA NATURAL,NO LE INTERESA,731.0,6671000.0
2025-05-22,Ana Martinez,CONTADO,ALTA GRACIA,52.0,AMERICANA,E.E,OBRA GRIS,MADERA,VENDIDO,37.0,14233000.0
2025-01-03,Maria Romero,CONTADO,CARLOS PAZ,82.0,CABAÑA,W.F,OBRA GRIS,PIEDRA NATURAL,POTABLE,44.0,25388000.0
2025-02-12,Jorge Martinez,PLAN 36-60,ALTA GRACIA,60.6,MINIMALISTA,E.E,OBRA GRIS,MADERA,POTABLE,51.0,16385000.0
2024-04-26,Elena Sanchez,PLAN 36-60,BUENOS AIRES,59.7,CABAÑA,W.F,LLAVE EN MANO,MADERA,POTABLE,676.0,27422000.0
2024-05-13,Lucia Lopez,CONTADO,CARLOS PAZ,33.7,CABAÑA,E.E,OBRA GRIS,LADRILLO,NO LE INTERESA,38.0,9030000.0
2024-02-27,Carla Sanchez,NO SABE,ALTA GRACIA,31.7,CABAÑA,S.F,OBRA GRIS,PIEDRA NATURAL,NO LE INTERESA,43.0,10847000.0
2025-07-09,Elena Perez,CONTADO,BUENOS AIRES,55.4,MINIMALISTA,W.F,LLAVE EN MANO,LADRILLO,POTABLE,742.0,26837000.0
2025-11-15,Juan Perez,FINANCIACION PROPIA,LA PLATA,26.5,CABAÑA,W.F,LLAVE EN MANO,PIEDRA NATURAL,VENDIDO,729.0,12694000.0
2025-11-02,Pedro Lopez,FINANCIACION PROPIA,CÓRDOBA CAPITAL,70.6,AMERICANA,E.E,OBRA GRIS,PIEDRA NATURAL,NO LE INTERESA,19.0,19026000.0
2024-06-21,Pedro Lopez,PLAN 36-60,MENDIOLAZA,38.1,MINIMALISTA,W.F,OBRA GRIS,LADRILLO,NO LE INTERESA,40.0,12882000.0
2024-05-28,Elena Lopez,CONTADO,CARLOS PAZ,54.5,MINIMALISTA,E.E,OBRA GRIS,PIEDRA NATURAL,NO LE INTERESA,51.0,15524000.0
2024-03-20,Elena Lopez,CONTADO,CÓRDOBA CAPITAL,20.0,CABAÑA,W.F,LLAVE EN MANO,LADRILLO,POTABLE,22.0,8651000.0
2024-07-31,Lucia Gonzalez,FINANCIACION PROPIA,LA PLATA,47.1,CABAÑA,W.F,OBRA GRIS,MADERA,NO LE INTERESA,740.0,15564000.0
2024-07-21,Luis Martinez,CONTADO,CARLOS PAZ,31.3,CABAÑA,S.F,OBRA GRIS,LADRILLO,POTABLE,51.0,11155000.0
2026-02-02,Jorge Garcia,FINANCIACION PROPIA,CÓRDOBA CAPITAL,20.0,MINIMALISTA,E.E,LLAVE EN MANO,PIEDRA NATURAL,POTABLE,24.0,7908000.0
2024-08-16,Juan Rodriguez,NO SABE,ALTA GRACIA,65.8,AMERICANA,S.F,LLAVE EN MANO,PIEDRA NATURAL,NO LE INTERESA,53.0,30926000.0
2025-11-06,Lucia Gonzalez,NO SABE,BUENOS AIRES,87.8,AMERICANA,W.F,LLAVE EN MANO,MADERA,VENDIDO,667.0,39462000.0
2024-08-14,Diego Garcia,PLAN 36-60,LA PLATA,77.6,MINIMALISTA,E.E,OBRA GRIS,MADERA,NO LE INTERESA,714.0,23777000.0
2025-10-20,Elena Martinez,FINANCIACION PROPIA,ALTA GRACIA,68.6,AMERICANA,S.F,OBRA GRIS,MADERA,NO LE INTERESA,52.0,24261000.0
2025-06-15,Luis Lopez,NO SABE,ALTA GRACIA,46.7,CABAÑA,W.F,OBRA GRIS,LADRILLO,NO LE INTERESA,59.0,15036000.0
2025-03-16,Pedro Rodriguez,CONTADO,LA PLATA,71.1,MINIMALISTA,S.F,LLAVE EN MANO,LADRILLO,POTABLE,787.0,35120000.0
2025-02-05,Maria Rodriguez,CONTADO,CARLOS PAZ,79.5,AMERICANA,W.F,LLAVE EN MANO,PIEDRA NATURAL,NO LE INTERESA,51.0,34600000.0
2024-02-16,Jorge Gonzalez,CONTADO,MENDIOLAZA,57.7,MINIMALISTA,W.F,OBRA GRIS,MADERA,NO LE INTERESA,34.0,18449000.0
2024-08-20,Ana Romero,CONTADO,SANTIAGO DEL ESTERO,31.3,AMERICANA,E.E,LLAVE EN MANO,MADERA,POTABLE,430.0,13460000.0
2024-10-31,Ana Sanchez,FINANCIACION PROPIA,SANTIAGO DEL ESTERO,45.0,MINIMALISTA,E.E,LLAVE EN MANO,LADRILLO,POTABLE,468.0,17514000.0
2025-06-09,Elena Romero,PLAN 36-60,MENDIOLAZA,89.1,AMERICANA,E.E,LLAVE EN MANO,PIEDRA NATURAL,POTABLE,38.0,36702000.0
2024-05-22,Elena Gonzalez,FINANCIACION PROPIA,LA PLATA,53.5,MINIMALISTA,W.F,LLAVE EN MANO,MADERA,POTABLE,778.0,24546000.0
2025-02-18,Maria Lopez,FINANCIACION PROPIA,SANTIAGO DEL ESTERO,20.0,MINIMALISTA,S.F,OBRA GRIS,LADRILLO,POTABLE,495.0,7672000.0
2025-05-27,Pedro Perez,PLAN 36-60,MENDIOLAZA,25.6,MINIMALISTA,E.E,OBRA GRIS,LADRILLO,POTABLE,29.0,6883000.0
2025-01-07,Pedro Lopez,PLAN 36-60,CÓRDOBA CAPITAL,46.5,MINIMALISTA,E.E,LLAVE EN MANO,MADERA,NO LE INTERESA,6.0,18392000.0
2025-07-19,Luis Martinez,CONTADO,MENDIOLAZA,75.7,MINIMALISTA,E.E,LLAVE EN MANO,MADERA,NO LE INTERESA,43.0,29690000.0
2024-09-15,Pedro Romero,FINANCIACION PROPIA,CARLOS PAZ,49.5,CABAÑA,E.E,LLAVE EN MANO,PIEDRA NATURAL,NO LE INTERESA,34.0,19779000.0
2025-10-17,Elena Lopez,PLAN 36-60,BUENOS AIRES,76.1,MINIMALISTA,W.F,LLAVE EN MANO,MADERA,POTABLE,730.0,35552000.0
2025-04-15,Carla Gonzalez,PLAN 36-60,MENDIOLAZA,44.5,MINIMALISTA,S.F,LLAVE EN MANO,LADRILLO,NO LE INTERESA,42.0,21645000.0
2024-01-12,Diego Sanchez,CONTADO,ALTA GRACIA,,MINIMALISTA,W.F,OBRA GRIS,MADERA,POTABLE,43.0,6659000.0
2024-11-25,Maria Perez,NO SABE,ALTA GRACIA,45.2,AMERICANA,W.F,LLAVE EN MANO,MADERA,NO LE INTERESA,56.0,19488000.0
2026-01-05,Pedro Martinez,,BUENOS AIRES,61.9,MINIMALISTA,W.F,OBRA GRIS,PIEDRA NATURAL,POTABLE,693.0,21057000.0
2026-02-22,Elena Rodriguez,PLAN 36-60,LA PLATA,60.2,CABAÑA,E.E,OBRA GRIS,LADRILLO,NO LE INTERESA,789.0,17343000.0
2024-12-23,Ana Sanchez,PLAN 36-60,ALTA GRACIA,29.9,MINIMALISTA,S.F,LLAVE EN MANO,MADERA,POTABLE,37.0,14612000.0
2025-02-11,Maria Lopez,FINANCIACION PROPIA,CÓRDOBA CAPITAL,48.0,AMERICANA,W.F,OBRA GRIS,LADRILLO,NO LE INTERESA,21.0,15938000.0
2025-10-29,Diego Sanchez,CONTADO,MENDIOLAZA,108.7,AMERICANA,W.F,LLAVE EN MANO,PIEDRA NATURAL,NO LE INTERESA,37.0,47303000.0
2025-01-07,Elena Lopez,CONTADO,BUENOS AIRES,30.3,MINIMALISTA,W.F,LLAVE EN MANO,LADRILLO,NO LE INTERESA,709.0,15364000.0
2024-01-08,Juan Martinez,PLAN 36-60,CÓRDOBA CAPITAL,68.2,MINIMALISTA,E.E,LLAVE EN MANO,MADERA,POTABLE,22.0,27807000.0
2024-05-01,Pedro Gonzalez,CONTADO,LA PLATA,20.0,MINIMALISTA,E.E,OBRA GRIS,MADERA,POTABLE,802.0,6745000.0
2024-12-13,Diego Martinez,PLAN 36-60,ALTA GRACIA,72.3,MINIMALISTA,W.F,OBRA GRIS,PIEDRA NATURAL,VENDIDO,53.0,22206000.0
2025-11-06,Juan Perez,PLAN 36-60,BUENOS AIRES,37.2,AMERICANA,E.E,OBRA GRIS,PIEDRA NATURAL,NO LE INTERESA,756.0,11885000.0
2024-03-30,Maria Martinez,CONTADO,SANTIAGO DEL ESTERO,63.0,MINIMALISTA,S.F,LLAVE EN MANO,PIEDRA NATURAL,VENDIDO,445.0,32739000.0
2025-10-09,Pedro Martinez,CONTADO,MENDIOLAZA,29.2,AMERICANA,E.E,OBRA GRIS,LADRILLO,POTABLE,33.0,7958000.0
2025-11-28,Carla Perez,CONTADO,SANTIAGO DEL ESTERO,60.8,AMERICANA,W.F,OBRA GRIS,LADRILLO,VENDIDO,426.0,21058000.0
2024-11-11,Diego Gonzalez,CONTADO,CARLOS PAZ,36.8,CABAÑA,S.F,OBRA GRIS,LADRILLO,VENDIDO,55.0,13499000.0
2024-06-26,Diego Rodriguez,PLAN 36-60,LA PLATA,40.7,AMERICANA,E.E,LLAVE EN MANO,LADRILLO,NO LE INTERESA,716.0,16980000.0
2025-06-23,Juan Martinez,PLAN 36-60,CARLOS PAZ,63.8,MINIMALISTA,W.F,OBRA GRIS,PIEDRA NATURAL,POTABLE,39.0,21216000.0
2026-01-01,Elena Romero,NO SABE,SANTIAGO DEL ESTERO,46.4,MINIMALISTA,S.F,LLAVE EN MANO,LADRILLO,NO LE INTERESA,430.0,23252000.0
2024-02-10,Juan Martinez,CONTADO,SANTIAGO DEL ESTERO,62.6,MINIMALISTA,S.F,OBRA GRIS,LADRILLO,VENDIDO,439.0,22713000.0
2026-01-09,Maria Lopez,FINANCIACION PROPIA,SANTIAGO DEL ESTERO,51.2,MINIMALISTA,S.F,OBRA GRIS,LADRILLO,NO LE INTERESA,492.0,18322000.0
2025-12-04,Elena Perez,CONTADO,CARLOS PAZ,56.3,CABAÑA,E.E,OBRA GRIS,LADRILLO,POTABLE,39.0,15284000.0
2025-05-16,Juan Rodriguez,PLAN 36-60,BUENOS AIRES,63.9,CABAÑA,S.F,LLAVE EN MANO,PIEDRA NATURAL,POTABLE,752.0,33239000.0
2024-05-24,Pedro Sanchez,PLAN 36-60,LA PLATA,48.0,CABAÑA,E.E,LLAVE EN MANO,PIEDRA NATURAL,NO LE INTERESA,752.0,18950000.0
2024-07-19,Lucia Martinez,PLAN 36-60,MENDIOLAZA,35.1,CABAÑA,W.F,OBRA GRIS,MADERA,NO LE INTERESA,41.0,11454000.0
2025-12-24,Pedro Garcia,FINANCIACION PROPIA,BUENOS AIRES,44.4,AMERICANA,E.E,OBRA GRIS,MADERA,NO LE INTERESA,712.0,13992000.0
2025-04-05,Jorge Rodriguez,CONTADO,MENDIOLAZA,78.9,CABAÑA,E.E,LLAVE EN MANO,LADRILLO,NO LE INTERESA,28.0,30108000.0
2026-01-01,Carla Romero,CONTADO,CÓRDOBA CAPITAL,57.3,AMERICANA,W.F,LLAVE EN MANO,LADRILLO,VENDIDO,16.0,25423000.0
2026-01-21,Carla Garcia,FINANCIACION PROPIA,CÓRDOBA CAPITAL,38.1,MINIMALISTA,E.E,OBRA GRIS,PIEDRA NATURAL,POTABLE,16.0,10786000.0
2025-07-11,Juan Perez,CONTADO,SANTIAGO DEL ESTERO,63.0,AMERICANA,E.E,OBRA GRIS,MADERA,POTABLE,426.0,17816000.0
2025-06-30,Luis Gonzalez,CONTADO,LA PLATA,64.4,AMERICANA,W.F,LLAVE EN MANO,LADRILLO,POTABLE,739.0,31187000.0
2024-09-09,Carla Perez,CONTADO,LA PLATA,65.4,CABAÑA,S.F,OBRA GRIS,MADERA,VENDIDO,729.0,23664000.0
2025-01-24,Lucia Gonzalez,CONTADO,ALTA GRACIA,35.4,MINIMALISTA,W.F,LLAVE EN MANO,MADERA,NO LE INTERESA,43.0,16154000.0
2025-08-16,Maria Martinez,PLAN 36-60,ALTA GRACIA,41.4,MINIMALISTA,S.F,OBRA GRIS,MADERA,POTABLE,51.0,14168000.0
2024-09-12,Maria Rodriguez,PLAN 36-60,BUENOS AIRES,41.5,CABAÑA,E.E,OBRA GRIS,PIEDRA NATURAL,POTABLE,699.0,12088000.0
2025-12-09,Luis Lopez,CONTADO,CARLOS PAZ,47.8,AMERICANA,W.F,OBRA GRIS,LADRILLO,POTABLE,48.0,14959000.0
2025-03-25,Elena Lopez,CONTADO,ALTA GRACIA,65.8,CABAÑA,S.F,OBRA GRIS,LADRILLO,NO LE INTERESA,60.0,22071000.0
2024-01-10,Lucia Sanchez,FINANCIACION PROPIA,BUENOS AIRES,60.9,AMERICANA,E.E,LLAVE EN MANO,PIEDRA NATURAL,NO LE INTERESA,698.0,24842000.0
2024-08-29,Juan Martinez,FINANCIACION PROPIA,MENDIOLAZA,62.5,CABAÑA,E.E,OBRA GRIS,PIEDRA NATURAL,NO LE INTERESA,32.0,17700000.0
2024-09-07,Luis Romero,NO SABE,MENDIOLAZA,82.1,CABAÑA,E.E,OBRA GRIS,PIEDRA NATURAL,POTABLE,24.0,21976000.0
2024-01-05,Jorge Martinez,NO SABE,BUENOS AIRES,68.8,MINIMALISTA,S.F,OBRA GRIS,MADERA,VENDIDO,699.0,24099000.0
2024-04-28,Juan Romero,NO SABE,CARLOS PAZ,52.2,MINIMALISTA,S.F,OBRA GRIS,MADERA,POTABLE,48.0,18315000.0
2025-01-08,Luis Rodriguez,FINANCIACION PROPIA,CÓRDOBA CAPITAL,31.3,MINIMALISTA,S.F,OBRA GRIS,LADRILLO,NO LE INTERESA,10.0,11298000.0
2024-03-05,Juan Perez,PLAN 36-60,SANTIAGO DEL ESTERO,40.7,CABAÑA,E.E,OBRA GRIS,LADRILLO,POTABLE,418.0,12177000.0
2024-05-25,Pedro Garcia,CONTADO,LA PLATA,49.8,MINIMALISTA,S.F,LLAVE EN MANO,MADERA,POTABLE,748.0,24515000.0
2024-08-11,Juan Martinez,PLAN 36-60,CÓRDOBA CAPITAL,71.6,MINIMALISTA,W.F,OBRA GRIS,MADERA,POTABLE,25.0,23988000.0
2024-08-26,Lucia Romero,CONTADO,BUENOS AIRES,54.5,CABAÑA,S.F,LLAVE EN MANO,PIEDRA NATURAL,NO LE INTERESA,722.0,28948000.0
2024-06-25,Elena Martinez,FINANCIACION PROPIA,MENDIOLAZA,41.9,MINIMALISTA,S.F,LLAVE EN MANO,MADERA,NO LE INTERESA,44.0,20236000.0
2026-02-17,Lucia Rodriguez,PLAN 36-60,CÓRDOBA CAPITAL,40.3,AMERICANA,E.E,LLAVE EN MANO,LADRILLO,POTABLE,28.0,16023000.0
2024-10-08,Lucia Romero,PLAN 36-60,CARLOS PAZ,,MINIMALISTA,W.F,LLAVE EN MANO,,POTABLE,34.0,24195000.0
2024-03-03,Ana Romero,CONTADO,SANTIAGO DEL ESTERO,72.8,AMERICANA,W.F,OBRA GRIS,PIEDRA NATURAL,NO LE INTERESA,404.0,25111000.0
2024-08-04,Jorge Sanchez,PLAN 36-60,MENDIOLAZA,86.8,MINIMALISTA,W.F,OBRA GRIS,PIEDRA NATURAL,POTABLE,30.0,28019000.0
2025-11-19,Maria Garcia,CONTADO,CARLOS PAZ,50.9,CABAÑA,S.F,OBRA GRIS,LADRILLO,POTABLE,43.0,18702000.0
2025-04-05,Lucia Gonzalez,CONTADO,BUENOS AIRES,54.1,CABAÑA,E.E,LLAVE EN MANO,MADERA,NO LE INTERESA,712.0,21605000.0
2025-09-01,Luis Sanchez,CONTADO,CÓRDOBA CAPITAL,30.7,MINIMALISTA,S.F,OBRA GRIS,MADERA,NO LE INTERESA,8.0,10591000.0
2024-04-14,Pedro Sanchez,CONTADO,LA PLATA,93.8,AMERICANA,E.E,LLAVE EN MANO,LADRILLO,POTABLE,722.0,38918000.0
2024-04-08,Maria Gonzalez,PLAN 36-60,ALTA GRACIA,27.0,MINIMALISTA,W.F,LLAVE EN MANO,MADERA,VENDIDO,36.0,12572000.0
2025-05-25,Pedro Martinez,PLAN 36-60,CARLOS PAZ,78.4,CABAÑA,S.F,OBRA GRIS,MADERA,POTABLE,51.0,28155000.0
2025-01-19,Jorge Martinez,FINANCIACION PROPIA,MENDIOLAZA,47.7,MINIMALISTA,E.E,LLAVE EN MANO,LADRILLO,POTABLE,44.0,19439000.0
2025-02-08,Ana Lopez,,CÓRDOBA CAPITAL,43.0,CABAÑA,S.F,LLAVE EN MANO,LADRILLO,POTABLE,8.0,21509000.0
2025-06-01,Luis Lopez,CONTADO,ALTA GRACIA,32.8,AMERICANA,E.E,LLAVE EN MANO,PIEDRA NATURAL,NO LE INTERESA,40.0,13093000.0
2025-04-20,Jorge Sanchez,NO SABE,ALTA GRACIA,103.2,AMERICANA,W.F,LLAVE EN MANO,LADRILLO,POTABLE,37.0,46387000.0
2025-12-09,Pedro Rodriguez,PLAN 36-60,CÓRDOBA CAPITAL,59.4,CABAÑA,S.F,OBRA GRIS,PIEDRA NATURAL,NO LE INTERESA,27.0,20762000.0
2025-10-06,Luis Romero,PLAN 36-60,SANTIAGO DEL ESTERO,55.4,AMERICANA,W.F,LLAVE EN MANO,,POTABLE,496.0,25477000.0
2026-02-09,Carla Garcia,PLAN 36-60,CÓRDOBA CAPITAL,72.7,CABAÑA,S.F,LLAVE EN MANO,MADERA,POTABLE,12.0,36069000.0
2025-03-12,Carla Rodriguez,FINANCIACION PROPIA,MENDIOLAZA,42.0,CABAÑA,S.F,LLAVE EN MANO,LADRILLO,NO LE INTERESA,28.0,20430000.0
2024-01-23,Pedro Martinez,CONTADO,BUENOS AIRES,55.0,CABAÑA,E.E,OBRA GRIS,MADERA,NO LE INTERESA,696.0,15864000.0
2025-07-18,Carla Romero,CONTADO,LA PLATA,56.1,MINIMALISTA,E.E,OBRA GRIS,LADRILLO,POTABLE,760.0,16185000.0
2025-11-07,Jorge Perez,FINANCIACION PROPIA,MENDIOLAZA,44.8,AMERICANA,E.E,LLAVE EN MANO,LADRILLO,NO LE INTERESA,37.0,18365000.0
2025-12-14,Diego Sanchez,CONTADO,BUENOS AIRES,79.0,MINIMALISTA,W.F,OBRA GRIS,MADERA,NO LE INTERESA,710.0,25243000.0
2025-04-02,Luis Perez,FINANCIACION PROPIA,ALTA GRACIA,50.6,MINIMALISTA,W.F,OBRA GRIS,PIEDRA NATURAL,POTABLE,59.0,15735000.0
2024-03-23,Jorge Martinez,PLAN 36-60,LA PLATA,23.9,AMERICANA,S.F,OBRA GRIS,LADRILLO,NO LE INTERESA,720.0,9393000.0
2024-05-24,Elena Lopez,PLAN 36-60,CARLOS PAZ,49.0,MINIMALISTA,E.E,OBRA GRIS,PIEDRA NATURAL,POTABLE,50.0,13468000.0
2024-03-25,Carla Gonzalez,FINANCIACION PROPIA,ALTA GRACIA,60.0,CABAÑA,W.F,LLAVE EN MANO,MADERA,NO LE INTERESA,43.0,26857000.0
2024-03-18,Juan Gonzalez,CONTADO,SANTIAGO DEL ESTERO,37.1,MINIMALISTA,S.F,LLAVE EN MANO,MADERA,NO LE INTERESA,438.0,18115000.0
2025-04-01,Luis Perez,FINANCIACION PROPIA,CÓRDOBA CAPITAL,38.7,CABAÑA,W.F,OBRA GRIS,LADRILLO,POTABLE,23.0,12035000.0
2024-01-01,Jorge Garcia,NO SABE,CARLOS PAZ,44.1,AMERICANA,S.F,OBRA GRIS,MADERA,POTABLE,53.0,15981000.0
2024-02-20,Luis Sanchez,PLAN 36-60,MENDIOLAZA,79.4,MINIMALISTA,E.E,OBRA GRIS,LADRILLO,POTABLE,38.0,22867000.0
2025-11-15,Diego Lopez,NO SABE,LA PLATA,45.3,AMERICANA,S.F,OBRA GRIS,,VENDIDO,788.0,16363000.0
2025-12-17,Carla Perez,CONTADO,CARLOS PAZ,83.6,CABAÑA,S.F,OBRA GRIS,LADRILLO,NO LE INTERESA,49.0,29826000.0
2026-02-10,Diego Perez,FINANCIACION PROPIA,SANTIAGO DEL ESTERO,42.7,MINIMALISTA,E.E,OBRA GRIS,LADRILLO,POTABLE,432.0,12742000.0
2025-03-21,Luis Romero,CONTADO,CÓRDOBA CAPITAL,61.5,CABAÑA,E.E,OBRA GRIS,LADRILLO,NO LE INTERESA,24.0,17624000.0
2025-03-24,Elena Gonzalez,CONTADO,CARLOS PAZ,46.1,CABAÑA,S.F,LLAVE EN MANO,MADERA,POTABLE,50.0,22606000.0
2025-05-02,Jorge Perez,CONTADO,MENDIOLAZA,70.1,CABAÑA,W.F,LLAVE EN MANO,LADRILLO,NO LE INTERESA,33.0,30923000.0
2024-02-03,Lucia Perez,CONTADO,LA PLATA,32.6,AMERICANA,E.E,OBRA GRIS,PIEDRA NATURAL,NO LE INTERESA,764.0,10442000.0
2024-12-13,Elena Perez,CONTADO,CARLOS PAZ,69.9,AMERICANA,S.F,OBRA GRIS,LADRILLO,VENDIDO,49.0,24223000.0
2024-04-04,Ana Martinez,NO SABE,CÓRDOBA CAPITAL,57.3,AMERICANA,E.E,LLAVE EN MANO,LADRILLO,POTABLE,25.0,21867000.0
2024-03-12,Elena Gonzalez,FINANCIACION PROPIA,MENDIOLAZA,42.2,MINIMALISTA,E.E,LLAVE EN MANO,LADRILLO,NO LE INTERESA,28.0,16433000.0
2025-07-04,Pedro Sanchez,,CARLOS PAZ,51.7,CABAÑA,W.F,OBRA GRIS,MADERA,NO LE INTERESA,50.0,17163000.0
2024-06-02,Lucia Sanchez,CONTADO,LA PLATA,85.7,AMERICANA,E.E,LLAVE EN MANO,PIEDRA NATURAL,NO LE INTERESA,791.0,34697000.0
2024-09-06,Luis Rodriguez,FINANCIACION PROPIA,CÓRDOBA CAPITAL,57.8,CABAÑA,S.F,LLAVE EN MANO,PIEDRA NATURAL,NO LE INTERESA,11.0,27771000.0
2025-11-04,Pedro Sanchez,CONTADO,SANTIAGO DEL ESTERO,40.9,AMERICANA,S.F,OBRA GRIS,,NO LE INTERESA,472.0,15522000.0
2025-03-13,Luis Lopez,CONTADO,SANTIAGO DEL ESTERO,30.9,CABAÑA,E.E,LLAVE EN MANO,MADERA,POTABLE,419.0,13228000.0
2024-04-27,Elena Gonzalez,PLAN 36-60,ALTA GRACIA,65.1,AMERICANA,E.E,OBRA GRIS,MADERA,NO LE INTERESA,37.0,18161000.0
2026-02-09,Juan Romero,PLAN 36-60,CARLOS PAZ,58.9,AMERICANA,W.F,LLAVE EN MANO,LADRILLO,NO LE INTERESA,44.0,26285000.0
2024-11-01,Carla Rodriguez,CONTADO,LA PLATA,68.9,AMERICANA,W.F,OBRA GRIS,MADERA,VENDIDO,801.0,23651000.0
2024-09-24,Ana Martinez,FINANCIACION PROPIA,CARLOS PAZ,25.8,AMERICANA,W.F,LLAVE EN MANO,PIEDRA NATURAL,NO LE INTERESA,31.0,11161000.0
2024-02-23,Lucia Rodriguez,PLAN 36-60,CÓRDOBA CAPITAL,31.6,CABAÑA,S.F,LLAVE EN MANO,PIEDRA NATURAL,POTABLE,26.0,15820000.0
2024-08-23,Ana Sanchez,CONTADO,ALTA GRACIA,77.9,AMERICANA,W.F,OBRA GRIS,MADERA,NO LE INTERESA,48.0,25866000.0
2025-01-23,Maria Garcia,,LA PLATA,61.6,AMERICANA,S.F,LLAVE EN MANO,MADERA,POTABLE,796.0,31056000.0
2026-01-03,Elena Gonzalez,PLAN 36-60,CARLOS PAZ,65.7,AMERICANA,W.F,LLAVE EN MANO,PIEDRA NATURAL,POTABLE,51.0,28728000.0
2026-02-01,Pedro Martinez,CONTADO,LA PLATA,35.7,CABAÑA,S.F,OBRA GRIS,,NO LE INTERESA,798.0,13047000.0
2025-02-04,Lucia Perez,CONTADO,CÓRDOBA CAPITAL,35.4,AMERICANA,E.E,LLAVE EN MANO,PIEDRA NATURAL,POTABLE,24.0,14104000.0
2025-09-15,Diego Rodriguez,CONTADO,ALTA GRACIA,74.8,CABAÑA,S.F,LLAVE EN MANO,PIEDRA NATURAL,VENDIDO,56.0,35887000.0
2026-02-05,Carla Perez,PLAN 36-60,LA PLATA,75.8,MINIMALISTA,E.E,OBRA GRIS,PIEDRA NATURAL,NO LE INTERESA,728.0,22235000.0
2024-10-29,Lucia Romero,CONTADO,CÓRDOBA CAPITAL,33.2,CABAÑA,S.F,OBRA GRIS,MADERA,NO LE INTERESA,13.0,11507000.0
2024-07-25,Ana Perez,PLAN 36-60,SANTIAGO DEL ESTERO,29.4,MINIMALISTA,S.F,OBRA GRIS,MADERA,NO LE INTERESA,424.0,10571000.0
2024-08-16,Luis Garcia,CONTADO,LA PLATA,52.8,AMERICANA,E.E,OBRA GRIS,LADRILLO,NO LE INTERESA,784.0,15973000.0
2025-07-31,Lucia Rodriguez,PLAN 36-60,ALTA GRACIA,39.0,AMERICANA,S.F,OBRA GRIS,LADRILLO,NO LE INTERESA,39.0,13653000.0
2024-03-15,Diego Romero,FINANCIACION PROPIA,BUENOS AIRES,38.6,CABAÑA,S.F,OBRA GRIS,LADRILLO,POTABLE,678.0,14707000.0
2025-03-10,Diego Lopez,PLAN 36-60,MENDIOLAZA,30.0,AMERICANA,W.F,OBRA GRIS,,NO LE INTERESA,42.0,9482000.0
2024-04-12,Juan Garcia,PLAN 36-60,MENDIOLAZA,45.6,AMERICANA,E.E,OBRA GRIS,LADRILLO,POTABLE,38.0,12459000.0
2025-02-25,Ana Gonzalez,NO SABE,LA PLATA,,CABAÑA,E.E,LLAVE EN MANO,LADRILLO,POTABLE,798.0,14133000.0
2025-12-04,Ana Sanchez,PLAN 36-60,LA PLATA,33.1,AMERICANA,W.F,LLAVE EN MANO,MADERA,NO LE INTERESA,724.0,16331000.0
2026-02-02,Pedro Sanchez,CONTADO,CÓRDOBA CAPITAL,61.0,MINIMALISTA,W.F,OBRA GRIS,PIEDRA NATURAL,POTABLE,15.0,20200000.0
2026-01-07,Lucia Perez,PLAN 36-60,CARLOS PAZ,53.9,MINIMALISTA,E.E,LLAVE EN MANO,MADERA,VENDIDO,37.0,20386000.0
2024-11-01,Carla Romero,,MENDIOLAZA,64.7,AMERICANA,E.E,OBRA GRIS,MADERA,NO LE INTERESA,20.0,17645000.0
2024-04-07,Lucia Romero,CONTADO,CARLOS PAZ,22.0,AMERICANA,E.E,LLAVE EN MANO,PIEDRA NATURAL,VENDIDO,37.0,8745000.0
2024-11-30,Diego Perez,CONTADO,MENDIOLAZA,55.2,MINIMALISTA,W.F,LLAVE EN MANO,LADRILLO,POTABLE,29.0,25818000.0
2025-03-10,Carla Rodriguez,PLAN 36-60,LA PLATA,96.5,AMERICANA,W.F,OBRA GRIS,MADERA,VENDIDO,719.0,33412000.0
2025-03-22,Carla Romero,PLAN 36-60,ALTA GRACIA,47.6,MINIMALISTA,S.F,LLAVE EN MANO,MADERA,POTABLE,49.0,24174000.0
2024-11-03,Juan Gonzalez,FINANCIACION PROPIA,ALTA GRACIA,71.5,CABAÑA,W.F,LLAVE EN MANO,PIEDRA NATURAL,POTABLE,45.0,30825000.0
2024-09-05,Pedro Martinez,CONTADO,BUENOS AIRES,71.3,MINIMALISTA,S.F,LLAVE EN MANO,MADERA,POTABLE,665.0,37088000.0
2024-06-14,Lucia Lopez,CONTADO,MENDIOLAZA,72.3,AMERICANA,S.F,OBRA GRIS,LADRILLO,NO LE INTERESA,38.0,26374000.0
2025-04-25,Carla Perez,NO SABE,MENDIOLAZA,58.3,AMERICANA,W.F,LLAVE EN MANO,PIEDRA NATURAL,POTABLE,38.0,25171000.0
2024-11-30,Maria Sanchez,CONTADO,CÓRDOBA CAPITAL,66.3,MINIMALISTA,W.F,LLAVE EN MANO,MADERA,NO LE INTERESA,26.0,29676000.0
2025-06-25,Diego Romero,CONTADO,LA PLATA,,MINIMALISTA,W.F,OBRA GRIS,LADRILLO,POTABLE,759.0,23442000.0
2026-01-28,Diego Gonzalez,PLAN 36-60,LA PLATA,67.7,AMERICANA,W.F,LLAVE EN MANO,LADRILLO,POTABLE,807.0,30882000.0
2024-04-15,Luis Romero,FINANCIACION PROPIA,BUENOS AIRES,32.7,AMERICANA,E.E,LLAVE EN MANO,MADERA,NO LE INTERESA,751.0,13968000.0
2025-07-16,Luis Garcia,FINANCIACION PROPIA,CARLOS PAZ,20.9,AMERICANA,W.F,LLAVE EN MANO,LADRILLO,POTABLE,44.0,9854000.0
2024-03-21,Jorge Martinez,NO SABE,CÓRDOBA CAPITAL,23.9,CABAÑA,S.F,LLAVE EN MANO,,NO LE INTERESA,16.0,12166000.0
2024-05-12,Maria Martinez,CONTADO,SANTIAGO DEL ESTERO,49.6,CABAÑA,S.F,OBRA GRIS,LADRILLO,NO LE INTERESA,400.0,18750000.0
2024-05-17,Jorge Rodriguez,CONTADO,ALTA GRACIA,66.9,MINIMALISTA,E.E,OBRA GRIS,PIEDRA NATURAL,VENDIDO,53.0,18782000.0
2024-07-02,Ana Rodriguez,CONTADO,ALTA GRACIA,32.9,MINIMALISTA,E.E,OBRA GRIS,PIEDRA NATURAL,POTABLE,49.0,9202000.0
2025-02-04,Luis Lopez,FINANCIACION PROPIA,LA PLATA,73.5,CABAÑA,W.F,LLAVE EN MANO,PIEDRA NATURAL,VENDIDO,804.0,34909000.0
2024-11-25,Elena Rodriguez,PLAN 36-60,BUENOS AIRES,45.0,CABAÑA,E.E,OBRA GRIS,MADERA,NO LE INTERESA,719.0,13565000.0
2026-02-23,Jorge Romero,,CÓRDOBA CAPITAL,45.1,MINIMALISTA,W.F,LLAVE EN MANO,LADRILLO,VENDIDO,30.0,19443000.0
2025-05-22,Luis Rodriguez,FINANCIACION PROPIA,SANTIAGO DEL ESTERO,38.3,CABAÑA,W.F,LLAVE EN MANO,MADERA,POTABLE,485.0,18389000.0
2024-03-09,Luis Garcia,CONTADO,ALTA GRACIA,20.0,MINIMALISTA,E.E,OBRA GRIS,MADERA,NO LE INTERESA,59.0,5564000.0
2025-06-29,Carla Gonzalez,PLAN 36-60,CÓRDOBA CAPITAL,59.6,AMERICANA,E.E,OBRA GRIS,,NO LE INTERESA,13.0,15954000.0
2026-02-12,Diego Garcia,FINANCIACION PROPIA,SANTIAGO DEL ESTERO,89.3,MINIMALISTA,S.F,OBRA GRIS,MADERA,POTABLE,415.0,30349000.0
2024-02-22,Jorge Romero,CONTADO,MENDIOLAZA,,CABAÑA,E.E,LLAVE EN MANO,LADRILLO,NO LE INTERESA,40.0,22021000.0
2025-03-25,Lucia Sanchez,CONTADO,LA PLATA,20.0,CABAÑA,E.E,LLAVE EN MANO,MADERA,NO LE INTERESA,789.0,8800000.0
2024-07-23,Luis Lopez,CONTADO,CARLOS PAZ,70.6,CABAÑA,E.E,LLAVE EN MANO,MADERA,NO LE INTERESA,35.0,27583000.0
2024-05-05,Jorge Perez,CONTADO,ALTA GRACIA,22.5,MINIMALISTA,S.F,LLAVE EN MANO,PIEDRA NATURAL,POTABLE,54.0,11606000.0
2026-01-16,Diego Lopez,,ALTA GRACIA,30.8,CABAÑA,W.F,OBRA GRIS,PIEDRA NATURAL,NO LE INTERESA,50.0,9960000.0
2024-02-12,Elena Rodriguez,PLAN 36-60,SANTIAGO DEL ESTERO,50.2,MINIMALISTA,S.F,OBRA GRIS,MADERA,POTABLE,411.0,17420000.0
2026-01-21,Lucia Perez,CONTADO,CARLOS PAZ,57.5,AMERICANA,E.E,LLAVE EN MANO,PIEDRA NATURAL,NO LE INTERESA,43.0,22722000.0
2024-04-20,Carla Martinez,NO SABE,MENDIOLAZA,34.8,AMERICANA,E.E,LLAVE EN MANO,MADERA,POTABLE,43.0,13142000.0
2026-01-30,Luis Sanchez,CONTADO,CÓRDOBA CAPITAL,49.5,CABAÑA,E.E,OBRA GRIS,LADRILLO,POTABLE,18.0,13325000.0
2025-10-24,Lucia Lopez,CONTADO,LA PLATA,69.3,MINIMALISTA,W.F,OBRA GRIS,LADRILLO,POTABLE,789.0,24324000.0
2024-07-01,Diego Rodriguez,CONTADO,CÓRDOBA CAPITAL,72.0,MINIMALISTA,S.F,LLAVE EN MANO,PIEDRA NATURAL,NO LE INTERESA,6.0,34546000.0
2024-04-04,Pedro Sanchez,FINANCIACION PROPIA,SANTIAGO DEL ESTERO,80.0,CABAÑA,S.F,OBRA GRIS,LADRILLO,VENDIDO,473.0,29222000.0
2025-01-08,Maria Gonzalez,,ALTA GRACIA,93.2,MINIMALISTA,W.F,LLAVE EN MANO,LADRILLO,POTABLE,59.0,42141000.0
2025-06-03,Diego Lopez,FINANCIACION PROPIA,MENDIOLAZA,71.2,CABAÑA,S.F,LLAVE EN MANO,MADERA,POTABLE,32.0,33966000.0
2024-12-25,Elena Lopez,FINANCIACION PROPIA,ALTA GRACIA,50.7,CABAÑA,W.F,LLAVE EN MANO,PIEDRA NATURAL,POTABLE,43.0,22961000.0
2025-11-26,Elena Sanchez,NO SABE,CÓRDOBA CAPITAL,72.2,AMERICANA,W.F,LLAVE EN MANO,LADRILLO,NO LE INTERESA,21.0,31175000.0
2024-10-07,Juan Gonzalez,FINANCIACION PROPIA,MENDIOLAZA,64.3,CABAÑA,S.F,OBRA GRIS,PIEDRA NATURAL,NO LE INTERESA,43.0,22225000.0
2024-07-13,Elena Garcia,CONTADO,BUENOS AIRES,65.1,MINIMALISTA,S.F,OBRA GRIS,PIEDRA NATURAL,POTABLE,678.0,23856000.0
2024-07-13,Juan Garcia,FINANCIACION PROPIA,LA PLATA,58.5,CABAÑA,W.F,LLAVE EN MANO,PIEDRA NATURAL,NO LE INTERESA,750.0,26750000.0
2025-10-28,Elena Romero,NO SABE,SANTIAGO DEL ESTERO,36.8,AMERICANA,S.F,LLAVE EN MANO,LADRILLO,POTABLE,416.0,18955000.0
2024-04-02,Carla Perez,NO SABE,LA PLATA,34.4,AMERICANA,W.F,LLAVE EN MANO,PIEDRA NATURAL,NO LE INTERESA,760.0,15901000.0
2025-11-02,Jorge Sanchez,CONTADO,SANTIAGO DEL ESTERO,53.1,MINIMALISTA,S.F,LLAVE EN MANO,PIEDRA NATURAL,POTABLE,454.0,26659000.0
2024-03-01,Ana Romero,PLAN 36-60,LA PLATA,58.0,CABAÑA,S.F,LLAVE EN MANO,,NO LE INTERESA,804.0,30263000.0
2025-09-25,Ana Perez,CONTADO,BUENOS AIRES,41.4,MINIMALISTA,S.F,OBRA GRIS,MADERA,VENDIDO,701.0,15433000.0
2024-02-20,Maria Lopez,CONTADO,CÓRDOBA CAPITAL,63.5,MINIMALISTA,S.F,LLAVE EN MANO,MADERA,NO LE INTERESA,19.0,32310000.0
2025-02-06,Lucia Romero,FINANCIACION PROPIA,CARLOS PAZ,96.6,CABAÑA,S.F,OBRA GRIS,MADERA,NO LE INTERESA,52.0,34336000.0
2026-02-27,Diego Martinez,NO SABE,MENDIOLAZA,20.1,AMERICANA,E.E,LLAVE EN MANO,PIEDRA NATURAL,NO LE INTERESA,28.0,8284000.0
2024-01-05,Jorge Sanchez,PLAN 36-60,SANTIAGO DEL ESTERO,66.6,MINIMALISTA,E.E,LLAVE EN MANO,MADERA,POTABLE,467.0,26229000.0
2025-04-10,Jorge Romero,FINANCIACION PROPIA,CÓRDOBA CAPITAL,53.7,MINIMALISTA,S.F,LLAVE EN MANO,MADERA,NO LE INTERESA,24.0,27505000.0
2025-08-26,Juan Sanchez,CONTADO,ALTA GRACIA,,AMERICANA,S.F,LLAVE EN MANO,LADRILLO,NO LE INTERESA,43.0,31760000.0
2025-11-12,Luis Sanchez,CONTADO,ALTA GRACIA,46.4,CABAÑA,S.F,OBRA GRIS,MADERA,VENDIDO,39.0,16698000.0
2025-06-17,Jorge Rodriguez,PLAN 36-60,LA PLATA,52.1,CABAÑA,W.F,OBRA GRIS,MADERA,POTABLE,760.0,18637000.0
2025-02-08,Ana Martinez,CONTADO,ALTA GRACIA,57.6,CABAÑA,E.E,OBRA GRIS,LADRILLO,NO LE INTERESA,44.0,16277000.0
2025-05-27,Maria Lopez,FINANCIACION PROPIA,CARLOS PAZ,49.0,AMERICANA,W.F,LLAVE EN MANO,PIEDRA NATURAL,NO LE INTERESA,37.0,22947000.0
2025-10-06,Lucia Martinez,CONTADO,SANTIAGO DEL ESTERO,24.6,MINIMALISTA,E.E,OBRA GRIS,PIEDRA NATURAL,POTABLE,497.0,7665000.0
2024-08-20,Jorge Perez,PLAN 36-60,LA PLATA,50.3,AMERICANA,E.E,LLAVE EN MANO,LADRILLO,NO LE INTERESA,760.0,21065000.0
2025-06-07,Elena Rodriguez,PLAN 36-60,SANTIAGO DEL ESTERO,26.7,MINIMALISTA,S.F,LLAVE EN MANO,LADRILLO,VENDIDO,486.0,13736000.0
2024-12-11,Maria Sanchez,CONTADO,SANTIAGO DEL ESTERO,68.1,MINIMALISTA,S.F,OBRA GRIS,PIEDRA NATURAL,VENDIDO,420.0,23598000.0
2024-02-15,Lucia Romero,NO SABE,BUENOS AIRES,20.0,CABAÑA,W.F,LLAVE EN MANO,MADERA,NO LE INTERESA,754.0,10201000.0
2025-06-29,Carla Rodriguez,PLAN 36-60,CÓRDOBA CAPITAL,75.6,CABAÑA,W.F,LLAVE EN MANO,LADRILLO,POTABLE,25.0,35747000.0
2024-03-18,Lucia Perez,PLAN 36-60,ALTA GRACIA,,CABAÑA,S.F,OBRA GRIS,LADRILLO,NO LE INTERESA,55.0,22984000.0
2025-12-30,Juan Garcia,FINANCIACION PROPIA,MENDIOLAZA,,AMERICANA,S.F,OBRA GRIS,LADRILLO,NO LE INTERESA,30.0,22893000.0
2024-03-13,Juan Gonzalez,CONTADO,SANTIAGO DEL ESTERO,20.0,CABAÑA,E.E,LLAVE EN MANO,,POTABLE,449.0,8636000.0
2024-09-05,Pedro Martinez,,CARLOS PAZ,48.4,AMERICANA,E.E,OBRA GRIS,PIEDRA NATURAL,POTABLE,45.0,13412000.0
2024-02-16,Jorge Sanchez,CONTADO,BUENOS AIRES,78.1,CABAÑA,S.F,OBRA GRIS,PIEDRA NATURAL,POTABLE,739.0,27504000.0
2024-04-30,Luis Garcia,CONTADO,CARLOS PAZ,44.6,CABAÑA,E.E,OBRA GRIS,PIEDRA NATURAL,POTABLE,51.0,12218000.0
2024-08-01,Jorge Perez,NO SABE,MENDIOLAZA,33.4,CABAÑA,W.F,LLAVE EN MANO,PIEDRA NATURAL,NO LE INTERESA,22.0,14345000.0
2024-08-26,Juan Rodriguez,FINANCIACION PROPIA,ALTA GRACIA,42.3,AMERICANA,E.E,LLAVE EN MANO,MADERA,POTABLE,58.0,16958000.0
2024-02-25,Diego Perez,CONTADO,ALTA GRACIA,53.6,MINIMALISTA,S.F,OBRA GRIS,MADERA,POTABLE,58.0,19435000.0
2024-12-15,Carla Garcia,PLAN 36-60,LA PLATA,38.0,AMERICANA,E.E,LLAVE EN MANO,PIEDRA NATURAL,POTABLE,769.0,15679000.0
2024-04-16,Diego Perez,NO SABE,LA PLATA,79.7,AMERICANA,S.F,LLAVE EN MANO,,NO LE INTERESA,729.0,38508000.0
2024-02-17,Ana Sanchez,CONTADO,LA PLATA,53.7,AMERICANA,E.E,OBRA GRIS,PIEDRA NATURAL,POTABLE,792.0,15957000.0
2025-07-26,Maria Perez,CONTADO,ALTA GRACIA,,MINIMALISTA,W.F,OBRA GRIS,LADRILLO,POTABLE,49.0,13914000.0
2024-12-02,Carla Romero,PLAN 36-60,SANTIAGO DEL ESTERO,29.0,AMERICANA,W.F,OBRA GRIS,LADRILLO,POTABLE,482.0,10012000.0
2024-01-26,Maria Perez,CONTADO,CÓRDOBA CAPITAL,64.7,CABAÑA,S.F,LLAVE EN MANO,PIEDRA NATURAL,NO LE INTERESA,25.0,30992000.0
2024-09-13,Ana Romero,CONTADO,MENDIOLAZA,64.2,MINIMALISTA,S.F,LLAVE EN MANO,PIEDRA NATURAL,POTABLE,22.0,30986000.0
2024-01-08,Lucia Gonzalez,FINANCIACION PROPIA,BUENOS AIRES,39.2,AMERICANA,S.F,LLAVE EN MANO,LADRILLO,NO LE INTERESA,721.0,21116000.0
2025-09-16,Lucia Romero,CONTADO,MENDIOLAZA,20.0,AMERICANA,E.E,LLAVE EN MANO,LADRILLO,POTABLE,32.0,7758000.0
2024-09-09,Juan Rodriguez,FINANCIACION PROPIA,MENDIOLAZA,63.2,MINIMALISTA,E.E,OBRA GRIS,LADRILLO,POTABLE,44.0,18269000.0
2025-11-22,Ana Martinez,PLAN 36-60,LA PLATA,51.3,AMERICANA,E.E,OBRA GRIS,LADRILLO,POTABLE,740.0,15669000.0
2025-12-19,Jorge Lopez,PLAN 36-60,CÓRDOBA CAPITAL,61.7,MINIMALISTA,W.F,OBRA GRIS,LADRILLO,POTABLE,10.0,19559000.0
2024-10-29,Carla Sanchez,PLAN 36-60,CARLOS PAZ,94.1,CABAÑA,S.F,OBRA GRIS,PIEDRA NATURAL,POTABLE,52.0,34062000.0
2025-09-30,Lucia Gonzalez,PLAN 36-60,ALTA GRACIA,54.5,AMERICANA,E.E,OBRA GRIS,PIEDRA NATURAL,POTABLE,39.0,15464000.0
2024-02-25,Diego Lopez,CONTADO,CARLOS PAZ,44.7,AMERICANA,W.F,LLAVE EN MANO,LADRILLO,POTABLE,47.0,19228000.0
2025-12-26,Carla Gonzalez,CONTADO,LA PLATA,32.1,CABAÑA,S.F,OBRA GRIS,PIEDRA NATURAL,NO LE INTERESA,740.0,11813000.0
2025-06-09,Elena Martinez,FINANCIACION PROPIA,SANTIAGO DEL ESTERO,48.8,AMERICANA,W.F,LLAVE EN MANO,LADRILLO,POTABLE,457.0,23258000.0
2025-04-18,Juan Romero,CONTADO,BUENOS AIRES,58.2,AMERICANA,S.F,LLAVE EN MANO,LADRILLO,NO LE INTERESA,722.0,29443000.0
2024-01-28,Diego Romero,CONTADO,BUENOS AIRES,56.1,MINIMALISTA,E.E,OBRA GRIS,LADRILLO,NO LE INTERESA,702.0,16603000.0
2024-03-18,Maria Sanchez,NO SABE,LA PLATA,89.5,AMERICANA,W.F,LLAVE EN MANO,PIEDRA NATURAL,NO LE INTERESA,807.0,40085000.0
2024-08-03,Carla Gonzalez,NO SABE,CÓRDOBA CAPITAL,65.0,CABAÑA,W.F,LLAVE EN MANO,PIEDRA NATURAL,POTABLE,8.0,28309000.0
2025-01-20,Ana Rodriguez,CONTADO,BUENOS AIRES,52.3,AMERICANA,W.F,OBRA GRIS,PIEDRA NATURAL,NO LE INTERESA,699.0,18422000.0
2024-12-30,Elena Perez,CONTADO,LA PLATA,40.9,MINIMALISTA,S.F,LLAVE EN MANO,PIEDRA NATURAL,POTABLE,753.0,21867000.0
2025-10-27,Luis Romero,FINANCIACION PROPIA,MENDIOLAZA,60.3,CABAÑA,S.F,OBRA GRIS,MADERA,POTABLE,36.0,21286000.0
2025-06-09,Maria Rodriguez,FINANCIACION PROPIA,SANTIAGO DEL ESTERO,36.9,CABAÑA,W.F,OBRA GRIS,LADRILLO,POTABLE,441.0,12286000.0
2025-11-29,Diego Perez,CONTADO,SANTIAGO DEL ESTERO,58.6,CABAÑA,S.F,LLAVE EN MANO,LADRILLO,VENDIDO,410.0,30598000.0
2024-11-07,Jorge Lopez,,ALTA GRACIA,64.7,CABAÑA,W.F,LLAVE EN MANO,PIEDRA NATURAL,POTABLE,59.0,29618000.0
2024-01-07,Elena Gonzalez,FINANCIACION PROPIA,ALTA GRACIA,50.7,MINIMALISTA,E.E,OBRA GRIS,PIEDRA NATURAL,VENDIDO,45.0,14687000.0
2024-01-03,Jorge Garcia,NO SABE,MENDIOLAZA,,MINIMALISTA,W.F,LLAVE EN MANO,MADERA,POTABLE,29.0,18206000.0
2025-09-14,Juan Gonzalez,FINANCIACION PROPIA,SANTIAGO DEL ESTERO,20.0,MINIMALISTA,W.F,OBRA GRIS,LADRILLO,VENDIDO,445.0,7072000.0
2026-01-19,Jorge Sanchez,CONTADO,MENDIOLAZA,77.9,MINIMALISTA,S.F,OBRA GRIS,LADRILLO,VENDIDO,25.0,28315000.0
2024-12-28,Carla Perez,PLAN 36-60,SANTIAGO DEL ESTERO,63.1,AMERICANA,S.F,OBRA GRIS,PIEDRA NATURAL,VENDIDO,410.0,22333000.0
2026-01-20,Diego Garcia,PLAN 36-60,CÓRDOBA CAPITAL,63.6,MINIMALISTA,S.F,OBRA GRIS,PIEDRA NATURAL,NO LE INTERESA,9.0,22778000.0
2025-05-22,Ana Gonzalez,CONTADO,LA PLATA,23.8,AMERICANA,E.E,OBRA GRIS,MADERA,NO LE INTERESA,727.0,7877000.0
2024-09-30,Juan Perez,CONTADO,ALTA GRACIA,82.6,CABAÑA,E.E,OBRA GRIS,LADRILLO,VENDIDO,40.0,22382000.0
2025-05-20,Ana Garcia,CONTADO,CÓRDOBA CAPITAL,45.7,AMERICANA,E.E,LLAVE EN MANO,MADERA,POTABLE,15.0,18430000.0
2026-01-08,Jorge Martinez,PLAN 36-60,BUENOS AIRES,49.2,AMERICANA,S.F,OBRA GRIS,LADRILLO,NO LE INTERESA,722.0,17594000.0
2024-01-15,Ana Martinez,PLAN 36-60,LA PLATA,33.6,AMERICANA,W.F,LLAVE EN MANO,PIEDRA NATURAL,NO LE INTERESA,773.0,16678000.0
2024-07-10,Carla Gonzalez,FINANCIACION PROPIA,ALTA GRACIA,20.0,MINIMALISTA,W.F,LLAVE EN MANO,MADERA,POTABLE,35.0,9514000.0
2025-09-22,Diego Romero,FINANCIACION PROPIA,BUENOS AIRES,78.1,MINIMALISTA,W.F,LLAVE EN MANO,PIEDRA NATURAL,NO LE INTERESA,752.0,38000000.0
2025-04-29,Jorge Garcia,NO SABE,MENDIOLAZA,80.7,CABAÑA,S.F,OBRA GRIS,LADRILLO,POTABLE,41.0,29156000.0
2024-01-28,Lucia Romero,,BUENOS AIRES,51.7,MINIMALISTA,S.F,OBRA GRIS,LADRILLO,NO LE INTERESA,756.0,19295000.0
2025-12-14,Elena Lopez,CONTADO,CÓRDOBA CAPITAL,41.4,AMERICANA,E.E,LLAVE EN MANO,MADERA,POTABLE,14.0,16534000.0
2024-02-08,Pedro Martinez,CONTADO,CARLOS PAZ,,MINIMALISTA,S.F,OBRA GRIS,PIEDRA NATURAL,POTABLE,47.0,17076000.0
2024-09-29,Maria Gonzalez,PLAN 36-60,BUENOS AIRES,48.0,MINIMALISTA,W.F,LLAVE EN MANO,LADRILLO,POTABLE,677.0,21540000.0
2024-08-18,Juan Lopez,CONTADO,CARLOS PAZ,31.0,AMERICANA,E.E,OBRA GRIS,LADRILLO,NO LE INTERESA,50.0,8407000.0
2024-03-26,Juan Gonzalez,NO SABE,ALTA GRACIA,49.2,CABAÑA,E.E,OBRA GRIS,MADERA,POTABLE,39.0,13969000.0
2025-04-18,Pedro Romero,CONTADO,CÓRDOBA CAPITAL,58.1,MINIMALISTA,S.F,OBRA GRIS,MADERA,NO LE INTERESA,13.0,19350000.0
2024-05-05,Ana Sanchez,CONTADO,BUENOS AIRES,75.4,CABAÑA,E.E,LLAVE EN MANO,PIEDRA NATURAL,NO LE INTERESA,709.0,31872000.0
2025-06-20,Luis Gonzalez,PLAN 36-60,LA PLATA,55.3,AMERICANA,E.E,LLAVE EN MANO,,NO LE INTERESA,769.0,22807000.0
2024-05-24,Juan Romero,PLAN 36-60,BUENOS AIRES,23.5,MINIMALISTA,S.F,LLAVE EN MANO,LADRILLO,POTABLE,716.0,12284000.0
2025-06-08,Ana Rodriguez,PLAN 36-60,LA PLATA,62.1,CABAÑA,E.E,OBRA GRIS,PIEDRA NATURAL,POTABLE,720.0,18272000.0
2024-07-30,Luis Rodriguez,PLAN 36-60,CÓRDOBA CAPITAL,49.9,CABAÑA,W.F,OBRA GRIS,PIEDRA NATURAL,NO LE INTERESA,16.0,16656000.0
2024-01-25,Juan Garcia,CONTADO,CARLOS PAZ,82.4,AMERICANA,S.F,LLAVE EN MANO,PIEDRA NATURAL,POTABLE,53.0,42184000.0
2025-08-02,Maria Perez,CONTADO,CÓRDOBA CAPITAL,83.6,MINIMALISTA,W.F,LLAVE EN MANO,LADRILLO,NO LE INTERESA,27.0,36280000.0
2025-01-28,Juan Romero,NO SABE,CARLOS PAZ,84.3,CABAÑA,W.F,LLAVE EN MANO,MADERA,VENDIDO,45.0,39128000.0
2024-03-07,Juan Garcia,CONTADO,CARLOS PAZ,43.8,CABAÑA,W.F,OBRA GRIS,PIEDRA NATURAL,POTABLE,44.0,14280000.0
2024-08-20,Ana Garcia,CONTADO,MENDIOLAZA,94.8,CABAÑA,W.F,LLAVE EN MANO,LADRILLO,NO LE INTERESA,23.0,43136000.0
2024-04-18,Luis Sanchez,PLAN 36-60,MENDIOLAZA,62.0,CABAÑA,E.E,OBRA GRIS,MADERA,VENDIDO,25.0,17884000.0
2024-05-25,Juan Perez,CONTADO,LA PLATA,87.5,CABAÑA,E.E,OBRA GRIS,PIEDRA NATURAL,NO LE INTERESA,735.0,24893000.0
2024-04-20,Lucia Perez,,ALTA GRACIA,44.9,CABAÑA,S.F,LLAVE EN MANO,MADERA,NO LE INTERESA,47.0,22140000.0
2024-08-15,Juan Garcia,PLAN 36-60,SANTIAGO DEL ESTERO,49.0,CABAÑA,S.F,OBRA GRIS,MADERA,NO LE INTERESA,473.0,17537000.0
2024-04-20,Pedro Garcia,FINANCIACION PROPIA,CÓRDOBA CAPITAL,60.5,CABAÑA,W.F,OBRA GRIS,MADERA,POTABLE,17.0,18716000.0
2025-04-14,Juan Gonzalez,FINANCIACION PROPIA,CARLOS PAZ,58.0,CABAÑA,W.F,OBRA GRIS,LADRILLO,NO LE INTERESA,33.0,17986000.0
2024-02-03,Carla Lopez,CONTADO,CÓRDOBA CAPITAL,80.1,CABAÑA,S.F,OBRA GRIS,PIEDRA NATURAL,VENDIDO,16.0,27039000.0
2025-09-14,Carla Garcia,PLAN 36-60,ALTA GRACIA,50.4,MINIMALISTA,S.F,LLAVE EN MANO,PIEDRA NATURAL,NO LE INTERESA,39.0,25039000.0
2026-02-14,Pedro Sanchez,CONTADO,ALTA GRACIA,78.3,AMERICANA,S.F,OBRA GRIS,,POTABLE,54.0,26403000.0
2025-01-03,Elena Lopez,CONTADO,SANTIAGO DEL ESTERO,69.6,AMERICANA,S.F,LLAVE EN MANO,LADRILLO,NO LE INTERESA,417.0,34973000.0
2026-01-17,Pedro Lopez,PLAN 36-60,BUENOS AIRES,50.7,AMERICANA,W.F,OBRA GRIS,MADERA,POTABLE,708.0,17541000.0
2025-08-17,Diego Martinez,CONTADO,SANTIAGO DEL ESTERO,68.1,CABAÑA,S.F,LLAVE EN MANO,LADRILLO,POTABLE,469.0,35449000.0
2025-07-07,Ana Lopez,PLAN 36-60,CARLOS PAZ,45.5,AMERICANA,E.E,OBRA GRIS,,NO LE INTERESA,36.0,12956000.0
2025-02-28,Elena Lopez,FINANCIACION PROPIA,MENDIOLAZA,102.0,CABAÑA,W.F,LLAVE EN MANO,MADERA,NO LE INTERESA,22.0,48249000.0
2025-09-04,Jorge Rodriguez,FINANCIACION PROPIA,BUENOS AIRES,20.0,MINIMALISTA,E.E,OBRA GRIS,LADRILLO,NO LE INTERESA,716.0,6361000.0
2025-06-01,Ana Romero,FINANCIACION PROPIA,SANTIAGO DEL ESTERO,68.5,AMERICANA,S.F,LLAVE EN MANO,LADRILLO,POTABLE,405.0,34870000.0
2025-11-22,Carla Perez,CONTADO,MENDIOLAZA,20.0,MINIMALISTA,E.E,LLAVE EN MANO,LADRILLO,NO LE INTERESA,35.0,7519000.0
2024-10-08,Diego Romero,CONTADO,BUENOS AIRES,50.5,MINIMALISTA,S.F,LLAVE EN MANO,LADRILLO,POTABLE,735.0,26440000.0
2024-11-15,Diego Rodriguez,CONTADO,MENDIOLAZA,53.3,CABAÑA,E.E,OBRA GRIS,MADERA,POTABLE,28.0,14795000.0
2026-01-07,Ana Rodriguez,CONTADO,CARLOS PAZ,85.2,AMERICANA,W.F,OBRA GRIS,LADRILLO,NO LE INTERESA,42.0,27803000.0
2025-03-18,Elena Perez,CONTADO,LA PLATA,41.2,MINIMALISTA,E.E,LLAVE EN MANO,MADERA,POTABLE,803.0,17024000.0
2024-11-10,Pedro Garcia,,MENDIOLAZA,81.2,AMERICANA,W.F,OBRA GRIS,LADRILLO,POTABLE,32.0,25301000.0
2026-01-10,Ana Rodriguez,PLAN 36-60,CARLOS PAZ,31.4,MINIMALISTA,E.E,LLAVE EN MANO,PIEDRA NATURAL,POTABLE,55.0,12668000.0
2025-01-11,Maria Romero,FINANCIACION PROPIA,SANTIAGO DEL ESTERO,81.9,MINIMALISTA,E.E,LLAVE EN MANO,LADRILLO,NO LE INTERESA,416.0,34053000.0
2024-10-15,Carla Garcia,FINANCIACION PROPIA,CÓRDOBA CAPITAL,45.5,CABAÑA,W.F,OBRA GRIS,LADRILLO,NO LE INTERESA,23.0,14221000.0
2025-03-12,Carla Gonzalez,PLAN 36-60,SANTIAGO DEL ESTERO,56.5,AMERICANA,W.F,OBRA GRIS,PIEDRA NATURAL,POTABLE,465.0,19685000.0
2025-10-23,Elena Garcia,PLAN 36-60,ALTA GRACIA,48.3,CABAÑA,S.F,OBRA GRIS,MADERA,POTABLE,57.0,16379000.0
2024-10-03,Lucia Gonzalez,PLAN 36-60,SANTIAGO DEL ESTERO,80.6,CABAÑA,W.F,OBRA GRIS,LADRILLO,NO LE INTERESA,409.0,27193000.0
2025-12-10,Carla Rodriguez,PLAN 36-60,LA PLATA,76.8,CABAÑA,W.F,OBRA GRIS,LADRILLO,NO LE INTERESA,738.0,27024000.0
2025-08-04,Maria Romero,CONTADO,CARLOS PAZ,63.9,CABAÑA,S.F,OBRA GRIS,PIEDRA NATURAL,NO LE INTERESA,33.0,21624000.0
2025-05-17,Jorge Lopez,FINANCIACION PROPIA,MENDIOLAZA,32.0,CABAÑA,W.F,LLAVE EN MANO,MADERA,NO LE INTERESA,43.0,14396000.0
2025-09-15,Carla Rodriguez,PLAN 36-60,ALTA GRACIA,40.7,MINIMALISTA,W.F,LLAVE EN MANO,PIEDRA NATURAL,NO LE INTERESA,46.0,18117000.0
2025-05-30,Luis Perez,CONTADO,CARLOS PAZ,34.4,AMERICANA,E.E,LLAVE EN MANO,LADRILLO,NO LE INTERESA,53.0,13413000.0
2024-12-15,Ana Rodriguez,CONTADO,CARLOS PAZ,20.0,AMERICANA,S.F,OBRA GRIS,MADERA,NO LE INTERESA,37.0,7234000.0
2025-03-21,Maria Romero,CONTADO,MENDIOLAZA,80.2,CABAÑA,S.F,LLAVE EN MANO,LADRILLO,NO LE INTERESA,23.0,39966000.0
2024-12-15,Elena Romero,PLAN 36-60,BUENOS AIRES,48.4,AMERICANA,E.E,OBRA GRIS,PIEDRA NATURAL,VENDIDO,690.0,15271000.0
2025-08-29,Diego Lopez,FINANCIACION PROPIA,SANTIAGO DEL ESTERO,48.2,MINIMALISTA,S.F,OBRA GRIS,LADRILLO,NO LE INTERESA,460.0,17008000.0
2025-10-25,Maria Perez,CONTADO,CÓRDOBA CAPITAL,84.9,CABAÑA,E.E,OBRA GRIS,PIEDRA NATURAL,VENDIDO,26.0,23914000.0
2024-05-16,Lucia Sanchez,CONTADO,BUENOS AIRES,45.5,MINIMALISTA,W.F,LLAVE EN MANO,PIEDRA NATURAL,NO LE INTERESA,699.0,21450000.0
2026-01-28,Juan Gonzalez,NO SABE,ALTA GRACIA,38.2,MINIMALISTA,S.F,LLAVE EN MANO,MADERA,NO LE INTERESA,58.0,19593000.0
2024-08-30,Maria Romero,CONTADO,MENDIOLAZA,50.5,CABAÑA,W.F,OBRA GRIS,PIEDRA NATURAL,POTABLE,26.0,15502000.0
2025-06-26,Carla Sanchez,CONTADO,LA PLATA,32.3,MINIMALISTA,S.F,LLAVE EN MANO,MADERA,NO LE INTERESA,779.0,17827000.0
2024-02-09,Diego Lopez,CONTADO,LA PLATA,61.9,CABAÑA,W.F,OBRA GRIS,MADERA,NO LE INTERESA,784.0,21065000.0
2024-08-16,Diego Sanchez,FINANCIACION PROPIA,CÓRDOBA CAPITAL,47.5,MINIMALISTA,S.F,OBRA GRIS,MADERA,POTABLE,12.0,16852000.0
2025-07-01,Luis Romero,PLAN 36-60,CÓRDOBA CAPITAL,44.9,AMERICANA,S.F,LLAVE EN MANO,MADERA,NO LE INTERESA,6.0,21702000.0
2024-08-10,Lucia Sanchez,PLAN 36-60,SANTIAGO DEL ESTERO,43.1,AMERICANA,W.F,OBRA GRIS,MADERA,NO LE INTERESA,437.0,15046000.0
2024-01-06,Carla Rodriguez,NO SABE,LA PLATA,52.9,AMERICANA,E.E,OBRA GRIS,PIEDRA NATURAL,POTABLE,715.0,15983000.0
2024-11-17,Carla Gonzalez,FINANCIACION PROPIA,ALTA GRACIA,56.7,CABAÑA,S.F,OBRA GRIS,PIEDRA NATURAL,NO LE INTERESA,58.0,20257000.0
2025-04-12,Jorge Sanchez,CONTADO,MENDIOLAZA,44.6,MINIMALISTA,E.E,OBRA GRIS,MADERA,NO LE INTERESA,44.0,12741000.0
2026-01-01,Maria Garcia,,CÓRDOBA CAPITAL,47.8,MINIMALISTA,E.E,LLAVE EN MANO,PIEDRA NATURAL,NO LE INTERESA,23.0,18517000.0
2024-03-15,Luis Lopez,CONTADO,CÓRDOBA CAPITAL,53.4,AMERICANA,E.E,LLAVE EN MANO,,POTABLE,23.0,20078000.0
2024-01-04,Carla Lopez,PLAN 36-60,CÓRDOBA CAPITAL,51.4,AMERICANA,E.E,OBRA GRIS,,POTABLE,11.0,14852000.0
2025-10-07,Lucia Sanchez,CONTADO,MENDIOLAZA,55.6,CABAÑA,E.E,OBRA GRIS,MADERA,POTABLE,22.0,15273000.0
2024-04-27,Maria Romero,PLAN 36-60,ALTA GRACIA,41.5,CABAÑA,E.E,OBRA GRIS,LADRILLO,POTABLE,55.0,12111000.0
2025-08-28,Diego Sanchez,CONTADO,LA PLATA,75.1,MINIMALISTA,S.F,LLAVE EN MANO,LADRILLO,POTABLE,766.0,38360000.0
2025-05-18,Juan Garcia,FINANCIACION PROPIA,BUENOS AIRES,56.9,CABAÑA,E.E,LLAVE EN MANO,MADERA,NO LE INTERESA,728.0,23055000.0
2025-07-27,Diego Perez,CONTADO,ALTA GRACIA,44.9,CABAÑA,S.F,LLAVE EN MANO,PIEDRA NATURAL,NO LE INTERESA,54.0,22290000.0
2025-03-16,Maria Lopez,PLAN 36-60,MENDIOLAZA,61.9,CABAÑA,S.F,LLAVE EN MANO,MADERA,NO LE INTERESA,30.0,30818000.0
2024-07-12,Juan Sanchez,CONTADO,ALTA GRACIA,53.5,AMERICANA,S.F,LLAVE EN MANO,PIEDRA NATURAL,POTABLE,39.0,26817000.0
2025-12-15,Elena Gonzalez,NO SABE,SANTIAGO DEL ESTERO,20.3,AMERICANA,W.F,OBRA GRIS,MADERA,NO LE INTERESA,480.0,7491000.0
2025-01-26,Luis Garcia,FINANCIACION PROPIA,BUENOS AIRES,61.8,MINIMALISTA,E.E,LLAVE EN MANO,MADERA,POTABLE,705.0,24423000.0
2024-01-26,Carla Gonzalez,CONTADO,MENDIOLAZA,34.6,CABAÑA,W.F,LLAVE EN MANO,PIEDRA NATURAL,NO LE INTERESA,41.0,16355000.0
2025-03-10,Pedro Gonzalez,NO SABE,BUENOS AIRES,73.7,AMERICANA,E.E,OBRA GRIS,PIEDRA NATURAL,NO LE INTERESA,704.0,21499000.0
2024-06-21,Lucia Romero,CONTADO,BUENOS AIRES,50.2,CABAÑA,W.F,LLAVE EN MANO,MADERA,NO LE INTERESA,682.0,24506000.0
2024-10-26,Maria Gonzalez,PLAN 36-60,CÓRDOBA CAPITAL,70.6,MINIMALISTA,S.F,OBRA GRIS,LADRILLO,POTABLE,9.0,24032000.0
2025-10-06,Carla Rodriguez,FINANCIACION PROPIA,LA PLATA,42.4,CABAÑA,W.F,OBRA GRIS,LADRILLO,NO LE INTERESA,784.0,14130000.0
2024-11-21,Lucia Romero,CONTADO,BUENOS AIRES,,MINIMALISTA,S.F,LLAVE EN MANO,LADRILLO,NO LE INTERESA,717.0,28922000.0
2025-02-13,Luis Garcia,NO SABE,SANTIAGO DEL ESTERO,79.2,MINIMALISTA,W.F,LLAVE EN MANO,LADRILLO,NO LE INTERESA,440.0,35726000.0
2024-04-27,Ana Martinez,CONTADO,SANTIAGO DEL ESTERO,49.6,AMERICANA,E.E,LLAVE EN MANO,LADRILLO,NO LE INTERESA,449.0,21091000.0
2026-02-25,Jorge Lopez,CONTADO,MENDIOLAZA,43.2,CABAÑA,E.E,LLAVE EN MANO,PIEDRA NATURAL,NO LE INTERESA,34.0,16314000.0
2025-12-24,Diego Perez,FINANCIACION PROPIA,CARLOS PAZ,68.1,AMERICANA,W.F,OBRA GRIS,LADRILLO,POTABLE,36.0,20987000.0
2024-08-12,Ana Rodriguez,FINANCIACION PROPIA,CÓRDOBA CAPITAL,67.7,CABAÑA,W.F,OBRA GRIS,PIEDRA NATURAL,NO LE INTERESA,14.0,20828000.0
2025-06-15,Lucia Perez,CONTADO,LA PLATA,44.0,CABAÑA,E.E,LLAVE EN MANO,LADRILLO,POTABLE,739.0,17837000.0
2024-04-22,Pedro Sanchez,CONTADO,LA PLATA,20.0,MINIMALISTA,W.F,OBRA GRIS,PIEDRA NATURAL,POTABLE,749.0,7623000.0
2024-05-19,Elena Sanchez,FINANCIACION PROPIA,LA PLATA,,MINIMALISTA,W.F,OBRA GRIS,LADRILLO,POTABLE,760.0,14930000.0
2025-07-12,Carla Romero,CONTADO,MENDIOLAZA,68.5,CABAÑA,E.E,OBRA GRIS,LADRILLO,VENDIDO,24.0,18928000.0
2024-01-01,Maria Romero,NO SABE,CÓRDOBA CAPITAL,39.5,AMERICANA,S.F,LLAVE EN MANO,PIEDRA NATURAL,POTABLE,15.0,18581000.0
2024-03-30,Juan Gonzalez,FINANCIACION PROPIA,BUENOS AIRES,54.8,MINIMALISTA,E.E,OBRA GRIS,PIEDRA NATURAL,NO LE INTERESA,699.0,15956000.0
2025-10-15,Juan Perez,CONTADO,BUENOS AIRES,41.9,MINIMALISTA,E.E,OBRA GRIS,MADERA,VENDIDO,689.0,12362000.0
2024-11-15,Luis Garcia,CONTADO,MENDIOLAZA,20.0,CABAÑA,W.F,OBRA GRIS,LADRILLO,VENDIDO,45.0,6667000.0
2025-07-03,Diego Rodriguez,PLAN 36-60,LA PLATA,41.5,CABAÑA,E.E,LLAVE EN MANO,LADRILLO,NO LE INTERESA,717.0,17829000.0
2024-05-18,Diego Sanchez,CONTADO,BUENOS AIRES,68.5,MINIMALISTA,E.E,OBRA GRIS,PIEDRA NATURAL,NO LE INTERESA,724.0,20827000.0
2025-05-25,Pedro Romero,FINANCIACION PROPIA,ALTA GRACIA,,AMERICANA,W.F,OBRA GRIS,PIEDRA NATURAL,POTABLE,39.0,6803000.0
2024-09-15,Juan Lopez,NO SABE,ALTA GRACIA,60.0,MINIMALISTA,W.F,OBRA GRIS,LADRILLO,POTABLE,56.0,20150000.0
2025-11-03,Lucia Perez,PLAN 36-60,CÓRDOBA CAPITAL,31.3,CABAÑA,S.F,OBRA GRIS,LADRILLO,NO LE INTERESA,28.0,10995000.0
2025-11-20,Pedro Lopez,PLAN 36-60,LA PLATA,67.2,MINIMALISTA,E.E,OBRA GRIS,PIEDRA NATURAL,NO LE INTERESA,750.0,19771000.0
2024-01-10,Lucia Sanchez,CONTADO,MENDIOLAZA,69.3,CABAÑA,S.F,OBRA GRIS,PIEDRA NATURAL,POTABLE,41.0,25328000.0
2024-09-17,Maria Gonzalez,PLAN 36-60,CARLOS PAZ,,MINIMALISTA,S.F,OBRA GRIS,LADRILLO,NO LE INTERESA,36.0,18315000.0
2025-10-11,Juan Sanchez,PLAN 36-60,CARLOS PAZ,51.6,CABAÑA,S.F,LLAVE EN MANO,PIEDRA NATURAL,NO LE INTERESA,34.0,24814000.0
2024-06-20,Juan Perez,PLAN 36-60,CARLOS PAZ,38.9,CABAÑA,S.F,LLAVE EN MANO,PIEDRA NATURAL,NO LE INTERESA,38.0,19241000.0
2024-01-13,Elena Romero,CONTADO,ALTA GRACIA,28.1,AMERICANA,E.E,LLAVE EN MANO,LADRILLO,NO LE INTERESA,44.0,11627000.0
2024-06-16,Elena Romero,FINANCIACION PROPIA,MENDIOLAZA,89.0,CABAÑA,E.E,LLAVE EN MANO,MADERA,NO LE INTERESA,30.0,36154000.0
2025-10-03,Diego Martinez,CONTADO,CARLOS PAZ,37.7,MINIMALISTA,E.E,LLAVE EN MANO,PIEDRA NATURAL,NO LE INTERESA,39.0,14512000.0
2025-08-18,Juan Garcia,FINANCIACION PROPIA,LA PLATA,86.4,CABAÑA,S.F,LLAVE EN MANO,MADERA,NO LE INTERESA,751.0,45431000.0
2024-11-16,Ana Gonzalez,FINANCIACION PROPIA,LA PLATA,37.8,MINIMALISTA,W.F,OBRA GRIS,PIEDRA NATURAL,VENDIDO,781.0,13986000.0
2024-11-14,Diego Perez,PLAN 36-60,CARLOS PAZ,65.5,AMERICANA,E.E,LLAVE EN MANO,MADERA,POTABLE,36.0,25038000.0
2025-09-04,Ana Rodriguez,CONTADO,SANTIAGO DEL ESTERO,32.2,MINIMALISTA,S.F,LLAVE EN MANO,PIEDRA NATURAL,NO LE INTERESA,402.0,17029000.0
2024-11-24,Juan Lopez,PLAN 36-60,CARLOS PAZ,65.5,AMERICANA,S.F,LLAVE EN MANO,MADERA,NO LE INTERESA,42.0,33390000.0
2026-02-23,Elena Sanchez,CONTADO,SANTIAGO DEL ESTERO,48.5,AMERICANA,S.F,LLAVE EN MANO,MADERA,NO LE INTERESA,445.0,23308000.0
2026-02-15,Maria Romero,FINANCIACION PROPIA,CÓRDOBA CAPITAL,48.7,CABAÑA,S.F,OBRA GRIS,PIEDRA NATURAL,POTABLE,7.0,17345000.0
2025-07-03,Maria Romero,CONTADO,CÓRDOBA CAPITAL,67.2,AMERICANA,S.F,OBRA GRIS,,POTABLE,8.0,23074000.0
2025-02-22,Elena Rodriguez,CONTADO,LA PLATA,45.6,MINIMALISTA,S.F,OBRA GRIS,LADRILLO,POTABLE,761.0,17400000.0
2025-08-28,Elena Gonzalez,CONTADO,MENDIOLAZA,26.4,AMERICANA,E.E,OBRA GRIS,LADRILLO,POTABLE,26.0,7738000.0
2024-04-04,Elena Rodriguez,FINANCIACION PROPIA,ALTA GRACIA,70.2,AMERICANA,W.F,LLAVE EN MANO,LADRILLO,NO LE INTERESA,57.0,31728000.0
2025-08-03,Luis Romero,PLAN 36-60,MENDIOLAZA,32.1,CABAÑA,E.E,OBRA GRIS,MADERA,NO LE INTERESA,24.0,8947000.0
2024-11-13,Carla Lopez,PLAN 36-60,LA PLATA,65.3,MINIMALISTA,E.E,LLAVE EN MANO,PIEDRA NATURAL,POTABLE,712.0,27790000.0
2024-08-23,Lucia Sanchez,PLAN 36-60,LA PLATA,74.5,AMERICANA,S.F,OBRA GRIS,MADERA,POTABLE,755.0,28497000.0
2024-11-29,Jorge Gonzalez,FINANCIACION PROPIA,MENDIOLAZA,47.5,CABAÑA,E.E,LLAVE EN MANO,PIEDRA NATURAL,POTABLE,45.0,17869000.0
2025-01-10,Maria Rodriguez,CONTADO,ALTA GRACIA,78.6,CABAÑA,W.F,LLAVE EN MANO,MADERA,VENDIDO,51.0,37011000.0
2025-04-03,Diego Garcia,PLAN 36-60,LA PLATA,64.6,MINIMALISTA,W.F,OBRA GRIS,PIEDRA NATURAL,NO LE INTERESA,745.0,21004000.0
2024-05-16,Elena Martinez,PLAN 36-60,BUENOS AIRES,41.1,CABAÑA,S.F,OBRA GRIS,MADERA,VENDIDO,662.0,15128000.0
2025-08-10,Maria Rodriguez,CONTADO,BUENOS AIRES,83.0,AMERICANA,W.F,OBRA GRIS,,POTABLE,708.0,28518000.0
2025-06-30,Ana Garcia,CONTADO,ALTA GRACIA,32.2,CABAÑA,S.F,OBRA GRIS,LADRILLO,NO LE INTERESA,40.0,11644000.0
2025-05-27,Ana Gonzalez,CONTADO,LA PLATA,47.5,MINIMALISTA,W.F,OBRA GRIS,MADERA,POTABLE,775.0,16829000.0
2024-10-22,Elena Sanchez,CONTADO,BUENOS AIRES,50.9,MINIMALISTA,W.F,OBRA GRIS,LADRILLO,POTABLE,718.0,16662000.0
2024-11-15,Luis Garcia,CONTADO,CÓRDOBA CAPITAL,67.1,CABAÑA,E.E,OBRA GRIS,PIEDRA NATURAL,POTABLE,12.0,18116000.0
2025-07-25,Juan Martinez,CONTADO,SANTIAGO DEL ESTERO,77.3,AMERICANA,W.F,LLAVE EN MANO,PIEDRA NATURAL,NO LE INTERESA,407.0,37004000.0
2024-12-14,Luis Rodriguez,PLAN 36-60,LA PLATA,76.1,CABAÑA,S.F,OBRA GRIS,LADRILLO,POTABLE,786.0,26650000.0
2026-02-17,Jorge Perez,CONTADO,SANTIAGO DEL ESTERO,59.5,MINIMALISTA,W.F,LLAVE EN MANO,MADERA,NO LE INTERESA,459.0,26352000.0
2024-08-16,Maria Perez,CONTADO,CARLOS PAZ,49.4,CABAÑA,W.F,LLAVE EN MANO,PIEDRA NATURAL,NO LE INTERESA,51.0,23096000.0
2024-09-26,Pedro Perez,NO SABE,BUENOS AIRES,20.0,CABAÑA,E.E,OBRA GRIS,MADERA,POTABLE,686.0,6723000.0
2024-10-17,Lucia Garcia,PLAN 36-60,LA PLATA,28.7,AMERICANA,S.F,LLAVE EN MANO,MADERA,POTABLE,775.0,15000000.0
2025-12-25,Pedro Gonzalez,CONTADO,CÓRDOBA CAPITAL,90.3,CABAÑA,S.F,OBRA GRIS,MADERA,NO LE INTERESA,8.0,30560000.0
2024-06-13,Elena Garcia,PLAN 36-60,ALTA GRACIA,20.0,AMERICANA,S.F,LLAVE EN MANO,PIEDRA NATURAL,NO LE INTERESA,42.0,10242000.0
2024-01-05,Lucia Garcia,CONTADO,CÓRDOBA CAPITAL,39.3,CABAÑA,E.E,OBRA GRIS,PIEDRA NATURAL,NO LE INTERESA,21.0,11575000.0
2025-01-13,Luis Martinez,CONTADO,SANTIAGO DEL ESTERO,77.9,CABAÑA,W.F,OBRA GRIS,MADERA,POTABLE,483.0,24647000.0
2024-03-18,Diego Perez,CONTADO,ALTA GRACIA,59.2,AMERICANA,S.F,OBRA GRIS,LADRILLO,POTABLE,43.0,20897000.0
2025-02-13,Luis Romero,NO SABE,CÓRDOBA CAPITAL,73.6,AMERICANA,W.F,OBRA GRIS,LADRILLO,POTABLE,25.0,23170000.0
2025-07-27,Juan Gonzalez,FINANCIACION PROPIA,CÓRDOBA CAPITAL,65.9,MINIMALISTA,W.F,OBRA GRIS,,VENDIDO,22.0,21959000.0
2024-05-11,Ana Lopez,FINANCIACION PROPIA,CÓRDOBA CAPITAL,84.4,AMERICANA,W.F,LLAVE EN MANO,MADERA,NO LE INTERESA,14.0,37483000.0
2025-08-23,Luis Rodriguez,NO SABE,MENDIOLAZA,60.9,CABAÑA,E.E,OBRA GRIS,LADRILLO,VENDIDO,42.0,17482000.0
2026-01-18,Pedro Romero,NO SABE,ALTA GRACIA,68.3,MINIMALISTA,W.F,OBRA GRIS,PIEDRA NATURAL,NO LE INTERESA,48.0,22152000.0
2024-02-11,Lucia Gonzalez,FINANCIACION PROPIA,CÓRDOBA CAPITAL,,AMERICANA,E.E,LLAVE EN MANO,LADRILLO,NO LE INTERESA,21.0,15974000.0
2024-03-29,Pedro Garcia,PLAN 36-60,BUENOS AIRES,66.7,AMERICANA,E.E,OBRA GRIS,LADRILLO,NO LE INTERESA,710.0,20448000.0
2025-02-05,Jorge Sanchez,CONTADO,BUENOS AIRES,47.1,MINIMALISTA,E.E,LLAVE EN MANO,MADERA,NO LE INTERESA,705.0,19463000.0
2024-10-22,Jorge Perez,CONTADO,CÓRDOBA CAPITAL,45.9,CABAÑA,S.F,OBRA GRIS,,NO LE INTERESA,26.0,16661000.0
2024-10-21,Elena Garcia,PLAN 36-60,SANTIAGO DEL ESTERO,72.9,CABAÑA,E.E,LLAVE EN MANO,PIEDRA NATURAL,POTABLE,429.0,28821000.0
2025-09-07,Lucia Rodriguez,PLAN 36-60,CÓRDOBA CAPITAL,73.0,MINIMALISTA,S.F,OBRA GRIS,LADRILLO,POTABLE,6.0,24728000.0
2025-06-09,Jorge Perez,NO SABE,BUENOS AIRES,88.8,CABAÑA,E.E,OBRA GRIS,MADERA,POTABLE,748.0,25870000.0
2025-11-21,Lucia Lopez,PLAN 36-60,CÓRDOBA CAPITAL,87.5,AMERICANA,E.E,LLAVE EN MANO,MADERA,NO LE INTERESA,26.0,34333000.0
2025-09-28,Luis Garcia,PLAN 36-60,CARLOS PAZ,73.3,CABAÑA,E.E,LLAVE EN MANO,LADRILLO,POTABLE,39.0,28730000.0
2025-02-25,Juan Garcia,PLAN 36-60,ALTA GRACIA,20.6,AMERICANA,E.E,LLAVE EN MANO,PIEDRA NATURAL,POTABLE,40.0,8386000.0
2024-01-23,Ana Martinez,CONTADO,CARLOS PAZ,91.6,CABAÑA,W.F,LLAVE EN MANO,PIEDRA NATURAL,VENDIDO,47.0,41631000.0
2025-07-28,Ana Rodriguez,PLAN 36-60,MENDIOLAZA,73.4,AMERICANA,W.F,LLAVE EN MANO,PIEDRA NATURAL,POTABLE,22.0,34408000.0
2024-05-22,Jorge Perez,PLAN 36-60,SANTIAGO DEL ESTERO,39.7,MINIMALISTA,E.E,OBRA GRIS,MADERA,POTABLE,442.0,11796000.0
2025-10-26,Carla Lopez,,CARLOS PAZ,69.6,AMERICANA,W.F,OBRA GRIS,LADRILLO,NO LE INTERESA,32.0,21841000.0
2024-05-24,Lucia Martinez,,MENDIOLAZA,34.3,CABAÑA,S.F,LLAVE EN MANO,MADERA,NO LE INTERESA,35.0,16235000.0
2024-08-12,Ana Romero,CONTADO,LA PLATA,67.4,AMERICANA,W.F,LLAVE EN MANO,PIEDRA NATURAL,POTABLE,713.0,32612000.0
2025-05-17,Pedro Perez,PLAN 36-60,ALTA GRACIA,28.7,CABAÑA,W.F,LLAVE EN MANO,MADERA,NO LE INTERESA,51.0,12437000.0
2025-09-07,Juan Rodriguez,PLAN 36-60,CÓRDOBA CAPITAL,38.8,CABAÑA,W.F,OBRA GRIS,PIEDRA NATURAL,POTABLE,22.0,12048000.0
2024-04-13,Diego Martinez,PLAN 36-60,CARLOS PAZ,69.2,AMERICANA,E.E,OBRA GRIS,LADRILLO,NO LE INTERESA,42.0,18591000.0
2024-02-08,Lucia Romero,PLAN 36-60,CARLOS PAZ,76.5,CABAÑA,S.F,LLAVE EN MANO,PIEDRA NATURAL,POTABLE,34.0,37250000.0
2024-07-16,Pedro Garcia,CONTADO,CÓRDOBA CAPITAL,61.5,MINIMALISTA,E.E,OBRA GRIS,LADRILLO,POTABLE,8.0,17288000.0
2025-10-07,Luis Perez,CONTADO,CÓRDOBA CAPITAL,49.3,CABAÑA,S.F,LLAVE EN MANO,MADERA,NO LE INTERESA,13.0,23016000.0
2025-08-01,Maria Lopez,CONTADO,SANTIAGO DEL ESTERO,20.0,MINIMALISTA,E.E,OBRA GRIS,,VENDIDO,447.0,6280000.0
2025-01-25,Carla Lopez,PLAN 36-60,CARLOS PAZ,50.8,MINIMALISTA,W.F,LLAVE EN MANO,MADERA,NO LE INTERESA,46.0,22726000.0
2024-06-27,Pedro Martinez,PLAN 36-60,CARLOS PAZ,65.7,CABAÑA,S.F,LLAVE EN MANO,PIEDRA NATURAL,VENDIDO,30.0,33120000.0
2025-07-07,Carla Gonzalez,FINANCIACION PROPIA,BUENOS AIRES,48.7,MINIMALISTA,W.F,OBRA GRIS,LADRILLO,NO LE INTERESA,731.0,17331000.0
2025-03-23,Elena Garcia,CONTADO,LA PLATA,54.5,MINIMALISTA,S.F,OBRA GRIS,MADERA,POTABLE,781.0,20621000.0
2025-05-14,Juan Gonzalez,CONTADO,BUENOS AIRES,51.3,AMERICANA,S.F,LLAVE EN MANO,MADERA,POTABLE,704.0,26124000.0
2024-01-15,Pedro Lopez,PLAN 36-60,MENDIOLAZA,48.6,MINIMALISTA,E.E,LLAVE EN MANO,LADRILLO,VENDIDO,29.0,18553000.0
2025-09-14,Carla Romero,PLAN 36-60,LA PLATA,56.5,MINIMALISTA,E.E,OBRA GRIS,PIEDRA NATURAL,NO LE INTERESA,794.0,17601000.0
2025-10-30,Pedro Lopez,PLAN 36-60,BUENOS AIRES,49.5,MINIMALISTA,W.F,LLAVE EN MANO,MADERA,VENDIDO,738.0,23051000.0
2024-10-15,Carla Romero,FINANCIACION PROPIA,CARLOS PAZ,83.9,MINIMALISTA,W.F,LLAVE EN MANO,PIEDRA NATURAL,POTABLE,55.0,37360000.0
2025-04-22,Carla Gonzalez,FINANCIACION PROPIA,LA PLATA,20.0,MINIMALISTA,S.F,LLAVE EN MANO,PIEDRA NATURAL,POTABLE,747.0,11375000.0
2024-08-18,Elena Lopez,CONTADO,CARLOS PAZ,44.1,CABAÑA,S.F,LLAVE EN MANO,,POTABLE,53.0,22720000.0
2025-02-23,Ana Garcia,NO SABE,ALTA GRACIA,37.6,MINIMALISTA,E.E,LLAVE EN MANO,MADERA,POTABLE,37.0,15384000.0
2024-06-05,Lucia Martinez,CONTADO,SANTIAGO DEL ESTERO,,CABAÑA,E.E,LLAVE EN MANO,MADERA,POTABLE,441.0,25139000.0
2025-07-03,Carla Lopez,PLAN 36-60,LA PLATA,56.5,CABAÑA,E.E,OBRA GRIS,LADRILLO,NO LE INTERESA,757.0,17581000.0
2025-03-16,Pedro Lopez,PLAN 36-60,CARLOS PAZ,87.4,CABAÑA,E.E,OBRA GRIS,LADRILLO,NO LE INTERESA,41.0,25035000.0
2024-04-06,Carla Romero,PLAN 36-60,LA PLATA,94.0,AMERICANA,E.E,LLAVE EN MANO,PIEDRA NATURAL,POTABLE,773.0,37224000.0
2025-02-14,Jorge Garcia,CONTADO,MENDIOLAZA,39.5,AMERICANA,S.F,LLAVE EN MANO,MADERA,POTABLE,24.0,20269000.0
2024-10-15,Elena Lopez,CONTADO,SANTIAGO DEL ESTERO,55.0,CABAÑA,S.F,OBRA GRIS,PIEDRA NATURAL,NO LE INTERESA,487.0,20733000.0
2024-09-10,Pedro Martinez,PLAN 36-60,ALTA GRACIA,58.9,AMERICANA,W.F,LLAVE EN MANO,LADRILLO,NO LE INTERESA,49.0,25935000.0
2024-07-14,Diego Romero,CONTADO,CÓRDOBA CAPITAL,39.0,MINIMALISTA,S.F,OBRA GRIS,PIEDRA NATURAL,NO LE INTERESA,28.0,13677000.0
2025-08-20,Pedro Rodriguez,CONTADO,CÓRDOBA CAPITAL,67.6,CABAÑA,E.E,OBRA GRIS,PIEDRA NATURAL,NO LE INTERESA,5.0,18121000.0
2025-06-05,Lucia Lopez,PLAN 36-60,LA PLATA,50.2,CABAÑA,S.F,LLAVE EN MANO,MADERA,NO LE INTERESA,773.0,26925000.0
2025-05-31,Lucia Perez,PLAN 36-60,CARLOS PAZ,33.6,CABAÑA,S.F,LLAVE EN MANO,PIEDRA NATURAL,NO LE INTERESA,40.0,16644000.0
2025-09-26,Ana Lopez,PLAN 36-60,MENDIOLAZA,49.4,AMERICANA,S.F,LLAVE EN MANO,PIEDRA NATURAL,VENDIDO,33.0,23637000.0
2024-04-27,Luis Martinez,CONTADO,SANTIAGO DEL ESTERO,35.0,AMERICANA,W.F,OBRA GRIS,MADERA,NO LE INTERESA,474.0,11732000.0
2024-06-07,Maria Gonzalez,FINANCIACION PROPIA,ALTA GRACIA,75.7,AMERICANA,W.F,OBRA GRIS,MADERA,POTABLE,41.0,25611000.0
2024-08-15,Carla Lopez,CONTADO,ALTA GRACIA,93.0,MINIMALISTA,S.F,LLAVE EN MANO,LADRILLO,POTABLE,40.0,46158000.0
2024-08-03,Carla Martinez,FINANCIACION PROPIA,BUENOS AIRES,59.9,AMERICANA,S.F,LLAVE EN MANO,MADERA,NO LE INTERESA,730.0,30205000.0
2025-11-26,Luis Perez,PLAN 36-60,ALTA GRACIA,57.2,CABAÑA,E.E,LLAVE EN MANO,PIEDRA NATURAL,NO LE INTERESA,48.0,22494000.0
2024-01-15,Maria Sanchez,PLAN 36-60,CÓRDOBA CAPITAL,58.0,AMERICANA,W.F,OBRA GRIS,LADRILLO,NO LE INTERESA,11.0,17942000.0
2024-06-05,Luis Gonzalez,FINANCIACION PROPIA,SANTIAGO DEL ESTERO,78.6,AMERICANA,E.E,LLAVE EN MANO,LADRILLO,POTABLE,448.0,30145000.0
2025-10-09,Jorge Lopez,CONTADO,BUENOS AIRES,78.2,AMERICANA,E.E,OBRA GRIS,LADRILLO,NO LE INTERESA,706.0,23168000.0
2024-09-17,Lucia Martinez,CONTADO,CÓRDOBA CAPITAL,,AMERICANA,S.F,LLAVE EN MANO,LADRILLO,NO LE INTERESA,22.0,25887000.0
2024-06-05,Diego Sanchez,PLAN 36-60,LA PLATA,60.1,CABAÑA,S.F,LLAVE EN MANO,PIEDRA NATURAL,NO LE INTERESA,710.0,30084000.0
2024-02-16,Pedro Rodriguez,CONTADO,ALTA GRACIA,68.1,AMERICANA,S.F,OBRA GRIS,PIEDRA NATURAL,NO LE INTERESA,50.0,24068000.0
2024-11-19,Ana Perez,PLAN 36-60,SANTIAGO DEL ESTERO,32.2,CABAÑA,E.E,OBRA GRIS,PIEDRA NATURAL,VENDIDO,461.0,9293000.0
2025-11-15,Pedro Lopez,CONTADO,ALTA GRACIA,79.3,AMERICANA,E.E,OBRA GRIS,PIEDRA NATURAL,NO LE INTERESA,54.0,23274000.0
2024-05-09,Jorge Romero,FINANCIACION PROPIA,CÓRDOBA CAPITAL,89.7,MINIMALISTA,E.E,OBRA GRIS,LADRILLO,POTABLE,27.0,24638000.0
2025-02-14,Carla Martinez,PLAN 36-60,CÓRDOBA CAPITAL,78.3,MINIMALISTA,S.F,OBRA GRIS,PIEDRA NATURAL,NO LE INTERESA,16.0,26254000.0
2024-04-04,Diego Gonzalez,CONTADO,CÓRDOBA CAPITAL,30.1,CABAÑA,S.F,OBRA GRIS,LADRILLO,POTABLE,14.0,10207000.0
2025-09-18,Pedro Rodriguez,FINANCIACION PROPIA,ALTA GRACIA,20.0,CABAÑA,S.F,LLAVE EN MANO,MADERA,NO LE INTERESA,38.0,9458000.0
2026-01-24,Lucia Romero,CONTADO,SANTIAGO DEL ESTERO,69.2,MINIMALISTA,E.E,OBRA GRIS,PIEDRA NATURAL,POTABLE,434.0,19383000.0
2024-10-18,Juan Romero,CONTADO,SANTIAGO DEL ESTERO,39.8,MINIMALISTA,E.E,LLAVE EN MANO,MADERA,POTABLE,407.0,16077000.0
2024-10-09,Pedro Lopez,CONTADO,LA PLATA,60.7,AMERICANA,W.F,LLAVE EN MANO,,POTABLE,790.0,29228000.0
2024-03-09,Luis Gonzalez,PLAN 36-60,ALTA GRACIA,85.7,MINIMALISTA,S.F,LLAVE EN MANO,PIEDRA NATURAL,POTABLE,55.0,41118000.0
2025-10-21,Elena Perez,PLAN 36-60,LA PLATA,41.9,CABAÑA,E.E,OBRA GRIS,LADRILLO,POTABLE,752.0,12778000.0
2024-01-11,Maria Rodriguez,PLAN 36-60,MENDIOLAZA,,CABAÑA,W.F,OBRA GRIS,MADERA,POTABLE,26.0,15958000.0
2024-09-10,Lucia Gonzalez,,LA PLATA,60.5,MINIMALISTA,E.E,LLAVE EN MANO,PIEDRA NATURAL,NO LE INTERESA,722.0,24293000.0
2025-07-03,Diego Sanchez,NO SABE,LA PLATA,29.0,CABAÑA,E.E,LLAVE EN MANO,MADERA,NO LE INTERESA,795.0,12931000.0
2024-05-13,Diego Perez,,LA PLATA,39.8,AMERICANA,S.F,LLAVE EN MANO,MADERA,NO LE INTERESA,798.0,19991000.0
2025-12-12,Luis Romero,CONTADO,CÓRDOBA CAPITAL,55.5,AMERICANA,W.F,OBRA GRIS,PIEDRA NATURAL,NO LE INTERESA,12.0,17314000.0
2024-01-23,Jorge Martinez,FINANCIACION PROPIA,MENDIOLAZA,49.0,MINIMALISTA,E.E,LLAVE EN MANO,MADERA,NO LE INTERESA,36.0,19178000.0
2024-12-11,Ana Romero,PLAN 36-60,BUENOS AIRES,67.2,CABAÑA,W.F,OBRA GRIS,LADRILLO,NO LE INTERESA,686.0,22065000.0
2024-10-28,Lucia Garcia,CONTADO,LA PLATA,110.3,MINIMALISTA,W.F,LLAVE EN MANO,LADRILLO,NO LE INTERESA,733.0,52871000.0
2024-12-28,Ana Perez,CONTADO,SANTIAGO DEL ESTERO,57.0,CABAÑA,S.F,OBRA GRIS,MADERA,NO LE INTERESA,402.0,19630000.0
2025-01-30,Ana Perez,CONTADO,LA PLATA,38.2,CABAÑA,W.F,OBRA GRIS,MADERA,NO LE INTERESA,768.0,13583000.0
2024-08-05,Luis Romero,FINANCIACION PROPIA,CÓRDOBA CAPITAL,83.4,CABAÑA,S.F,LLAVE EN MANO,PIEDRA NATURAL,POTABLE,9.0,41306000.0
2024-05-20,Jorge Romero,PLAN 36-60,CARLOS PAZ,23.2,AMERICANA,S.F,OBRA GRIS,LADRILLO,NO LE INTERESA,30.0,7811000.0
2025-09-07,Elena Garcia,CONTADO,BUENOS AIRES,27.2,CABAÑA,S.F,LLAVE EN MANO,MADERA,NO LE INTERESA,670.0,14666000.0
2024-07-28,Ana Gonzalez,CONTADO,MENDIOLAZA,43.1,AMERICANA,W.F,LLAVE EN MANO,LADRILLO,POTABLE,28.0,19411000.0
2025-09-14,Ana Martinez,PLAN 36-60,CARLOS PAZ,49.3,CABAÑA,E.E,LLAVE EN MANO,MADERA,POTABLE,47.0,19829000.0
2025-09-07,Lucia Rodriguez,PLAN 36-60,CARLOS PAZ,42.6,MINIMALISTA,S.F,LLAVE EN MANO,PIEDRA NATURAL,POTABLE,35.0,21611000.0
2025-11-13,Ana Rodriguez,FINANCIACION PROPIA,MENDIOLAZA,54.4,AMERICANA,E.E,LLAVE EN MANO,PIEDRA NATURAL,NO LE INTERESA,42.0,21009000.0
2025-04-04,Maria Garcia,NO SABE,ALTA GRACIA,60.5,AMERICANA,W.F,OBRA GRIS,LADRILLO,VENDIDO,42.0,19514000.0
2024-12-21,Luis Romero,PLAN 36-60,BUENOS AIRES,76.4,AMERICANA,E.E,LLAVE EN MANO,LADRILLO,POTABLE,693.0,30247000.0
2024-11-19,Carla Garcia,PLAN 36-60,BUENOS AIRES,56.8,MINIMALISTA,E.E,OBRA GRIS,MADERA,POTABLE,682.0,16422000.0
2024-05-12,Luis Gonzalez,CONTADO,SANTIAGO DEL ESTERO,43.8,AMERICANA,S.F,LLAVE EN MANO,MADERA,POTABLE,425.0,20996000.0
2024-05-06,Carla Perez,FINANCIACION PROPIA,CÓRDOBA CAPITAL,75.3,MINIMALISTA,S.F,LLAVE EN MANO,,NO LE INTERESA,7.0,38619000.0
2024-04-15,Pedro Romero,CONTADO,MENDIOLAZA,38.6,CABAÑA,S.F,OBRA GRIS,,POTABLE,27.0,13470000.0
2025-08-26,Ana Garcia,CONTADO,CARLOS PAZ,22.3,CABAÑA,W.F,LLAVE EN MANO,PIEDRA NATURAL,VENDIDO,51.0,9636000.0
2025-01-12,Ana Garcia,FINANCIACION PROPIA,CÓRDOBA CAPITAL,79.1,MINIMALISTA,E.E,LLAVE EN MANO,PIEDRA NATURAL,NO LE INTERESA,22.0,29516000.0
2024-02-20,Luis Lopez,CONTADO,CÓRDOBA CAPITAL,77.8,AMERICANA,W.F,OBRA GRIS,,NO LE INTERESA,27.0,24561000.0
2024-01-29,Lucia Romero,CONTADO,ALTA GRACIA,39.2,AMERICANA,W.F,OBRA GRIS,PIEDRA NATURAL,NO LE INTERESA,38.0,12063000.0
2025-04-06,Luis Perez,PLAN 36-60,CARLOS PAZ,47.0,MINIMALISTA,W.F,LLAVE EN MANO,,NO LE INTERESA,41.0,20982000.0
2024-10-22,Elena Rodriguez,CONTADO,LA PLATA,36.7,CABAÑA,W.F,LLAVE EN MANO,MADERA,NO LE INTERESA,733.0,16873000.0
2024-10-23,Carla Garcia,CONTADO,CÓRDOBA CAPITAL,61.5,MINIMALISTA,S.F,LLAVE EN MANO,LADRILLO,NO LE INTERESA,23.0,28779000.0
2025-12-26,Diego Lopez,PLAN 36-60,CARLOS PAZ,89.6,AMERICANA,E.E,LLAVE EN MANO,PIEDRA NATURAL,NO LE INTERESA,54.0,35800000.0
2026-02-17,Ana Romero,PLAN 36-60,BUENOS AIRES,69.1,AMERICANA,S.F,LLAVE EN MANO,LADRILLO,NO LE INTERESA,742.0,36395000.0
2025-02-10,Luis Perez,CONTADO,CÓRDOBA CAPITAL,75.7,AMERICANA,S.F,LLAVE EN MANO,LADRILLO,NO LE INTERESA,6.0,36766000.0
2026-02-07,Juan Garcia,NO SABE,ALTA GRACIA,71.4,AMERICANA,W.F,LLAVE EN MANO,,VENDIDO,43.0,33338000.0
2025-09-04,Elena Martinez,CONTADO,ALTA GRACIA,55.0,CABAÑA,S.F,LLAVE EN MANO,LADRILLO,VENDIDO,36.0,25733000.0
2025-02-08,Lucia Gonzalez,FINANCIACION PROPIA,LA PLATA,76.7,CABAÑA,E.E,LLAVE EN MANO,PIEDRA NATURAL,NO LE INTERESA,714.0,32002000.0
2024-12-11,Lucia Sanchez,CONTADO,ALTA GRACIA,69.9,CABAÑA,W.F,OBRA GRIS,MADERA,POTABLE,37.0,21577000.0
2025-09-13,Juan Romero,,CARLOS PAZ,83.8,AMERICANA,S.F,OBRA GRIS,PIEDRA NATURAL,POTABLE,37.0,30380000.0
2025-02-23,Ana Rodriguez,CONTADO,MENDIOLAZA,45.8,AMERICANA,W.F,LLAVE EN MANO,PIEDRA NATURAL,NO LE INTERESA,28.0,21480000.0
2024-06-30,Carla Romero,CONTADO,ALTA GRACIA,20.2,AMERICANA,E.E,OBRA GRIS,MADERA,POTABLE,45.0,5887000.0
2024-01-01,Maria Gonzalez,CONTADO,MENDIOLAZA,75.9,MINIMALISTA,W.F,OBRA GRIS,PIEDRA NATURAL,POTABLE,30.0,25270000.0
2025-07-20,Maria Lopez,PLAN 36-60,LA PLATA,62.0,AMERICANA,S.F,LLAVE EN MANO,MADERA,POTABLE,787.0,31755000.0
2025-01-05,Carla Garcia,PLAN 36-60,BUENOS AIRES,49.1,CABAÑA,S.F,OBRA GRIS,MADERA,NO LE INTERESA,674.0,17768000.0
2025-10-22,Carla Lopez,CONTADO,SANTIAGO DEL ESTERO,50.2,CABAÑA,E.E,OBRA GRIS,LADRILLO,NO LE INTERESA,416.0,14890000.0
2025-03-06,Diego Rodriguez,NO SABE,CÓRDOBA CAPITAL,106.1,CABAÑA,E.E,OBRA GRIS,PIEDRA NATURAL,POTABLE,21.0,29560000.0
2024-11-04,Carla Romero,CONTADO,CÓRDOBA CAPITAL,42.2,MINIMALISTA,W.F,OBRA GRIS,MADERA,POTABLE,19.0,12943000.0
2024-05-16,Juan Lopez,PLAN 36-60,CARLOS PAZ,37.9,CABAÑA,S.F,OBRA GRIS,PIEDRA NATURAL,NO LE INTERESA,34.0,13285000.0
2024-07-20,Jorge Gonzalez,CONTADO,LA PLATA,56.7,MINIMALISTA,E.E,LLAVE EN MANO,PIEDRA NATURAL,VENDIDO,795.0,23773000.0
2025-03-11,Luis Gonzalez,PLAN 36-60,LA PLATA,78.6,MINIMALISTA,E.E,LLAVE EN MANO,MADERA,POTABLE,743.0,30374000.0
2024-11-08,Luis Perez,FINANCIACION PROPIA,LA PLATA,100.6,MINIMALISTA,S.F,OBRA GRIS,LADRILLO,POTABLE,747.0,36771000.0
2024-04-26,Maria Perez,PLAN 36-60,CÓRDOBA CAPITAL,68.1,AMERICANA,E.E,OBRA GRIS,MADERA,NO LE INTERESA,16.0,19383000.0
2025-10-27,Ana Romero,CONTADO,ALTA GRACIA,29.6,AMERICANA,E.E,OBRA GRIS,LADRILLO,NO LE INTERESA,43.0,8067000.0
2025-07-28,Jorge Garcia,CONTADO,CÓRDOBA CAPITAL,94.4,CABAÑA,S.F,LLAVE EN MANO,MADERA,NO LE INTERESA,19.0,45965000.0
2024-08-31,Lucia Lopez,FINANCIACION PROPIA,CÓRDOBA CAPITAL,54.6,CABAÑA,E.E,OBRA GRIS,MADERA,NO LE INTERESA,15.0,16021000.0
2025-06-20,Elena Romero,CONTADO,CÓRDOBA CAPITAL,38.2,MINIMALISTA,S.F,LLAVE EN MANO,LADRILLO,NO LE INTERESA,11.0,19454000.0
2025-08-24,Ana Romero,CONTADO,BUENOS AIRES,33.4,AMERICANA,S.F,OBRA GRIS,LADRILLO,POTABLE,750.0,12701000.0
2024-03-15,Juan Garcia,CONTADO,BUENOS AIRES,71.7,CABAÑA,W.F,OBRA GRIS,PIEDRA NATURAL,POTABLE,691.0,23762000.0
2025-01-20,Luis Perez,CONTADO,ALTA GRACIA,59.8,CABAÑA,S.F,LLAVE EN MANO,MADERA,NO LE INTERESA,52.0,28276000.0
2024-07-28,Pedro Romero,CONTADO,SANTIAGO DEL ESTERO,61.9,AMERICANA,E.E,LLAVE EN MANO,PIEDRA NATURAL,NO LE INTERESA,435.0,23759000.0
2025-04-19,Elena Romero,FINANCIACION PROPIA,CARLOS PAZ,80.7,MINIMALISTA,W.F,LLAVE EN MANO,,NO LE INTERESA,41.0,35703000.0
2025-02-21,Diego Garcia,FINANCIACION PROPIA,SANTIAGO DEL ESTERO,39.0,CABAÑA,W.F,OBRA GRIS,LADRILLO,VENDIDO,424.0,13775000.0
2024-12-12,Elena Martinez,PLAN 36-60,SANTIAGO DEL ESTERO,82.3,CABAÑA,E.E,OBRA GRIS,LADRILLO,NO LE INTERESA,475.0,24846000.0
2025-06-12,Luis Rodriguez,CONTADO,CÓRDOBA CAPITAL,44.6,AMERICANA,W.F,LLAVE EN MANO,PIEDRA NATURAL,NO LE INTERESA,23.0,20770000.0
2025-10-01,Jorge Martinez,PLAN 36-60,SANTIAGO DEL ESTERO,98.3,AMERICANA,E.E,OBRA GRIS,LADRILLO,POTABLE,402.0,27707000.0
2026-02-01,Carla Romero,PLAN 36-60,CÓRDOBA CAPITAL,67.0,MINIMALISTA,W.F,LLAVE EN MANO,MADERA,POTABLE,7.0,29137000.0
2024-06-27,Elena Garcia,PLAN 36-60,CÓRDOBA CAPITAL,36.6,MINIMALISTA,E.E,LLAVE EN MANO,LADRILLO,NO LE INTERESA,28.0,14527000.0
2024-06-30,Elena Lopez,CONTADO,CARLOS PAZ,20.0,CABAÑA,S.F,OBRA GRIS,LADRILLO,POTABLE,52.0,7182000.0
2025-10-25,Diego Lopez,NO SABE,LA PLATA,71.2,MINIMALISTA,S.F,OBRA GRIS,MADERA,POTABLE,761.0,25865000.0
2024-01-25,Jorge Perez,PLAN 36-60,CÓRDOBA CAPITAL,47.5,CABAÑA,W.F,OBRA GRIS,LADRILLO,VENDIDO,17.0,15614000.0
2024-06-28,Luis Romero,,BUENOS AIRES,51.9,CABAÑA,W.F,OBRA GRIS,PIEDRA NATURAL,NO LE INTERESA,741.0,18263000.0
2025-12-10,Lucia Martinez,,SANTIAGO DEL ESTERO,70.3,AMERICANA,S.F,OBRA GRIS,PIEDRA NATURAL,POTABLE,414.0,25940000.0
2025-05-15,Pedro Rodriguez,CONTADO,CARLOS PAZ,75.2,CABAÑA,E.E,OBRA GRIS,PIEDRA NATURAL,NO LE INTERESA,46.0,21130000.0
2024-06-09,Maria Perez,CONTADO,MENDIOLAZA,79.5,AMERICANA,W.F,OBRA GRIS,LADRILLO,POTABLE,32.0,26395000.0
2024-06-25,Luis Romero,FINANCIACION PROPIA,MENDIOLAZA,31.5,CABAÑA,S.F,LLAVE EN MANO,LADRILLO,POTABLE,39.0,14758000.0
2024-10-11,Elena Romero,CONTADO,MENDIOLAZA,83.5,CABAÑA,W.F,LLAVE EN MANO,LADRILLO,NO LE INTERESA,21.0,38353000.0
2024-03-03,Diego Romero,FINANCIACION PROPIA,SANTIAGO DEL ESTERO,43.4,CABAÑA,S.F,OBRA GRIS,PIEDRA NATURAL,NO LE INTERESA,459.0,15459000.0
2025-10-23,Elena Sanchez,FINANCIACION PROPIA,LA PLATA,20.0,MINIMALISTA,S.F,LLAVE EN MANO,LADRILLO,POTABLE,766.0,10698000.0
2025-10-27,Lucia Gonzalez,PLAN 36-60,ALTA GRACIA,31.4,MINIMALISTA,S.F,LLAVE EN MANO,MADERA,POTABLE,56.0,14838000.0
2024-06-04,Lucia Sanchez,PLAN 36-60,LA PLATA,59.4,AMERICANA,E.E,LLAVE EN MANO,LADRILLO,POTABLE,778.0,23700000.0
2025-04-13,Elena Martinez,FINANCIACION PROPIA,CARLOS PAZ,35.4,CABAÑA,W.F,LLAVE EN MANO,PIEDRA NATURAL,VENDIDO,52.0,16825000.0
2024-02-18,Pedro Perez,PLAN 36-60,LA PLATA,53.2,AMERICANA,E.E,OBRA GRIS,MADERA,NO LE INTERESA,799.0,15958000.0
2024-03-24,Maria Gonzalez,CONTADO,MENDIOLAZA,61.8,AMERICANA,E.E,LLAVE EN MANO,MADERA,NO LE INTERESA,30.0,25309000.0
2024-12-26,Ana Sanchez,,LA PLATA,51.4,CABAÑA,S.F,LLAVE EN MANO,PIEDRA NATURAL,POTABLE,724.0,25386000.0
2025-11-19,Juan Lopez,FINANCIACION PROPIA,CARLOS PAZ,45.1,MINIMALISTA,E.E,OBRA GRIS,MADERA,NO LE INTERESA,46.0,12321000.0
2024-05-27,Jorge Sanchez,CONTADO,CARLOS PAZ,30.0,MINIMALISTA,W.F,LLAVE EN MANO,MADERA,NO LE INTERESA,52.0,13681000.0
2025-09-21,Diego Garcia,NO SABE,MENDIOLAZA,55.4,AMERICANA,W.F,LLAVE EN MANO,MADERA,NO LE INTERESA,22.0,24631000.0
2024-12-07,Diego Rodriguez,CONTADO,BUENOS AIRES,,MINIMALISTA,S.F,OBRA GRIS,MADERA,POTABLE,716.0,8190000.0
2025-04-20,Diego Martinez,CONTADO,SANTIAGO DEL ESTERO,41.3,CABAÑA,S.F,LLAVE EN MANO,MADERA,VENDIDO,411.0,20691000.0
2024-03-03,Diego Romero,CONTADO,CÓRDOBA CAPITAL,36.4,CABAÑA,W.F,OBRA GRIS,LADRILLO,NO LE INTERESA,6.0,12095000.0
2025-12-01,Pedro Gonzalez,,ALTA GRACIA,50.2,MINIMALISTA,W.F,OBRA GRIS,PIEDRA NATURAL,POTABLE,52.0,16131000.0
2024-12-25,Elena Rodriguez,FINANCIACION PROPIA,ALTA GRACIA,50.7,MINIMALISTA,S.F,OBRA GRIS,PIEDRA NATURAL,POTABLE,52.0,17952000.0
2025-07-14,Diego Gonzalez,NO SABE,MENDIOLAZA,74.2,AMERICANA,E.E,LLAVE EN MANO,LADRILLO,NO LE INTERESA,35.0,28618000.0
2024-11-22,Luis Perez,FINANCIACION PROPIA,BUENOS AIRES,86.7,MINIMALISTA,W.F,LLAVE EN MANO,LADRILLO,VENDIDO,746.0,41024000.0
2026-02-07,Luis Sanchez,,ALTA GRACIA,32.6,AMERICANA,S.F,OBRA GRIS,PIEDRA NATURAL,NO LE INTERESA,37.0,11643000.0
2026-01-05,Diego Garcia,CONTADO,LA PLATA,94.9,CABAÑA,S.F,OBRA GRIS,PIEDRA NATURAL,NO LE INTERESA,721.0,33943000.0
2024-05-20,Lucia Perez,CONTADO,CARLOS PAZ,39.4,CABAÑA,W.F,OBRA GRIS,LADRILLO,POTABLE,52.0,12479000.0
2024-08-02,Diego Garcia,PLAN 36-60,BUENOS AIRES,58.5,CABAÑA,S.F,LLAVE EN MANO,LADRILLO,POTABLE,710.0,30069000.0
2025-03-10,Carla Garcia,FINANCIACION PROPIA,CARLOS PAZ,65.2,MINIMALISTA,W.F,LLAVE EN MANO,MADERA,NO LE INTERESA,37.0,30753000.0
2025-12-23,Ana Romero,CONTADO,MENDIOLAZA,103.9,MINIMALISTA,S.F,OBRA GRIS,LADRILLO,NO LE INTERESA,38.0,35084000.0
2024-11-13,Diego Romero,NO SABE,CARLOS PAZ,,MINIMALISTA,S.F,LLAVE EN MANO,LADRILLO,NO LE INTERESA,52.0,22386000.0
2024-02-01,Pedro Rodriguez,PLAN 36-60,CÓRDOBA CAPITAL,20.0,AMERICANA,E.E,LLAVE EN MANO,MADERA,POTABLE,22.0,7907000.0
2025-10-31,Pedro Lopez,NO SABE,CARLOS PAZ,84.8,AMERICANA,S.F,OBRA GRIS,MADERA,POTABLE,50.0,29831000.0
2024-10-11,Pedro Martinez,CONTADO,CARLOS PAZ,38.3,AMERICANA,W.F,LLAVE EN MANO,PIEDRA NATURAL,POTABLE,37.0,18121000.0
2024-10-31,Juan Sanchez,PLAN 36-60,BUENOS AIRES,47.8,CABAÑA,W.F,LLAVE EN MANO,PIEDRA NATURAL,VENDIDO,689.0,22821000.0
2025-03-04,Elena Garcia,FINANCIACION PROPIA,LA PLATA,32.6,AMERICANA,E.E,OBRA GRIS,LADRILLO,NO LE INTERESA,796.0,10663000.0
2025-04-21,Carla Perez,FINANCIACION PROPIA,SANTIAGO DEL ESTERO,47.8,MINIMALISTA,W.F,LLAVE EN MANO,MADERA,POTABLE,461.0,22272000.0
2024-10-12,Juan Gonzalez,CONTADO,ALTA GRACIA,38.2,MINIMALISTA,S.F,LLAVE EN MANO,MADERA,POTABLE,41.0,18310000.0
2024-05-23,Ana Gonzalez,NO SABE,LA PLATA,68.5,CABAÑA,E.E,LLAVE EN MANO,PIEDRA NATURAL,POTABLE,762.0,28539000.0
2025-02-27,Diego Perez,FINANCIACION PROPIA,LA PLATA,56.6,MINIMALISTA,W.F,OBRA GRIS,PIEDRA NATURAL,NO LE INTERESA,779.0,20214000.0
2024-01-19,Jorge Perez,CONTADO,LA PLATA,41.4,MINIMALISTA,S.F,LLAVE EN MANO,LADRILLO,NO LE INTERESA,732.0,22114000.0
2024-01-18,Jorge Martinez,CONTADO,ALTA GRACIA,74.9,MINIMALISTA,E.E,LLAVE EN MANO,MADERA,VENDIDO,51.0,28549000.0
2026-02-07,Juan Garcia,PLAN 36-60,MENDIOLAZA,60.1,AMERICANA,S.F,LLAVE EN MANO,PIEDRA NATURAL,NO LE INTERESA,21.0,28941000.0
2025-08-12,Elena Sanchez,PLAN 36-60,LA PLATA,20.0,AMERICANA,W.F,LLAVE EN MANO,LADRILLO,POTABLE,740.0,10143000.0
2025-01-05,Pedro Rodriguez,FINANCIACION PROPIA,SANTIAGO DEL ESTERO,73.4,MINIMALISTA,W.F,LLAVE EN MANO,LADRILLO,NO LE INTERESA,467.0,34031000.0
2024-06-23,Carla Perez,CONTADO,MENDIOLAZA,58.7,MINIMALISTA,W.F,OBRA GRIS,LADRILLO,NO LE INTERESA,24.0,18358000.0
2024-07-12,Diego Gonzalez,PLAN 36-60,CARLOS PAZ,82.8,MINIMALISTA,W.F,LLAVE EN MANO,PIEDRA NATURAL,POTABLE,36.0,36371000.0
2025-05-16,Lucia Sanchez,PLAN 36-60,SANTIAGO DEL ESTERO,57.5,MINIMALISTA,E.E,OBRA GRIS,PIEDRA NATURAL,NO LE INTERESA,488.0,17268000.0
2024-04-22,Maria Sanchez,CONTADO,BUENOS AIRES,39.2,AMERICANA,W.F,LLAVE EN MANO,PIEDRA NATURAL,NO LE INTERESA,727.0,19194000.0
2024-04-23,Juan Gonzalez,PLAN 36-60,MENDIOLAZA,50.9,CABAÑA,E.E,OBRA GRIS,PIEDRA NATURAL,NO LE INTERESA,32.0,14785000.0
2024-08-09,Jorge Gonzalez,CONTADO,CARLOS PAZ,71.1,MINIMALISTA,E.E,OBRA GRIS,PIEDRA NATURAL,NO LE INTERESA,35.0,20825000.0
2025-11-08,Luis Martinez,CONTADO,CARLOS PAZ,39.6,AMERICANA,S.F,LLAVE EN MANO,MADERA,NO LE INTERESA,39.0,19089000.0
2025-10-05,Elena Martinez,,LA PLATA,46.2,MINIMALISTA,W.F,OBRA GRIS,MADERA,NO LE INTERESA,767.0,16603000.0
2024-09-20,Maria Gonzalez,NO SABE,LA PLATA,50.6,CABAÑA,S.F,LLAVE EN MANO,MADERA,POTABLE,726.0,26313000.0
2024-02-24,Maria Martinez,CONTADO,ALTA GRACIA,,AMERICANA,S.F,OBRA GRIS,MADERA,POTABLE,47.0,11786000.0
2025-10-04,Diego Lopez,CONTADO,CÓRDOBA CAPITAL,39.9,AMERICANA,S.F,LLAVE EN MANO,LADRILLO,POTABLE,15.0,19127000.0
2026-02-16,Jorge Garcia,CONTADO,SANTIAGO DEL ESTERO,58.5,CABAÑA,S.F,LLAVE EN MANO,LADRILLO,NO LE INTERESA,448.0,28661000.0
2025-04-02,Carla Garcia,CONTADO,ALTA GRACIA,79.0,CABAÑA,S.F,LLAVE EN MANO,MADERA,NO LE INTERESA,38.0,39559000.0
2024-06-10,Carla Gonzalez,PLAN 36-60,ALTA GRACIA,61.3,AMERICANA,W.F,LLAVE EN MANO,PIEDRA NATURAL,NO LE INTERESA,38.0,28877000.0
2025-01-14,Ana Romero,FINANCIACION PROPIA,SANTIAGO DEL ESTERO,54.1,CABAÑA,S.F,OBRA GRIS,MADERA,NO LE INTERESA,496.0,20318000.0
2024-03-27,Carla Perez,CONTADO,MENDIOLAZA,38.4,MINIMALISTA,E.E,LLAVE EN MANO,MADERA,POTABLE,44.0,15462000.0
2024-02-24,Carla Rodriguez,NO SABE,BUENOS AIRES,76.9,CABAÑA,E.E,LLAVE EN MANO,LADRILLO,NO LE INTERESA,703.0,30848000.0
2025-04-20,Diego Perez,CONTADO,SANTIAGO DEL ESTERO,63.7,CABAÑA,W.F,LLAVE EN MANO,PIEDRA NATURAL,NO LE INTERESA,479.0,30075000.0
2024-06-26,Ana Gonzalez,FINANCIACION PROPIA,CARLOS PAZ,40.9,AMERICANA,E.E,OBRA GRIS,LADRILLO,POTABLE,46.0,11868000.0
2025-01-25,Jorge Romero,FINANCIACION PROPIA,BUENOS AIRES,73.0,CABAÑA,S.F,LLAVE EN MANO,PIEDRA NATURAL,POTABLE,672.0,37710000.0
2024-12-14,Elena Rodriguez,PLAN 36-60,CÓRDOBA CAPITAL,66.2,AMERICANA,E.E,OBRA GRIS,LADRILLO,VENDIDO,12.0,18882000.0
2024-01-08,Luis Perez,CONTADO,MENDIOLAZA,38.7,MINIMALISTA,S.F,OBRA GRIS,MADERA,NO LE INTERESA,28.0,12972000.0
2024-11-08,Ana Garcia,PLAN 36-60,LA PLATA,53.0,CABAÑA,W.F,LLAVE EN MANO,PIEDRA NATURAL,POTABLE,770.0,25447000.0
2026-01-28,Ana Romero,PLAN 36-60,CÓRDOBA CAPITAL,45.1,CABAÑA,E.E,OBRA GRIS,LADRILLO,VENDIDO,19.0,12629000.0
2025-03-18,Lucia Perez,FINANCIACION PROPIA,CÓRDOBA CAPITAL,107.7,AMERICANA,E.E,LLAVE EN MANO,MADERA,NO LE INTERESA,28.0,44211000.0
2026-02-05,Carla Romero,PLAN 36-60,LA PLATA,65.6,AMERICANA,E.E,OBRA GRIS,LADRILLO,POTABLE,789.0,19761000.0
2024-11-23,Lucia Martinez,PLAN 36-60,CÓRDOBA CAPITAL,58.7,CABAÑA,W.F,LLAVE EN MANO,LADRILLO,POTABLE,26.0,26788000.0
2024-02-23,Elena Garcia,FINANCIACION PROPIA,MENDIOLAZA,64.5,AMERICANA,W.F,LLAVE EN MANO,LADRILLO,POTABLE,42.0,30579000.0
2026-01-30,Luis Lopez,NO SABE,MENDIOLAZA,82.6,CABAÑA,E.E,LLAVE EN MANO,MADERA,NO LE INTERESA,40.0,31121000.0
2024-08-26,Juan Garcia,PLAN 36-60,MENDIOLAZA,53.3,MINIMALISTA,W.F,OBRA GRIS,PIEDRA NATURAL,NO LE INTERESA,28.0,16820000.0
2024-08-16,Maria Rodriguez,FINANCIACION PROPIA,ALTA GRACIA,43.2,CABAÑA,S.F,OBRA GRIS,LADRILLO,POTABLE,40.0,15417000.0
2025-08-01,Elena Gonzalez,PLAN 36-60,ALTA GRACIA,,MINIMALISTA,W.F,OBRA GRIS,MADERA,NO LE INTERESA,49.0,22796000.0
2024-02-20,Ana Garcia,PLAN 36-60,MENDIOLAZA,51.5,MINIMALISTA,E.E,OBRA GRIS,LADRILLO,POTABLE,37.0,14253000.0
2025-08-31,Ana Martinez,PLAN 36-60,LA PLATA,33.6,AMERICANA,S.F,LLAVE EN MANO,PIEDRA NATURAL,POTABLE,749.0,18278000.0
2025-08-26,Elena Martinez,FINANCIACION PROPIA,LA PLATA,29.7,AMERICANA,E.E,LLAVE EN MANO,LADRILLO,NO LE INTERESA,795.0,12937000.0
2024-09-20,Juan Garcia,CONTADO,SANTIAGO DEL ESTERO,85.6,AMERICANA,E.E,OBRA GRIS,MADERA,POTABLE,496.0,23731000.0
2025-02-21,Pedro Gonzalez,PLAN 36-60,SANTIAGO DEL ESTERO,57.6,AMERICANA,E.E,OBRA GRIS,LADRILLO,NO LE INTERESA,457.0,16495000.0
2024-04-05,Ana Gonzalez,PLAN 36-60,MENDIOLAZA,43.2,CABAÑA,W.F,OBRA GRIS,LADRILLO,VENDIDO,31.0,13365000.0
2024-03-28,Diego Romero,CONTADO,BUENOS AIRES,50.3,MINIMALISTA,E.E,OBRA GRIS,PIEDRA NATURAL,POTABLE,744.0,15285000.0
2024-03-18,Carla Gonzalez,CONTADO,CÓRDOBA CAPITAL,71.1,CABAÑA,S.F,LLAVE EN MANO,PIEDRA NATURAL,POTABLE,6.0,33709000.0
2024-10-14,Lucia Romero,FINANCIACION PROPIA,CÓRDOBA CAPITAL,49.1,MINIMALISTA,S.F,LLAVE EN MANO,PIEDRA NATURAL,POTABLE,8.0,24931000.0
2024-04-29,Juan Sanchez,PLAN 36-60,LA PLATA,26.0,MINIMALISTA,S.F,LLAVE EN MANO,LADRILLO,NO LE INTERESA,795.0,14040000.0
2025-05-05,Carla Lopez,CONTADO,BUENOS AIRES,61.5,MINIMALISTA,E.E,OBRA GRIS,MADERA,NO LE INTERESA,733.0,17512000.0
2025-03-27,Luis Romero,FINANCIACION PROPIA,CÓRDOBA CAPITAL,79.2,CABAÑA,S.F,OBRA GRIS,LADRILLO,NO LE INTERESA,15.0,27190000.0
2025-05-14,Diego Lopez,FINANCIACION PROPIA,CARLOS PAZ,77.8,AMERICANA,S.F,OBRA GRIS,LADRILLO,NO LE INTERESA,52.0,27626000.0
2024-06-13,Juan Garcia,PLAN 36-60,ALTA GRACIA,43.8,CABAÑA,S.F,OBRA GRIS,LADRILLO,POTABLE,44.0,15143000.0
2024-06-30,Maria Gonzalez,CONTADO,CÓRDOBA CAPITAL,80.4,MINIMALISTA,S.F,LLAVE EN MANO,LADRILLO,POTABLE,21.0,39479000.0
2025-04-13,Elena Sanchez,NO SABE,CÓRDOBA CAPITAL,59.3,CABAÑA,W.F,LLAVE EN MANO,PIEDRA NATURAL,POTABLE,21.0,27860000.0
2026-01-04,Pedro Romero,FINANCIACION PROPIA,SANTIAGO DEL ESTERO,79.8,MINIMALISTA,E.E,OBRA GRIS,PIEDRA NATURAL,NO LE INTERESA,418.0,22627000.0
2024-01-07,Elena Garcia,CONTADO,CARLOS PAZ,66.5,AMERICANA,E.E,LLAVE EN MANO,PIEDRA NATURAL,POTABLE,37.0,25695000.0
2024-11-25,Pedro Perez,CONTADO,CÓRDOBA CAPITAL,24.6,AMERICANA,S.F,LLAVE EN MANO,PIEDRA NATURAL,NO LE INTERESA,28.0,12483000.0
2026-02-13,Diego Sanchez,PLAN 36-60,ALTA GRACIA,89.9,CABAÑA,E.E,LLAVE EN MANO,MADERA,NO LE INTERESA,40.0,34661000.0
2025-11-03,Juan Perez,PLAN 36-60,CÓRDOBA CAPITAL,56.0,AMERICANA,S.F,LLAVE EN MANO,LADRILLO,POTABLE,9.0,26295000.0
2024-05-30,Diego Martinez,CONTADO,LA PLATA,66.5,MINIMALISTA,S.F,OBRA GRIS,LADRILLO,NO LE INTERESA,758.0,23633000.0
2024-03-25,Luis Romero,PLAN 36-60,CARLOS PAZ,28.1,MINIMALISTA,S.F,LLAVE EN MANO,LADRILLO,VENDIDO,32.0,14437000.0
2024-05-26,Ana Sanchez,PLAN 36-60,CÓRDOBA CAPITAL,65.1,AMERICANA,E.E,LLAVE EN MANO,MADERA,POTABLE,27.0,26667000.0
2025-09-15,Ana Romero,FINANCIACION PROPIA,BUENOS AIRES,77.1,AMERICANA,W.F,LLAVE EN MANO,MADERA,POTABLE,670.0,34778000.0
2025-01-15,Luis Gonzalez,PLAN 36-60,CARLOS PAZ,93.7,AMERICANA,E.E,LLAVE EN MANO,,NO LE INTERESA,45.0,36995000.0
2025-07-01,Carla Martinez,PLAN 36-60,CÓRDOBA CAPITAL,83.0,CABAÑA,E.E,OBRA GRIS,LADRILLO,NO LE INTERESA,13.0,22416000.0
2024-10-11,Luis Garcia,NO SABE,ALTA GRACIA,66.1,CABAÑA,W.F,LLAVE EN MANO,LADRILLO,POTABLE,55.0,30402000.0
2025-11-30,Diego Perez,CONTADO,ALTA GRACIA,24.1,MINIMALISTA,E.E,LLAVE EN MANO,MADERA,VENDIDO,50.0,9223000.0
2024-03-22,Maria Lopez,CONTADO,CARLOS PAZ,57.6,CABAÑA,W.F,OBRA GRIS,LADRILLO,NO LE INTERESA,40.0,17769000.0
2025-05-28,Diego Perez,FINANCIACION PROPIA,MENDIOLAZA,43.1,CABAÑA,S.F,OBRA GRIS,MADERA,NO LE INTERESA,45.0,15645000.0
2025-12-09,Luis Romero,CONTADO,SANTIAGO DEL ESTERO,59.7,MINIMALISTA,W.F,OBRA GRIS,PIEDRA NATURAL,POTABLE,407.0,19488000.0
2025-06-06,Luis Lopez,FINANCIACION PROPIA,SANTIAGO DEL ESTERO,30.7,MINIMALISTA,S.F,OBRA GRIS,MADERA,NO LE INTERESA,458.0,10984000.0
2026-01-15,Maria Perez,CONTADO,LA PLATA,50.8,AMERICANA,W.F,OBRA GRIS,LADRILLO,POTABLE,809.0,18158000.0
2025-01-20,Juan Gonzalez,CONTADO,MENDIOLAZA,44.7,AMERICANA,S.F,OBRA GRIS,MADERA,POTABLE,37.0,16112000.0
2025-12-07,Carla Sanchez,,SANTIAGO DEL ESTERO,44.0,CABAÑA,E.E,LLAVE EN MANO,MADERA,VENDIDO,474.0,18289000.0
2025-04-15,Diego Perez,PLAN 36-60,CARLOS PAZ,44.2,MINIMALISTA,W.F,LLAVE EN MANO,PIEDRA NATURAL,POTABLE,31.0,20793000.0
2024-04-28,Maria Garcia,FINANCIACION PROPIA,SANTIAGO DEL ESTERO,,CABAÑA,E.E,OBRA GRIS,LADRILLO,VENDIDO,402.0,15231000.0
2025-01-30,Carla Lopez,CONTADO,LA PLATA,60.7,CABAÑA,S.F,LLAVE EN MANO,LADRILLO,NO LE INTERESA,714.0,29668000.0
2025-06-15,Luis Martinez,CONTADO,CÓRDOBA CAPITAL,20.0,MINIMALISTA,W.F,LLAVE EN MANO,PIEDRA NATURAL,VENDIDO,30.0,8664000.0
2024-09-17,Maria Sanchez,,SANTIAGO DEL ESTERO,20.0,MINIMALISTA,W.F,LLAVE EN MANO,MADERA,NO LE INTERESA,498.0,9586000.0
2024-09-12,Juan Garcia,CONTADO,CARLOS PAZ,48.2,MINIMALISTA,W.F,LLAVE EN MANO,MADERA,NO LE INTERESA,38.0,20885000.0
2026-01-03,Ana Rodriguez,,CARLOS PAZ,51.0,MINIMALISTA,E.E,LLAVE EN MANO,LADRILLO,POTABLE,37.0,20119000.0
2024-08-13,Maria Garcia,CONTADO,LA PLATA,58.8,CABAÑA,S.F,OBRA GRIS,MADERA,NO LE INTERESA,725.0,20616000.0
2024-02-22,Carla Perez,CONTADO,BUENOS AIRES,40.4,CABAÑA,E.E,LLAVE EN MANO,PIEDRA NATURAL,NO LE INTERESA,693.0,16781000.0
2025-05-14,Ana Rodriguez,FINANCIACION PROPIA,LA PLATA,55.2,CABAÑA,W.F,LLAVE EN MANO,LADRILLO,NO LE INTERESA,747.0,25169000.0
2025-05-20,Diego Romero,FINANCIACION PROPIA,BUENOS AIRES,57.5,MINIMALISTA,S.F,OBRA GRIS,MADERA,POTABLE,735.0,20948000.0
2024-12-29,Carla Gonzalez,PLAN 36-60,ALTA GRACIA,40.3,AMERICANA,S.F,LLAVE EN MANO,PIEDRA NATURAL,NO LE INTERESA,57.0,20180000.0
2024-10-06,Elena Martinez,PLAN 36-60,ALTA GRACIA,75.3,CABAÑA,E.E,LLAVE EN MANO,PIEDRA NATURAL,NO LE INTERESA,54.0,29157000.0
2025-08-15,Maria Gonzalez,PLAN 36-60,ALTA GRACIA,58.5,AMERICANA,E.E,LLAVE EN MANO,LADRILLO,POTABLE,51.0,22643000.0
2025-12-14,Jorge Garcia,PLAN 36-60,BUENOS AIRES,65.9,AMERICANA,W.F,LLAVE EN MANO,LADRILLO,NO LE INTERESA,737.0,32325000.0
2024-06-06,Maria Sanchez,FINANCIACION PROPIA,CÓRDOBA CAPITAL,56.4,AMERICANA,W.F,LLAVE EN MANO,MADERA,NO LE INTERESA,23.0,26017000.0
2025-09-23,Elena Perez,CONTADO,CARLOS PAZ,97.1,MINIMALISTA,W.F,LLAVE EN MANO,MADERA,POTABLE,42.0,43896000.0
2024-02-28,Ana Gonzalez,CONTADO,ALTA GRACIA,66.9,MINIMALISTA,W.F,OBRA GRIS,,NO LE INTERESA,43.0,21778000.0
2025-12-27,Pedro Lopez,NO SABE,CARLOS PAZ,45.2,CABAÑA,S.F,LLAVE EN MANO,PIEDRA NATURAL,VENDIDO,37.0,22470000.0
2024-05-07,Juan Lopez,CONTADO,LA PLATA,71.4,CABAÑA,W.F,OBRA GRIS,PIEDRA NATURAL,POTABLE,778.0,23009000.0
2026-01-05,Jorge Perez,CONTADO,CÓRDOBA CAPITAL,22.2,MINIMALISTA,W.F,OBRA GRIS,,NO LE INTERESA,29.0,6890000.0
2025-12-21,Jorge Sanchez,PLAN 36-60,LA PLATA,57.4,MINIMALISTA,W.F,LLAVE EN MANO,LADRILLO,NO LE INTERESA,768.0,27431000.0
2024-04-24,Pedro Gonzalez,FINANCIACION PROPIA,CARLOS PAZ,61.4,AMERICANA,E.E,LLAVE EN MANO,PIEDRA NATURAL,NO LE INTERESA,53.0,23821000.0
2024-07-27,Pedro Martinez,PLAN 36-60,MENDIOLAZA,57.6,MINIMALISTA,E.E,LLAVE EN MANO,PIEDRA NATURAL,NO LE INTERESA,20.0,21604000.0
2025-06-09,Diego Sanchez,CONTADO,BUENOS AIRES,48.3,MINIMALISTA,E.E,OBRA GRIS,MADERA,NO LE INTERESA,739.0,14336000.0
2025-06-04,Maria Martinez,NO SABE,MENDIOLAZA,34.8,MINIMALISTA,W.F,OBRA GRIS,LADRILLO,POTABLE,41.0,10851000.0
2025-07-05,Luis Sanchez,FINANCIACION PROPIA,ALTA GRACIA,39.2,MINIMALISTA,S.F,OBRA GRIS,,NO LE INTERESA,51.0,14371000.0
2024-08-24,Diego Perez,FINANCIACION PROPIA,MENDIOLAZA,,AMERICANA,W.F,LLAVE EN MANO,LADRILLO,NO LE INTERESA,43.0,24995000.0
2024-10-07,Elena Rodriguez,CONTADO,LA PLATA,32.7,CABAÑA,E.E,OBRA GRIS,PIEDRA NATURAL,POTABLE,769.0,9942000.0
2024-12-24,Lucia Lopez,CONTADO,BUENOS AIRES,90.4,AMERICANA,E.E,LLAVE EN MANO,LADRILLO,POTABLE,684.0,36923000.0
2024-07-19,Juan Lopez,CONTADO,MENDIOLAZA,20.0,MINIMALISTA,W.F,LLAVE EN MANO,LADRILLO,NO LE INTERESA,25.0,9073000.0
2026-01-27,Maria Rodriguez,CONTADO,SANTIAGO DEL ESTERO,48.5,MINIMALISTA,S.F,OBRA GRIS,PIEDRA NATURAL,NO LE INTERESA,456.0,17793000.0
2024-10-04,Maria Gonzalez,CONTADO,CÓRDOBA CAPITAL,57.2,CABAÑA,S.F,OBRA GRIS,LADRILLO,NO LE INTERESA,28.0,19933000.0
2024-08-22,Juan Rodriguez,CONTADO,CARLOS PAZ,65.1,CABAÑA,S.F,LLAVE EN MANO,PIEDRA NATURAL,VENDIDO,32.0,31842000.0
2025-05-08,Ana Perez,PLAN 36-60,BUENOS AIRES,36.7,CABAÑA,E.E,OBRA GRIS,PIEDRA NATURAL,NO LE INTERESA,720.0,11673000.0
2024-01-04,Elena Gonzalez,PLAN 36-60,ALTA GRACIA,77.7,AMERICANA,E.E,OBRA GRIS,LADRILLO,VENDIDO,54.0,21225000.0
2025-10-27,Maria Gonzalez,FINANCIACION PROPIA,LA PLATA,,CABAÑA,S.F,LLAVE EN MANO,PIEDRA NATURAL,VENDIDO,722.0,14213000.0
2025-03-17,Elena Sanchez,CONTADO,CÓRDOBA CAPITAL,43.7,MINIMALISTA,W.F,OBRA GRIS,LADRILLO,NO LE INTERESA,8.0,14728000.0
2024-01-29,Ana Romero,PLAN 36-60,ALTA GRACIA,67.4,MINIMALISTA,S.F,OBRA GRIS,PIEDRA NATURAL,NO LE INTERESA,44.0,22923000.0
2024-04-18,Juan Sanchez,CONTADO,LA PLATA,75.8,MINIMALISTA,W.F,LLAVE EN MANO,LADRILLO,NO LE INTERESA,737.0,34549000.0
2025-09-01,Luis Perez,PLAN 36-60,MENDIOLAZA,26.9,AMERICANA,E.E,LLAVE EN MANO,PIEDRA NATURAL,NO LE INTERESA,25.0,10256000.0
2025-12-27,Elena Garcia,PLAN 36-60,BUENOS AIRES,107.9,CABAÑA,E.E,OBRA GRIS,PIEDRA NATURAL,NO LE INTERESA,680.0,29734000.0
2024-03-15,Elena Rodriguez,PLAN 36-60,CARLOS PAZ,37.1,CABAÑA,E.E,OBRA GRIS,MADERA,POTABLE,33.0,10197000.0
2024-05-25,Ana Romero,FINANCIACION PROPIA,BUENOS AIRES,28.8,CABAÑA,S.F,OBRA GRIS,PIEDRA NATURAL,POTABLE,721.0,10655000.0
2024-05-07,Juan Lopez,FINANCIACION PROPIA,SANTIAGO DEL ESTERO,,CABAÑA,S.F,LLAVE EN MANO,PIEDRA NATURAL,POTABLE,469.0,31477000.0
2024-02-11,Maria Garcia,PLAN 36-60,SANTIAGO DEL ESTERO,48.0,MINIMALISTA,E.E,OBRA GRIS,LADRILLO,NO LE INTERESA,470.0,13951000.0
2024-12-21,Diego Rodriguez,FINANCIACION PROPIA,BUENOS AIRES,45.1,AMERICANA,E.E,LLAVE EN MANO,,NO LE INTERESA,713.0,17850000.0
2024-02-10,Juan Sanchez,PLAN 36-60,MENDIOLAZA,66.9,CABAÑA,E.E,LLAVE EN MANO,LADRILLO,NO LE INTERESA,44.0,26956000.0
2024-02-03,Carla Perez,FINANCIACION PROPIA,CARLOS PAZ,24.5,MINIMALISTA,S.F,LLAVE EN MANO,LADRILLO,NO LE INTERESA,52.0,12440000.0
2024-01-17,Elena Rodriguez,PLAN 36-60,CÓRDOBA CAPITAL,21.0,MINIMALISTA,S.F,LLAVE EN MANO,MADERA,NO LE INTERESA,29.0,10242000.0
2025-11-07,Juan Perez,PLAN 36-60,CARLOS PAZ,43.1,AMERICANA,E.E,OBRA GRIS,MADERA,POTABLE,40.0,12716000.0
2024-06-01,Elena Lopez,FINANCIACION PROPIA,MENDIOLAZA,76.6,CABAÑA,S.F,OBRA GRIS,LADRILLO,POTABLE,42.0,27354000.0
2025-01-12,Elena Perez,CONTADO,LA PLATA,43.9,AMERICANA,S.F,OBRA GRIS,LADRILLO,NO LE INTERESA,786.0,16947000.0
2025-08-10,Luis Romero,PLAN 36-60,BUENOS AIRES,87.0,CABAÑA,S.F,OBRA GRIS,LADRILLO,VENDIDO,694.0,30522000.0
2025-08-21,Carla Lopez,NO SABE,BUENOS AIRES,79.0,AMERICANA,S.F,OBRA GRIS,LADRILLO,NO LE INTERESA,671.0,29623000.0
2025-09-20,Jorge Lopez,FINANCIACION PROPIA,BUENOS AIRES,60.7,CABAÑA,E.E,LLAVE EN MANO,PIEDRA NATURAL,POTABLE,728.0,25994000.0
2024-12-07,Luis Gonzalez,CONTADO,BUENOS AIRES,61.8,CABAÑA,E.E,LLAVE EN MANO,LADRILLO,POTABLE,674.0,24571000.0
2024-01-27,Maria Rodriguez,CONTADO,CÓRDOBA CAPITAL,60.6,AMERICANA,S.F,OBRA GRIS,PIEDRA NATURAL,NO LE INTERESA,12.0,21624000.0
2024-10-13,Carla Martinez,FINANCIACION PROPIA,SANTIAGO DEL ESTERO,58.2,CABAÑA,E.E,OBRA GRIS,LADRILLO,NO LE INTERESA,450.0,17390000.0
2025-10-07,Lucia Lopez,NO SABE,MENDIOLAZA,47.7,AMERICANA,E.E,OBRA GRIS,MADERA,NO LE INTERESA,37.0,13150000.0
2025-12-31,Carla Martinez,CONTADO,LA PLATA,50.0,AMERICANA,E.E,OBRA GRIS,MADERA,NO LE INTERESA,803.0,15167000.0
2024-06-16,Carla Romero,FINANCIACION PROPIA,MENDIOLAZA,,CABAÑA,W.F,LLAVE EN MANO,LADRILLO,POTABLE,35.0,14588000.0
2025-09-01,Lucia Gonzalez,FINANCIACION PROPIA,ALTA GRACIA,20.0,CABAÑA,E.E,OBRA GRIS,MADERA,VENDIDO,52.0,5492000.0
2024-09-24,Elena Rodriguez,CONTADO,ALTA GRACIA,77.1,AMERICANA,E.E,LLAVE EN MANO,MADERA,POTABLE,43.0,28960000.0
2026-01-18,Lucia Perez,FINANCIACION PROPIA,ALTA GRACIA,58.1,MINIMALISTA,S.F,LLAVE EN MANO,MADERA,POTABLE,52.0,28719000.0
2025-03-30,Maria Garcia,CONTADO,SANTIAGO DEL ESTERO,55.1,AMERICANA,S.F,OBRA GRIS,MADERA,NO LE INTERESA,444.0,20201000.0
2025-11-15,Carla Gonzalez,PLAN 36-60,CARLOS PAZ,63.0,MINIMALISTA,W.F,LLAVE EN MANO,PIEDRA NATURAL,VENDIDO,51.0,29662000.0
2025-02-04,Diego Perez,PLAN 36-60,CÓRDOBA CAPITAL,38.4,MINIMALISTA,W.F,OBRA GRIS,PIEDRA NATURAL,NO LE INTERESA,15.0,12440000.0
2025-04-20,Elena Gonzalez,PLAN 36-60,BUENOS AIRES,35.0,AMERICANA,E.E,LLAVE EN MANO,PIEDRA NATURAL,NO LE INTERESA,707.0,14427000.0
2025-12-02,Elena Romero,FINANCIACION PROPIA,SANTIAGO DEL ESTERO,49.3,AMERICANA,E.E,LLAVE EN MANO,PIEDRA NATURAL,POTABLE,443.0,19109000.0
2025-09-25,Jorge Martinez,PLAN 36-60,LA PLATA,82.4,AMERICANA,S.F,LLAVE EN MANO,LADRILLO,POTABLE,791.0,43162000.0
2025-07-11,Diego Romero,FINANCIACION PROPIA,LA PLATA,31.6,MINIMALISTA,E.E,LLAVE EN MANO,MADERA,POTABLE,805.0,13566000.0
2025-07-29,Carla Rodriguez,FINANCIACION PROPIA,ALTA GRACIA,20.0,AMERICANA,E.E,LLAVE EN MANO,MADERA,NO LE INTERESA,43.0,8092000.0
2024-05-09,Diego Gonzalez,FINANCIACION PROPIA,CÓRDOBA CAPITAL,44.6,AMERICANA,E.E,OBRA GRIS,LADRILLO,POTABLE,17.0,11906000.0
2024-12-28,Jorge Gonzalez,,ALTA GRACIA,77.9,CABAÑA,E.E,LLAVE EN MANO,LADRILLO,NO LE INTERESA,53.0,30580000.0
2025-12-05,Maria Martinez,CONTADO,LA PLATA,20.3,CABAÑA,E.E,OBRA GRIS,PIEDRA NATURAL,POTABLE,800.0,6764000.0
2025-11-23,Pedro Martinez,PLAN 36-60,LA PLATA,31.4,CABAÑA,E.E,OBRA GRIS,PIEDRA NATURAL,NO LE INTERESA,759.0,9464000.0
2024-10-18,Elena Sanchez,FINANCIACION PROPIA,BUENOS AIRES,60.3,AMERICANA,E.E,LLAVE EN MANO,MADERA,NO LE INTERESA,671.0,25323000.0
2025-01-05,Elena Romero,CONTADO,CARLOS PAZ,106.4,AMERICANA,E.E,OBRA GRIS,LADRILLO,NO LE INTERESA,39.0,29889000.0
2024-01-29,Juan Gonzalez,NO SABE,BUENOS AIRES,27.8,AMERICANA,S.F,LLAVE EN MANO,MADERA,POTABLE,715.0,14449000.0
2024-05-28,Lucia Gonzalez,FINANCIACION PROPIA,CARLOS PAZ,27.1,MINIMALISTA,W.F,OBRA GRIS,LADRILLO,NO LE INTERESA,40.0,9055000.0
2026-02-17,Diego Lopez,FINANCIACION PROPIA,BUENOS AIRES,61.8,MINIMALISTA,E.E,OBRA GRIS,PIEDRA NATURAL,NO LE INTERESA,679.0,18225000.0
2024-10-22,Juan Rodriguez,PLAN 36-60,CARLOS PAZ,79.1,CABAÑA,S.F,LLAVE EN MANO,MADERA,NO LE INTERESA,31.0,36879000.0
2024-01-11,Juan Gonzalez,PLAN 36-60,ALTA GRACIA,42.5,MINIMALISTA,E.E,OBRA GRIS,MADERA,NO LE INTERESA,52.0,12510000.0
2025-05-26,Carla Rodriguez,FINANCIACION PROPIA,MENDIOLAZA,,MINIMALISTA,E.E,OBRA GRIS,LADRILLO,POTABLE,45.0,6239000.0
2025-11-06,Jorge Romero,PLAN 36-60,CÓRDOBA CAPITAL,63.7,MINIMALISTA,W.F,OBRA GRIS,MADERA,NO LE INTERESA,28.0,21233000.0
2024-04-22,Diego Martinez,FINANCIACION PROPIA,CARLOS PAZ,67.3,CABAÑA,S.F,LLAVE EN MANO,PIEDRA NATURAL,NO LE INTERESA,47.0,34093000.0
2024-07-05,Luis Perez,PLAN 36-60,SANTIAGO DEL ESTERO,90.6,CABAÑA,E.E,OBRA GRIS,MADERA,NO LE INTERESA,484.0,25213000.0
2026-01-13,Pedro Romero,FINANCIACION PROPIA,CARLOS PAZ,68.1,MINIMALISTA,W.F,OBRA GRIS,LADRILLO,NO LE INTERESA,36.0,21925000.0
2024-08-14,Jorge Gonzalez,FINANCIACION PROPIA,ALTA GRACIA,71.6,AMERICANA,W.F,LLAVE EN MANO,MADERA,POTABLE,51.0,30866000.0
2024-11-05,Luis Lopez,CONTADO,CÓRDOBA CAPITAL,49.8,CABAÑA,E.E,OBRA GRIS,PIEDRA NATURAL,POTABLE,7.0,13752000.0
2024-04-07,Pedro Lopez,CONTADO,CARLOS PAZ,103.8,MINIMALISTA,E.E,LLAVE EN MANO,LADRILLO,POTABLE,48.0,41703000.0
2024-02-24,Carla Garcia,FINANCIACION PROPIA,BUENOS AIRES,47.0,AMERICANA,S.F,OBRA GRIS,LADRILLO,VENDIDO,757.0,17123000.0
2025-09-14,Ana Gonzalez,CONTADO,CÓRDOBA CAPITAL,42.8,AMERICANA,S.F,OBRA GRIS,,POTABLE,27.0,14445000.0
2025-10-25,Lucia Lopez,PLAN 36-60,SANTIAGO DEL ESTERO,91.2,CABAÑA,E.E,OBRA GRIS,LADRILLO,NO LE INTERESA,453.0,26234000.0
2026-01-27,Luis Rodriguez,PLAN 36-60,LA PLATA,25.5,AMERICANA,E.E,LLAVE EN MANO,LADRILLO,NO LE INTERESA,789.0,11221000.0
2025-02-09,Maria Lopez,CONTADO,BUENOS AIRES,20.0,CABAÑA,W.F,OBRA GRIS,MADERA,NO LE INTERESA,754.0,7704000.0
2024-03-09,Diego Rodriguez,CONTADO,CÓRDOBA CAPITAL,57.4,MINIMALISTA,S.F,LLAVE EN MANO,LADRILLO,POTABLE,10.0,28870000.0
2024-11-07,Pedro Gonzalez,,MENDIOLAZA,55.0,CABAÑA,E.E,LLAVE EN MANO,MADERA,POTABLE,40.0,22043000.0
2024-10-15,Pedro Perez,PLAN 36-60,CARLOS PAZ,50.4,AMERICANA,E.E,OBRA GRIS,PIEDRA NATURAL,NO LE INTERESA,37.0,14657000.0
2026-01-31,Elena Lopez,PLAN 36-60,BUENOS AIRES,74.9,CABAÑA,S.F,OBRA GRIS,PIEDRA NATURAL,POTABLE,748.0,26580000.0
2025-07-01,Lucia Rodriguez,NO SABE,ALTA GRACIA,36.8,CABAÑA,E.E,LLAVE EN MANO,PIEDRA NATURAL,POTABLE,37.0,14582000.0
2026-01-20,Pedro Romero,CONTADO,MENDIOLAZA,56.3,MINIMALISTA,W.F,OBRA GRIS,PIEDRA NATURAL,POTABLE,24.0,17910000.0
2024-05-27,Lucia Garcia,CONTADO,MENDIOLAZA,47.8,AMERICANA,W.F,OBRA GRIS,LADRILLO,NO LE INTERESA,38.0,16162000.0
2025-04-11,Lucia Rodriguez,FINANCIACION PROPIA,ALTA GRACIA,37.2,CABAÑA,E.E,OBRA GRIS,LADRILLO,POTABLE,39.0,10412000.0
2026-01-08,Maria Martinez,FINANCIACION PROPIA,ALTA GRACIA,53.8,MINIMALISTA,S.F,OBRA GRIS,MADERA,POTABLE,39.0,19757000.0
2024-08-31,Diego Perez,PLAN 36-60,ALTA GRACIA,72.1,MINIMALISTA,W.F,LLAVE EN MANO,MADERA,POTABLE,49.0,33453000.0
2025-05-05,Maria Gonzalez,NO SABE,MENDIOLAZA,,MINIMALISTA,S.F,OBRA GRIS,MADERA,POTABLE,41.0,34898000.0
2025-05-21,Diego Romero,NO SABE,CÓRDOBA CAPITAL,66.6,MINIMALISTA,S.F,LLAVE EN MANO,LADRILLO,NO LE INTERESA,12.0,32624000.0
2024-12-30,Pedro Garcia,CONTADO,ALTA GRACIA,20.0,MINIMALISTA,S.F,LLAVE EN MANO,MADERA,POTABLE,56.0,9828000.0
2025-04-26,Diego Gonzalez,CONTADO,LA PLATA,54.2,CABAÑA,W.F,LLAVE EN MANO,LADRILLO,NO LE INTERESA,791.0,25688000.0
2024-07-19,Luis Gonzalez,FINANCIACION PROPIA,MENDIOLAZA,56.0,CABAÑA,W.F,LLAVE EN MANO,PIEDRA NATURAL,POTABLE,34.0,24774000.0
2024-06-02,Diego Garcia,CONTADO,MENDIOLAZA,73.7,AMERICANA,E.E,LLAVE EN MANO,LADRILLO,VENDIDO,36.0,30115000.0
2025-03-25,Lucia Martinez,CONTADO,MENDIOLAZA,,CABAÑA,S.F,LLAVE EN MANO,PIEDRA NATURAL,POTABLE,21.0,29642000.0
2025-05-15,Elena Sanchez,FINANCIACION PROPIA,SANTIAGO DEL ESTERO,80.1,AMERICANA,W.F,LLAVE EN MANO,MADERA,VENDIDO,437.0,37873000.0
2024-03-13,Luis Romero,PLAN 36-60,CÓRDOBA CAPITAL,62.8,AMERICANA,W.F,OBRA GRIS,LADRILLO,NO LE INTERESA,12.0,20104000.0
2025-12-13,Elena Sanchez,PLAN 36-60,CÓRDOBA CAPITAL,86.2,AMERICANA,E.E,OBRA GRIS,MADERA,NO LE INTERESA,9.0,23114000.0
2024-10-22,Elena Gonzalez,CONTADO,ALTA GRACIA,46.2,CABAÑA,W.F,LLAVE EN MANO,MADERA,VENDIDO,45.0,21277000.0
2024-01-17,Diego Rodriguez,PLAN 36-60,MENDIOLAZA,57.9,MINIMALISTA,W.F,OBRA GRIS,PIEDRA NATURAL,POTABLE,29.0,18453000.0
2025-10-02,Pedro Rodriguez,PLAN 36-60,BUENOS AIRES,71.5,AMERICANA,W.F,OBRA GRIS,MADERA,POTABLE,733.0,25016000.0
2024-08-04,Carla Gonzalez,CONTADO,MENDIOLAZA,43.6,MINIMALISTA,E.E,OBRA GRIS,LADRILLO,POTABLE,35.0,12604000.0
2024-03-01,Jorge Rodriguez,CONTADO,ALTA GRACIA,39.2,AMERICANA,E.E,OBRA GRIS,MADERA,POTABLE,58.0,10671000.0
2025-09-07,Ana Lopez,PLAN 36-60,CÓRDOBA CAPITAL,42.4,CABAÑA,S.F,LLAVE EN MANO,PIEDRA NATURAL,POTABLE,9.0,21001000.0
2024-02-11,Pedro Garcia,NO SABE,ALTA GRACIA,40.0,AMERICANA,W.F,OBRA GRIS,PIEDRA NATURAL,NO LE INTERESA,36.0,13183000.0
2024-01-25,Lucia Perez,NO SABE,ALTA GRACIA,65.5,CABAÑA,E.E,LLAVE EN MANO,MADERA,POTABLE,48.0,25923000.0
2024-02-08,Juan Perez,CONTADO,ALTA GRACIA,20.0,MINIMALISTA,E.E,OBRA GRIS,PIEDRA NATURAL,POTABLE,35.0,5660000.0
2024-05-10,Elena Gonzalez,FINANCIACION PROPIA,ALTA GRACIA,23.9,CABAÑA,E.E,OBRA GRIS,MADERA,POTABLE,55.0,6590000.0
2025-05-12,Juan Martinez,FINANCIACION PROPIA,ALTA GRACIA,92.3,MINIMALISTA,S.F,LLAVE EN MANO,PIEDRA NATURAL,NO LE INTERESA,48.0,44103000.0
2024-08-16,Carla Gonzalez,FINANCIACION PROPIA,CARLOS PAZ,40.5,CABAÑA,S.F,LLAVE EN MANO,MADERA,VENDIDO,42.0,20442000.0
2024-04-17,Pedro Lopez,PLAN 36-60,CARLOS PAZ,59.0,AMERICANA,S.F,LLAVE EN MANO,MADERA,NO LE INTERESA,39.0,27574000.0
2024-06-20,Carla Gonzalez,CONTADO,MENDIOLAZA,25.2,AMERICANA,S.F,OBRA GRIS,LADRILLO,NO LE INTERESA,29.0,9111000.0
2025-03-10,Pedro Gonzalez,FINANCIACION PROPIA,MENDIOLAZA,56.9,CABAÑA,S.F,OBRA GRIS,LADRILLO,POTABLE,31.0,20015000.0
2025-04-22,Elena Perez,CONTADO,BUENOS AIRES,40.6,MINIMALISTA,W.F,OBRA GRIS,MADERA,NO LE INTERESA,662.0,14680000.0
2024-04-11,Luis Martinez,,BUENOS AIRES,23.7,MINIMALISTA,W.F,LLAVE EN MANO,LADRILLO,POTABLE,668.0,12267000.0
2025-06-07,Lucia Rodriguez,PLAN 36-60,CARLOS PAZ,81.7,MINIMALISTA,E.E,LLAVE EN MANO,LADRILLO,VENDIDO,43.0,32616000.0
2024-10-01,Diego Martinez,NO SABE,CÓRDOBA CAPITAL,78.7,CABAÑA,S.F,LLAVE EN MANO,PIEDRA NATURAL,NO LE INTERESA,9.0,38238000.0
2025-09-04,Maria Sanchez,CONTADO,SANTIAGO DEL ESTERO,,CABAÑA,S.F,LLAVE EN MANO,LADRILLO,POTABLE,478.0,26572000.0
2024-02-13,Diego Gonzalez,PLAN 36-60,CÓRDOBA CAPITAL,75.0,CABAÑA,E.E,LLAVE EN MANO,PIEDRA NATURAL,VENDIDO,12.0,28548000.0
2024-01-17,Juan Martinez,CONTADO,BUENOS AIRES,93.1,CABAÑA,W.F,OBRA GRIS,LADRILLO,VENDIDO,670.0,29741000.0
2024-11-25,Jorge Perez,FINANCIACION PROPIA,MENDIOLAZA,70.1,MINIMALISTA,S.F,LLAVE EN MANO,LADRILLO,NO LE INTERESA,26.0,34659000.0
2025-07-22,Ana Martinez,PLAN 36-60,CARLOS PAZ,64.6,MINIMALISTA,S.F,LLAVE EN MANO,MADERA,POTABLE,39.0,32681000.0
2025-05-11,Pedro Rodriguez,,CÓRDOBA CAPITAL,59.0,CABAÑA,S.F,OBRA GRIS,LADRILLO,NO LE INTERESA,6.0,20167000.0
2024-01-12,Elena Rodriguez,CONTADO,SANTIAGO DEL ESTERO,68.0,CABAÑA,W.F,LLAVE EN MANO,MADERA,POTABLE,414.0,31024000.0
2024-11-13,Pedro Garcia,PLAN 36-60,ALTA GRACIA,,MINIMALISTA,W.F,LLAVE EN MANO,MADERA,POTABLE,43.0,21686000.0
2025-08-14,Elena Romero,CONTADO,LA PLATA,49.5,MINIMALISTA,S.F,LLAVE EN MANO,MADERA,POTABLE,741.0,26401000.0
2024-08-03,Juan Lopez,,CARLOS PAZ,64.0,AMERICANA,S.F,LLAVE EN MANO,MADERA,NO LE INTERESA,50.0,30299000.0
2024-12-04,Pedro Gonzalez,PLAN 36-60,CARLOS PAZ,45.5,CABAÑA,E.E,OBRA GRIS,LADRILLO,NO LE INTERESA,51.0,12479000.0
2026-02-14,Maria Perez,PLAN 36-60,SANTIAGO DEL ESTERO,,AMERICANA,E.E,LLAVE EN MANO,MADERA,POTABLE,419.0,20136000.0
2025-10-22,Luis Rodriguez,FINANCIACION PROPIA,ALTA GRACIA,55.0,MINIMALISTA,W.F,OBRA GRIS,LADRILLO,VENDIDO,38.0,16949000.0
2024-03-21,Pedro Lopez,CONTADO,ALTA GRACIA,78.0,MINIMALISTA,E.E,LLAVE EN MANO,LADRILLO,POTABLE,51.0,31131000.0
2025-12-27,Lucia Martinez,PLAN 36-60,LA PLATA,32.3,CABAÑA,S.F,OBRA GRIS,PIEDRA NATURAL,POTABLE,790.0,12664000.0
2025-04-29,Ana Lopez,PLAN 36-60,ALTA GRACIA,70.2,AMERICANA,W.F,OBRA GRIS,PIEDRA NATURAL,NO LE INTERESA,59.0,22428000.0
2025-01-08,Juan Romero,CONTADO,SANTIAGO DEL ESTERO,,MINIMALISTA,E.E,LLAVE EN MANO,PIEDRA NATURAL,NO LE INTERESA,401.0,28265000.0
2025-12-10,Juan Sanchez,PLAN 36-60,MENDIOLAZA,70.7,AMERICANA,W.F,OBRA GRIS,MADERA,VENDIDO,30.0,23620000.0
2024-07-18,Luis Martinez,CONTADO,ALTA GRACIA,38.9,AMERICANA,S.F,OBRA GRIS,LADRILLO,NO LE INTERESA,53.0,13236000.0
2025-06-20,Ana Romero,FINANCIACION PROPIA,MENDIOLAZA,21.1,AMERICANA,E.E,OBRA GRIS,LADRILLO,POTABLE,41.0,5809000.0
2025-04-10,Carla Romero,PLAN 36-60,BUENOS AIRES,,AMERICANA,E.E,LLAVE EN MANO,MADERA,VENDIDO,666.0,26983000.0
2024-03-29,Juan Perez,PLAN 36-60,BUENOS AIRES,58.8,AMERICANA,E.E,OBRA GRIS,PIEDRA NATURAL,VENDIDO,728.0,17398000.0
2024-09-24,Elena Romero,CONTADO,MENDIOLAZA,75.1,CABAÑA,S.F,OBRA GRIS,PIEDRA NATURAL,POTABLE,27.0,26521000.0
2025-10-16,Maria Perez,CONTADO,SANTIAGO DEL ESTERO,41.0,CABAÑA,W.F,OBRA GRIS,LADRILLO,NO LE INTERESA,407.0,14394000.0
2025-07-24,Jorge Garcia,PLAN 36-60,CARLOS PAZ,70.2,AMERICANA,E.E,LLAVE EN MANO,LADRILLO,NO LE INTERESA,42.0,28732000.0
2025-05-03,Carla Romero,PLAN 36-60,CARLOS PAZ,76.1,CABAÑA,W.F,LLAVE EN MANO,LADRILLO,NO LE INTERESA,34.0,33429000.0
2025-06-21,Lucia Rodriguez,CONTADO,CARLOS PAZ,53.1,MINIMALISTA,W.F,OBRA GRIS,PIEDRA NATURAL,VENDIDO,48.0,16830000.0
2024-02-16,Maria Gonzalez,CONTADO,CÓRDOBA CAPITAL,63.3,AMERICANA,W.F,OBRA GRIS,LADRILLO,POTABLE,24.0,19729000.0
2024-10-14,Carla Gonzalez,CONTADO,CARLOS PAZ,62.6,CABAÑA,S.F,LLAVE EN MANO,PIEDRA NATURAL,NO LE INTERESA,51.0,32066000.0
2026-02-16,Pedro Martinez,PLAN 36-60,SANTIAGO DEL ESTERO,38.6,CABAÑA,S.F,OBRA GRIS,PIEDRA NATURAL,POTABLE,438.0,14022000.0
2024-01-16,Diego Martinez,CONTADO,LA PLATA,65.6,MINIMALISTA,E.E,LLAVE EN MANO,PIEDRA NATURAL,NO LE INTERESA,711.0,26647000.0
2025-12-11,Jorge Lopez,,BUENOS AIRES,87.4,MINIMALISTA,E.E,OBRA GRIS,MADERA,NO LE INTERESA,686.0,26273000.0
2025-02-04,Elena Rodriguez,CONTADO,ALTA GRACIA,55.4,MINIMALISTA,W.F,OBRA GRIS,MADERA,POTABLE,47.0,17933000.0
2024-03-26,Luis Romero,PLAN 36-60,CARLOS PAZ,25.8,MINIMALISTA,W.F,LLAVE EN MANO,LADRILLO,POTABLE,47.0,11256000.0
2024-09-06,Luis Rodriguez,,CÓRDOBA CAPITAL,41.3,AMERICANA,W.F,LLAVE EN MANO,PIEDRA NATURAL,VENDIDO,15.0,18525000.0
2025-01-25,Lucia Romero,PLAN 36-60,BUENOS AIRES,20.0,CABAÑA,S.F,OBRA GRIS,LADRILLO,NO LE INTERESA,714.0,8176000.0
2026-02-20,Jorge Rodriguez,CONTADO,BUENOS AIRES,80.8,CABAÑA,S.F,LLAVE EN MANO,PIEDRA NATURAL,NO LE INTERESA,712.0,41551000.0
2024-11-30,Carla Romero,CONTADO,MENDIOLAZA,70.3,MINIMALISTA,E.E,OBRA GRIS,,POTABLE,24.0,20007000.0
2025-09-20,Ana Martinez,PLAN 36-60,CÓRDOBA CAPITAL,45.0,CABAÑA,W.F,OBRA GRIS,LADRILLO,NO LE INTERESA,21.0,13968000.0
2025-06-02,Pedro Sanchez,CONTADO,SANTIAGO DEL ESTERO,26.6,CABAÑA,W.F,LLAVE EN MANO,MADERA,NO LE INTERESA,444.0,12410000.0
2024-05-16,Luis Perez,CONTADO,LA PLATA,38.3,CABAÑA,S.F,OBRA GRIS,MADERA,NO LE INTERESA,791.0,14932000.0
2025-11-18,Pedro Rodriguez,FINANCIACION PROPIA,CARLOS PAZ,42.2,MINIMALISTA,E.E,OBRA GRIS,MADERA,POTABLE,47.0,12338000.0
2025-05-12,Diego Lopez,FINANCIACION PROPIA,CARLOS PAZ,57.2,CABAÑA,W.F,LLAVE EN MANO,MADERA,NO LE INTERESA,33.0,24665000.0
2025-12-27,Luis Garcia,CONTADO,CÓRDOBA CAPITAL,56.5,CABAÑA,W.F,OBRA GRIS,PIEDRA NATURAL,POTABLE,17.0,17385000.0
2025-04-21,Pedro Perez,FINANCIACION PROPIA,SANTIAGO DEL ESTERO,81.8,CABAÑA,E.E,OBRA GRIS,LADRILLO,POTABLE,470.0,23948000.0
2025-08-16,Lucia Perez,PLAN 36-60,CÓRDOBA CAPITAL,41.1,AMERICANA,W.F,OBRA GRIS,LADRILLO,NO LE INTERESA,7.0,13308000.0
2024-08-10,Ana Martinez,CONTADO,CÓRDOBA CAPITAL,24.8,AMERICANA,S.F,OBRA GRIS,PIEDRA NATURAL,POTABLE,25.0,8417000.0
2025-01-06,Jorge Gonzalez,NO SABE,LA PLATA,31.9,CABAÑA,E.E,LLAVE EN MANO,PIEDRA NATURAL,POTABLE,732.0,13668000.0
2025-02-05,Elena Romero,FINANCIACION PROPIA,SANTIAGO DEL ESTERO,54.5,CABAÑA,W.F,OBRA GRIS,LADRILLO,NO LE INTERESA,450.0,19089000.0
2025-03-18,Carla Perez,NO SABE,LA PLATA,40.4,CABAÑA,W.F,OBRA GRIS,MADERA,NO LE INTERESA,804.0,14401000.0
2025-05-04,Jorge Sanchez,CONTADO,SANTIAGO DEL ESTERO,49.2,CABAÑA,S.F,OBRA GRIS,MADERA,NO LE INTERESA,457.0,17814000.0
2025-09-06,Luis Rodriguez,CONTADO,CARLOS PAZ,45.9,CABAÑA,S.F,OBRA GRIS,MADERA,NO LE INTERESA,41.0,16655000.0
2024-09-29,Ana Rodriguez,PLAN 36-60,ALTA GRACIA,74.8,CABAÑA,S.F,LLAVE EN MANO,PIEDRA NATURAL,NO LE INTERESA,35.0,35650000.0
2025-06-09,Pedro Rodriguez,PLAN 36-60,MENDIOLAZA,43.3,AMERICANA,W.F,LLAVE EN MANO,LADRILLO,POTABLE,23.0,19387000.0
2024-06-07,Pedro Martinez,CONTADO,ALTA GRACIA,47.5,MINIMALISTA,W.F,LLAVE EN MANO,PIEDRA NATURAL,POTABLE,49.0,21546000.0
2024-05-31,Carla Martinez,FINANCIACION PROPIA,BUENOS AIRES,69.3,CABAÑA,W.F,OBRA GRIS,LADRILLO,NO LE INTERESA,709.0,23389000.0
2025-09-11,Pedro Rodriguez,PLAN 36-60,SANTIAGO DEL ESTERO,43.7,CABAÑA,E.E,OBRA GRIS,MADERA,POTABLE,436.0,13433000.0
2024-07-06,Juan Garcia,PLAN 36-60,ALTA GRACIA,63.5,CABAÑA,S.F,LLAVE EN MANO,MADERA,NO LE INTERESA,58.0,30555000.0
2024-04-07,Jorge Garcia,PLAN 36-60,CÓRDOBA CAPITAL,61.6,MINIMALISTA,E.E,LLAVE EN MANO,MADERA,NO LE INTERESA,13.0,23095000.0
2024-05-10,Luis Garcia,PLAN 36-60,CARLOS PAZ,57.8,CABAÑA,S.F,OBRA GRIS,LADRILLO,POTABLE,43.0,21140000.0
2024-06-19,Diego Garcia,CONTADO,MENDIOLAZA,32.3,CABAÑA,W.F,LLAVE EN MANO,MADERA,NO LE INTERESA,34.0,14198000.0
2024-07-01,Diego Garcia,NO SABE,MENDIOLAZA,79.6,MINIMALISTA,E.E,OBRA GRIS,LADRILLO,VENDIDO,33.0,22067000.0
2024-12-29,Maria Lopez,CONTADO,BUENOS AIRES,99.4,CABAÑA,E.E,OBRA GRIS,PIEDRA NATURAL,POTABLE,708.0,28983000.0
2024-02-08,Lucia Sanchez,CONTADO,MENDIOLAZA,55.2,MINIMALISTA,S.F,OBRA GRIS,MADERA,POTABLE,28.0,20283000.0
2025-06-10,Carla Gonzalez,FINANCIACION PROPIA,CARLOS PAZ,34.1,MINIMALISTA,E.E,OBRA GRIS,PIEDRA NATURAL,NO LE INTERESA,53.0,9661000.0
2025-05-11,Ana Sanchez,NO SABE,ALTA GRACIA,55.6,CABAÑA,E.E,OBRA GRIS,PIEDRA NATURAL,POTABLE,46.0,15555000.0
2025-05-30,Pedro Romero,FINANCIACION PROPIA,MENDIOLAZA,74.8,AMERICANA,W.F,OBRA GRIS,LADRILLO,POTABLE,33.0,24337000.0
2024-12-14,Maria Garcia,FINANCIACION PROPIA,MENDIOLAZA,,AMERICANA,S.F,OBRA GRIS,PIEDRA NATURAL,POTABLE,36.0,15705000.0
2025-01-31,Maria Garcia,PLAN 36-60,SANTIAGO DEL ESTERO,52.4,CABAÑA,E.E,OBRA GRIS,LADRILLO,NO LE INTERESA,407.0,15768000.0
2025-12-22,Luis Lopez,NO SABE,CÓRDOBA CAPITAL,61.8,MINIMALISTA,W.F,LLAVE EN MANO,LADRILLO,NO LE INTERESA,25.0,26973000.0
2024-06-09,Lucia Lopez,CONTADO,SANTIAGO DEL ESTERO,79.1,MINIMALISTA,E.E,LLAVE EN MANO,PIEDRA NATURAL,NO LE INTERESA,451.0,32645000.0
2024-01-16,Diego Sanchez,FINANCIACION PROPIA,ALTA GRACIA,70.5,MINIMALISTA,W.F,LLAVE EN MANO,LADRILLO,VENDIDO,51.0,32945000.0
2025-05-07,Maria Romero,PLAN 36-60,CARLOS PAZ,71.3,CABAÑA,E.E,LLAVE EN MANO,LADRILLO,NO LE INTERESA,49.0,28557000.0
2025-03-01,Diego Martinez,CONTADO,CARLOS PAZ,46.5,AMERICANA,W.F,OBRA GRIS,LADRILLO,VENDIDO,52.0,15288000.0
2024-04-17,Luis Martinez,PLAN 36-60,SANTIAGO DEL ESTERO,63.0,MINIMALISTA,W.F,LLAVE EN MANO,PIEDRA NATURAL,NO LE INTERESA,439.0,28887000.0
2025-03-25,Ana Garcia,PLAN 36-60,LA PLATA,40.6,MINIMALISTA,S.F,LLAVE EN MANO,LADRILLO,POTABLE,791.0,21379000.0
2024-11-06,Luis Martinez,,SANTIAGO DEL ESTERO,71.9,CABAÑA,W.F,OBRA GRIS,MADERA,VENDIDO,426.0,24356000.0
2026-01-08,Jorge Rodriguez,CONTADO,LA PLATA,78.0,AMERICANA,E.E,LLAVE EN MANO,PIEDRA NATURAL,POTABLE,776.0,30543000.0
2024-06-18,Ana Gonzalez,FINANCIACION PROPIA,BUENOS AIRES,66.1,AMERICANA,W.F,LLAVE EN MANO,PIEDRA NATURAL,NO LE INTERESA,670.0,30055000.0
2025-06-29,Jorge Martinez,CONTADO,SANTIAGO DEL ESTERO,47.7,CABAÑA,W.F,LLAVE EN MANO,LADRILLO,POTABLE,402.0,21430000.0
2025-02-17,Maria Martinez,PLAN 36-60,LA PLATA,50.9,AMERICANA,E.E,LLAVE EN MANO,PIEDRA NATURAL,NO LE INTERESA,720.0,21750000.0
2024-09-07,Jorge Martinez,FINANCIACION PROPIA,LA PLATA,91.1,CABAÑA,E.E,OBRA GRIS,MADERA,VENDIDO,742.0,27100000.0
2026-01-28,Luis Lopez,PLAN 36-60,MENDIOLAZA,,MINIMALISTA,W.F,LLAVE EN MANO,PIEDRA NATURAL,POTABLE,21.0,21563000.0
2026-02-19,Lucia Romero,CONTADO,BUENOS AIRES,76.0,CABAÑA,E.E,LLAVE EN MANO,PIEDRA NATURAL,POTABLE,723.0,31883000.0
2024-05-20,Juan Garcia,CONTADO,MENDIOLAZA,61.8,MINIMALISTA,W.F,LLAVE EN MANO,PIEDRA NATURAL,POTABLE,28.0,28506000.0
2024-09-30,Jorge Garcia,PLAN 36-60,LA PLATA,48.3,CABAÑA,W.F,LLAVE EN MANO,LADRILLO,NO LE INTERESA,784.0,23899000.0
2025-02-19,Ana Gonzalez,NO SABE,LA PLATA,,MINIMALISTA,W.F,OBRA GRIS,MADERA,POTABLE,715.0,9692000.0
2025-08-30,Maria Romero,NO SABE,CÓRDOBA CAPITAL,59.2,MINIMALISTA,E.E,OBRA GRIS,MADERA,NO LE INTERESA,10.0,16606000.0
2026-01-08,Jorge Perez,FINANCIACION PROPIA,LA PLATA,56.8,CABAÑA,S.F,LLAVE EN MANO,MADERA,POTABLE,751.0,29557000.0
2024-02-08,Ana Perez,CONTADO,MENDIOLAZA,91.1,MINIMALISTA,S.F,OBRA GRIS,PIEDRA NATURAL,POTABLE,30.0,30996000.0
2024-01-29,Juan Martinez,CONTADO,LA PLATA,37.8,AMERICANA,W.F,OBRA GRIS,MADERA,NO LE INTERESA,723.0,13027000.0
2025-04-21,Jorge Gonzalez,CONTADO,CARLOS PAZ,100.9,CABAÑA,W.F,OBRA GRIS,LADRILLO,NO LE INTERESA,55.0,32308000.0
2024-11-13,Pedro Martinez,CONTADO,CÓRDOBA CAPITAL,,AMERICANA,E.E,OBRA GRIS,PIEDRA NATURAL,POTABLE,12.0,18062000.0
2024-09-01,Juan Perez,CONTADO,LA PLATA,62.6,MINIMALISTA,S.F,LLAVE EN MANO,LADRILLO,NO LE INTERESA,782.0,31827000.0
2026-01-17,Jorge Perez,CONTADO,MENDIOLAZA,43.1,MINIMALISTA,S.F,OBRA GRIS,PIEDRA NATURAL,NO LE INTERESA,26.0,15113000.0
2025-11-27,Lucia Martinez,,MENDIOLAZA,61.3,MINIMALISTA,S.F,LLAVE EN MANO,LADRILLO,POTABLE,42.0,29892000.0
2024-09-28,Maria Perez,CONTADO,ALTA GRACIA,64.5,CABAÑA,E.E,LLAVE EN MANO,PIEDRA NATURAL,POTABLE,45.0,24663000.0
2025-03-15,Jorge Martinez,PLAN 36-60,MENDIOLAZA,73.7,MINIMALISTA,E.E,LLAVE EN MANO,LADRILLO,NO LE INTERESA,43.0,30180000.0
2026-01-17,Jorge Rodriguez,NO SABE,CÓRDOBA CAPITAL,35.4,AMERICANA,E.E,LLAVE EN MANO,MADERA,POTABLE,14.0,13645000.0
2024-08-26,Pedro Sanchez,PLAN 36-60,MENDIOLAZA,83.1,AMERICANA,W.F,LLAVE EN MANO,PIEDRA NATURAL,POTABLE,20.0,37744000.0
2025-01-11,Diego Rodriguez,FINANCIACION PROPIA,CARLOS PAZ,62.2,CABAÑA,E.E,LLAVE EN MANO,PIEDRA NATURAL,NO LE INTERESA,43.0,23588000.0
2024-09-22,Ana Rodriguez,FINANCIACION PROPIA,SANTIAGO DEL ESTERO,67.2,AMERICANA,W.F,LLAVE EN MANO,LADRILLO,POTABLE,452.0,30768000.0
2024-12-24,Jorge Martinez,CONTADO,CARLOS PAZ,50.6,CABAÑA,W.F,LLAVE EN MANO,LADRILLO,POTABLE,33.0,23783000.0
2024-12-05,Lucia Perez,CONTADO,BUENOS AIRES,36.4,CABAÑA,W.F,LLAVE EN MANO,LADRILLO,VENDIDO,683.0,18297000.0
2025-01-23,Maria Romero,CONTADO,CARLOS PAZ,56.5,MINIMALISTA,W.F,LLAVE EN MANO,PIEDRA NATURAL,POTABLE,50.0,25192000.0
2025-07-30,Elena Gonzalez,CONTADO,CÓRDOBA CAPITAL,58.7,AMERICANA,E.E,OBRA GRIS,LADRILLO,VENDIDO,6.0,15876000.0
2025-11-19,Diego Sanchez,PLAN 36-60,CÓRDOBA CAPITAL,27.3,AMERICANA,E.E,OBRA GRIS,MADERA,POTABLE,17.0,7527000.0
2024-01-03,Jorge Lopez,NO SABE,ALTA GRACIA,70.9,AMERICANA,S.F,OBRA GRIS,LADRILLO,NO LE INTERESA,48.0,24457000.0
2025-03-04,Elena Martinez,NO SABE,MENDIOLAZA,74.9,MINIMALISTA,S.F,LLAVE EN MANO,LADRILLO,NO LE INTERESA,37.0,37288000.0
2024-05-21,Elena Martinez,CONTADO,ALTA GRACIA,40.4,CABAÑA,W.F,LLAVE EN MANO,LADRILLO,POTABLE,36.0,18259000.0
2025-01-10,Elena Gonzalez,NO SABE,CÓRDOBA CAPITAL,34.5,AMERICANA,S.F,LLAVE EN MANO,MADERA,NO LE INTERESA,20.0,17390000.0
2025-10-31,Carla Romero,CONTADO,MENDIOLAZA,48.9,AMERICANA,S.F,LLAVE EN MANO,LADRILLO,NO LE INTERESA,20.0,24474000.0
2024-11-19,Pedro Gonzalez,FINANCIACION PROPIA,CÓRDOBA CAPITAL,55.5,AMERICANA,S.F,LLAVE EN MANO,LADRILLO,POTABLE,12.0,26536000.0
2024-05-25,Ana Lopez,CONTADO,CÓRDOBA CAPITAL,49.7,AMERICANA,W.F,OBRA GRIS,,NO LE INTERESA,17.0,16485000.0
2024-10-19,Maria Rodriguez,CONTADO,SANTIAGO DEL ESTERO,53.8,MINIMALISTA,S.F,OBRA GRIS,PIEDRA NATURAL,NO LE INTERESA,491.0,20246000.0
2025-10-26,Jorge Romero,CONTADO,CARLOS PAZ,59.4,CABAÑA,E.E,LLAVE EN MANO,,NO LE INTERESA,33.0,23564000.0
2025-03-07,Juan Romero,FINANCIACION PROPIA,ALTA GRACIA,27.6,AMERICANA,W.F,LLAVE EN MANO,PIEDRA NATURAL,NO LE INTERESA,39.0,13035000.0
2025-12-05,Maria Romero,CONTADO,ALTA GRACIA,29.9,AMERICANA,E.E,OBRA GRIS,LADRILLO,POTABLE,52.0,8689000.0
2025-08-07,Diego Martinez,CONTADO,LA PLATA,20.0,CABAÑA,W.F,OBRA GRIS,LADRILLO,POTABLE,747.0,7633000.0
2025-02-02,Juan Gonzalez,NO SABE,BUENOS AIRES,73.9,MINIMALISTA,E.E,OBRA GRIS,MADERA,NO LE INTERESA,722.0,22659000.0
2024-12-09,Elena Perez,NO SABE,SANTIAGO DEL ESTERO,55.3,MINIMALISTA,S.F,LLAVE EN MANO,LADRILLO,VENDIDO,500.0,28126000.0
2024-05-19,Luis Martinez,CONTADO,CÓRDOBA CAPITAL,76.0,MINIMALISTA,W.F,LLAVE EN MANO,PIEDRA NATURAL,POTABLE,30.0,34378000.0
2024-07-05,Juan Romero,FINANCIACION PROPIA,CÓRDOBA CAPITAL,32.2,MINIMALISTA,E.E,LLAVE EN MANO,PIEDRA NATURAL,NO LE INTERESA,14.0,12462000.0
2024-03-01,Diego Garcia,CONTADO,SANTIAGO DEL ESTERO,55.5,AMERICANA,W.F,LLAVE EN MANO,PIEDRA NATURAL,POTABLE,450.0,26678000.0
2025-01-14,Carla Romero,CONTADO,MENDIOLAZA,59.3,CABAÑA,E.E,OBRA GRIS,PIEDRA NATURAL,NO LE INTERESA,43.0,16040000.0
2025-12-10,Pedro Sanchez,PLAN 36-60,ALTA GRACIA,43.8,CABAÑA,S.F,OBRA GRIS,LADRILLO,NO LE INTERESA,37.0,15345000.0
2025-03-15,Elena Perez,PLAN 36-60,CÓRDOBA CAPITAL,23.9,CABAÑA,W.F,LLAVE EN MANO,MADERA,NO LE INTERESA,16.0,10839000.0
2024-11-14,Ana Rodriguez,PLAN 36-60,BUENOS AIRES,89.9,MINIMALISTA,W.F,OBRA GRIS,MADERA,VENDIDO,698.0,30159000.0
2024-10-28,Luis Sanchez,PLAN 36-60,LA PLATA,83.0,MINIMALISTA,E.E,LLAVE EN MANO,LADRILLO,POTABLE,739.0,34156000.0
2024-12-09,Juan Gonzalez,PLAN 36-60,ALTA GRACIA,47.4,CABAÑA,E.E,OBRA GRIS,PIEDRA NATURAL,POTABLE,60.0,13370000.0
2024-01-11,Juan Garcia,FINANCIACION PROPIA,CARLOS PAZ,65.2,AMERICANA,S.F,LLAVE EN MANO,MADERA,VENDIDO,48.0,31241000.0
2024-03-02,Diego Lopez,FINANCIACION PROPIA,BUENOS AIRES,45.3,MINIMALISTA,E.E,OBRA GRIS,MADERA,POTABLE,699.0,14223000.0
2024-08-13,Jorge Rodriguez,PLAN 36-60,SANTIAGO DEL ESTERO,35.1,AMERICANA,E.E,OBRA GRIS,LADRILLO,NO LE INTERESA,483.0,10719000.0
2024-06-01,Diego Garcia,CONTADO,ALTA GRACIA,91.5,CABAÑA,E.E,OBRA GRIS,PIEDRA NATURAL,NO LE INTERESA,47.0,26611000.0
2025-12-11,Carla Rodriguez,PLAN 36-60,CARLOS PAZ,21.9,MINIMALISTA,S.F,LLAVE EN MANO,MADERA,NO LE INTERESA,52.0,10567000.0
2025-07-17,Luis Martinez,FINANCIACION PROPIA,LA PLATA,49.3,AMERICANA,S.F,OBRA GRIS,LADRILLO,POTABLE,737.0,18612000.0
2026-02-10,Diego Perez,PLAN 36-60,MENDIOLAZA,56.7,MINIMALISTA,W.F,LLAVE EN MANO,MADERA,POTABLE,26.0,26148000.0
2025-07-24,Carla Gonzalez,PLAN 36-60,SANTIAGO DEL ESTERO,88.0,CABAÑA,S.F,LLAVE EN MANO,MADERA,NO LE INTERESA,425.0,43247000.0
2025-08-06,Maria Romero,CONTADO,MENDIOLAZA,72.9,CABAÑA,E.E,OBRA GRIS,PIEDRA NATURAL,POTABLE,33.0,21100000.0
2025-10-21,Diego Perez,PLAN 36-60,BUENOS AIRES,21.6,CABAÑA,W.F,LLAVE EN MANO,PIEDRA NATURAL,NO LE INTERESA,689.0,10235000.0
2025-07-28,Luis Gonzalez,CONTADO,CÓRDOBA CAPITAL,54.9,AMERICANA,S.F,LLAVE EN MANO,MADERA,NO LE INTERESA,9.0,27170000.0
2024-11-05,Jorge Garcia,NO SABE,MENDIOLAZA,55.4,MINIMALISTA,S.F,LLAVE EN MANO,PIEDRA NATURAL,POTABLE,45.0,27523000.0
2024-08-30,Jorge Perez,PLAN 36-60,CÓRDOBA CAPITAL,50.4,MINIMALISTA,E.E,LLAVE EN MANO,,POTABLE,28.0,19866000.0
2025-05-07,Ana Rodriguez,CONTADO,BUENOS AIRES,,MINIMALISTA,E.E,OBRA GRIS,,VENDIDO,724.0,20218000.0
2024-12-31,Diego Garcia,PLAN 36-60,CARLOS PAZ,26.8,CABAÑA,S.F,LLAVE EN MANO,MADERA,NO LE INTERESA,52.0,12770000.0
2024-11-25,Luis Perez,FINANCIACION PROPIA,ALTA GRACIA,46.8,AMERICANA,W.F,OBRA GRIS,LADRILLO,NO LE INTERESA,58.0,15437000.0
2024-04-16,Luis Romero,CONTADO,LA PLATA,64.6,CABAÑA,E.E,LLAVE EN MANO,PIEDRA NATURAL,VENDIDO,778.0,26055000.0
2024-08-13,Diego Gonzalez,PLAN 36-60,CARLOS PAZ,68.6,CABAÑA,S.F,LLAVE EN MANO,PIEDRA NATURAL,NO LE INTERESA,43.0,33517000.0
2024-08-05,Lucia Lopez,PLAN 36-60,LA PLATA,58.0,AMERICANA,S.F,LLAVE EN MANO,MADERA,VENDIDO,798.0,29123000.0
2026-01-22,Elena Rodriguez,FINANCIACION PROPIA,MENDIOLAZA,49.2,CABAÑA,E.E,LLAVE EN MANO,PIEDRA NATURAL,POTABLE,34.0,19287000.0
2025-05-20,Jorge Lopez,CONTADO,LA PLATA,52.6,CABAÑA,W.F,LLAVE EN MANO,MADERA,NO LE INTERESA,723.0,25098000.0
2024-09-15,Carla Romero,PLAN 36-60,MENDIOLAZA,69.8,MINIMALISTA,W.F,LLAVE EN MANO,PIEDRA NATURAL,POTABLE,29.0,32575000.0
2026-02-12,Carla Rodriguez,NO SABE,LA PLATA,55.7,AMERICANA,W.F,LLAVE EN MANO,PIEDRA NATURAL,NO LE INTERESA,755.0,26199000.0
2025-05-31,Diego Garcia,NO SABE,SANTIAGO DEL ESTERO,34.2,AMERICANA,E.E,LLAVE EN MANO,MADERA,NO LE INTERESA,494.0,13897000.0
2026-02-11,Elena Lopez,PLAN 36-60,CARLOS PAZ,30.3,MINIMALISTA,E.E,LLAVE EN MANO,PIEDRA NATURAL,POTABLE,46.0,11932000.0
2024-02-23,Juan Romero,NO SABE,SANTIAGO DEL ESTERO,25.2,AMERICANA,E.E,OBRA GRIS,MADERA,NO LE INTERESA,488.0,7935000.0
2024-02-16,Maria Perez,PLAN 36-60,ALTA GRACIA,84.1,MINIMALISTA,W.F,OBRA GRIS,LADRILLO,NO LE INTERESA,54.0,26745000.0
2025-12-27,Juan Romero,PLAN 36-60,ALTA GRACIA,71.1,CABAÑA,W.F,LLAVE EN MANO,MADERA,POTABLE,43.0,31841000.0
2025-11-19,Maria Perez,PLAN 36-60,CÓRDOBA CAPITAL,,AMERICANA,E.E,LLAVE EN MANO,PIEDRA NATURAL,NO LE INTERESA,23.0,20902000.0
2025-06-04,Carla Gonzalez,CONTADO,CÓRDOBA CAPITAL,45.9,AMERICANA,E.E,LLAVE EN MANO,LADRILLO,POTABLE,10.0,17637000.0
2024-04-08,Lucia Lopez,PLAN 36-60,CÓRDOBA CAPITAL,43.5,CABAÑA,E.E,OBRA GRIS,LADRILLO,VENDIDO,15.0,11848000.0
2024-01-20,Elena Sanchez,PLAN 36-60,BUENOS AIRES,76.9,CABAÑA,W.F,OBRA GRIS,MADERA,POTABLE,741.0,24943000.0
2026-01-22,Ana Sanchez,FINANCIACION PROPIA,ALTA GRACIA,93.1,AMERICANA,S.F,OBRA GRIS,LADRILLO,NO LE INTERESA,50.0,32179000.0
2025-07-26,Diego Romero,FINANCIACION PROPIA,LA PLATA,42.9,AMERICANA,S.F,LLAVE EN MANO,MADERA,POTABLE,793.0,21207000.0
2025-05-04,Lucia Rodriguez,PLAN 36-60,MENDIOLAZA,77.8,AMERICANA,W.F,LLAVE EN MANO,PIEDRA NATURAL,POTABLE,26.0,35404000.0
2025-02-22,Maria Romero,CONTADO,BUENOS AIRES,55.6,MINIMALISTA,E.E,OBRA GRIS,MADERA,NO LE INTERESA,735.0,16130000.0
2025-11-20,Ana Romero,CONTADO,LA PLATA,50.8,AMERICANA,E.E,LLAVE EN MANO,LADRILLO,NO LE INTERESA,730.0,20751000.0
2024-03-02,Elena Gonzalez,CONTADO,CARLOS PAZ,85.1,AMERICANA,E.E,LLAVE EN MANO,MADERA,POTABLE,44.0,32654000.0
2024-05-24,Jorge Rodriguez,PLAN 36-60,ALTA GRACIA,54.8,CABAÑA,E.E,OBRA GRIS,,NO LE INTERESA,46.0,15614000.0
2024-08-03,Jorge Gonzalez,CONTADO,MENDIOLAZA,60.9,CABAÑA,W.F,LLAVE EN MANO,PIEDRA NATURAL,POTABLE,34.0,28468000.0
2024-01-03,Ana Garcia,PLAN 36-60,MENDIOLAZA,60.0,MINIMALISTA,S.F,OBRA GRIS,MADERA,NO LE INTERESA,23.0,21315000.0
2024-06-08,Pedro Martinez,CONTADO,MENDIOLAZA,22.5,CABAÑA,S.F,OBRA GRIS,PIEDRA NATURAL,NO LE INTERESA,29.0,7952000.0
2026-01-08,Luis Rodriguez,FINANCIACION PROPIA,CÓRDOBA CAPITAL,60.8,AMERICANA,W.F,LLAVE EN MANO,LADRILLO,NO LE INTERESA,22.0,27906000.0
2026-02-19,Jorge Romero,FINANCIACION PROPIA,MENDIOLAZA,43.7,AMERICANA,E.E,OBRA GRIS,LADRILLO,POTABLE,34.0,11709000.0
2024-04-29,Carla Lopez,PLAN 36-60,MENDIOLAZA,26.6,MINIMALISTA,S.F,LLAVE EN MANO,MADERA,NO LE INTERESA,34.0,12591000.0
2024-03-29,Elena Garcia,CONTADO,ALTA GRACIA,44.7,CABAÑA,W.F,OBRA GRIS,MADERA,NO LE INTERESA,48.0,13879000.0
2024-11-24,Carla Martinez,PLAN 36-60,LA PLATA,44.5,CABAÑA,E.E,LLAVE EN MANO,,POTABLE,804.0,17901000.0
2025-08-02,Ana Romero,,BUENOS AIRES,75.6,CABAÑA,S.F,LLAVE EN MANO,LADRILLO,POTABLE,753.0,37259000.0
2024-12-22,Lucia Sanchez,CONTADO,BUENOS AIRES,33.7,MINIMALISTA,W.F,LLAVE EN MANO,LADRILLO,POTABLE,696.0,16288000.0
2025-09-01,Juan Romero,CONTADO,LA PLATA,39.2,CABAÑA,S.F,LLAVE EN MANO,MADERA,POTABLE,745.0,19542000.0
2024-09-23,Carla Romero,CONTADO,SANTIAGO DEL ESTERO,59.7,CABAÑA,S.F,OBRA GRIS,LADRILLO,POTABLE,455.0,22516000.0
2025-09-08,Pedro Perez,CONTADO,SANTIAGO DEL ESTERO,28.5,CABAÑA,W.F,OBRA GRIS,MADERA,POTABLE,410.0,10139000.0
2024-11-18,Jorge Rodriguez,CONTADO,CARLOS PAZ,41.8,AMERICANA,W.F,LLAVE EN MANO,LADRILLO,NO LE INTERESA,38.0,19792000.0
2025-09-26,Maria Perez,CONTADO,ALTA GRACIA,21.7,MINIMALISTA,S.F,LLAVE EN MANO,LADRILLO,POTABLE,41.0,10205000.0
2025-06-24,Carla Martinez,PLAN 36-60,SANTIAGO DEL ESTERO,73.4,AMERICANA,S.F,LLAVE EN MANO,MADERA,POTABLE,422.0,37885000.0
2025-10-10,Juan Martinez,NO SABE,SANTIAGO DEL ESTERO,49.0,MINIMALISTA,W.F,OBRA GRIS,PIEDRA NATURAL,POTABLE,464.0,16974000.0
2024-07-13,Maria Romero,,ALTA GRACIA,54.7,CABAÑA,E.E,OBRA GRIS,MADERA,NO LE INTERESA,45.0,16002000.0
2026-01-07,Luis Garcia,CONTADO,LA PLATA,73.3,AMERICANA,E.E,LLAVE EN MANO,PIEDRA NATURAL,POTABLE,727.0,29907000.0
2024-11-27,Lucia Garcia,PLAN 36-60,CARLOS PAZ,40.6,CABAÑA,E.E,OBRA GRIS,MADERA,NO LE INTERESA,52.0,11776000.0
2024-06-18,Jorge Rodriguez,FINANCIACION PROPIA,CARLOS PAZ,48.8,CABAÑA,E.E,LLAVE EN MANO,PIEDRA NATURAL,NO LE INTERESA,52.0,18346000.0
2025-06-04,Pedro Romero,CONTADO,CARLOS PAZ,33.9,MINIMALISTA,W.F,OBRA GRIS,PIEDRA NATURAL,NO LE INTERESA,52.0,10528000.0
2025-04-07,Maria Sanchez,FINANCIACION PROPIA,SANTIAGO DEL ESTERO,33.8,CABAÑA,E.E,LLAVE EN MANO,PIEDRA NATURAL,POTABLE,439.0,13378000.0
2024-02-09,Juan Garcia,PLAN 36-60,LA PLATA,36.6,AMERICANA,S.F,LLAVE EN MANO,MADERA,NO LE INTERESA,716.0,19796000.0
2025-06-20,Ana Martinez,NO SABE,CARLOS PAZ,45.2,MINIMALISTA,E.E,LLAVE EN MANO,MADERA,POTABLE,33.0,16988000.0
2024-09-17,Juan Garcia,FINANCIACION PROPIA,ALTA GRACIA,47.3,MINIMALISTA,W.F,OBRA GRIS,MADERA,VENDIDO,42.0,14682000.0
2025-01-29,Diego Romero,PLAN 36-60,CARLOS PAZ,60.8,AMERICANA,E.E,LLAVE EN MANO,PIEDRA NATURAL,NO LE INTERESA,35.0,24914000.0
2024-08-13,Maria Sanchez,PLAN 36-60,BUENOS AIRES,37.2,CABAÑA,E.E,OBRA GRIS,PIEDRA NATURAL,NO LE INTERESA,747.0,11084000.0
2024-05-03,Diego Sanchez,,CÓRDOBA CAPITAL,61.4,CABAÑA,W.F,OBRA GRIS,MADERA,VENDIDO,30.0,20549000.0
2024-02-07,Elena Perez,CONTADO,LA PLATA,64.7,CABAÑA,E.E,LLAVE EN MANO,MADERA,NO LE INTERESA,792.0,27318000.0
2024-11-23,Jorge Gonzalez,PLAN 36-60,CÓRDOBA CAPITAL,45.6,CABAÑA,W.F,LLAVE EN MANO,LADRILLO,POTABLE,23.0,19644000.0
2024-09-07,Diego Romero,CONTADO,LA PLATA,38.9,CABAÑA,E.E,LLAVE EN MANO,LADRILLO,POTABLE,769.0,15618000.0
2024-06-24,Juan Martinez,CONTADO,MENDIOLAZA,56.7,MINIMALISTA,W.F,OBRA GRIS,LADRILLO,NO LE INTERESA,39.0,18379000.0
2025-08-24,Lucia Romero,CONTADO,ALTA GRACIA,50.9,MINIMALISTA,E.E,OBRA GRIS,LADRILLO,NO LE INTERESA,59.0,15053000.0
2025-03-29,Ana Gonzalez,FINANCIACION PROPIA,MENDIOLAZA,59.4,AMERICANA,S.F,OBRA GRIS,LADRILLO,NO LE INTERESA,35.0,21632000.0
2024-02-06,Lucia Martinez,CONTADO,SANTIAGO DEL ESTERO,86.4,CABAÑA,S.F,OBRA GRIS,MADERA,NO LE INTERESA,415.0,30276000.0
2024-11-11,Lucia Gonzalez,CONTADO,SANTIAGO DEL ESTERO,56.4,CABAÑA,W.F,OBRA GRIS,PIEDRA NATURAL,POTABLE,416.0,18571000.0
2025-11-18,Ana Perez,PLAN 36-60,MENDIOLAZA,,CABAÑA,W.F,OBRA GRIS,PIEDRA NATURAL,NO LE INTERESA,35.0,13488000.0
2025-08-15,Maria Martinez,,LA PLATA,37.2,AMERICANA,W.F,OBRA GRIS,MADERA,NO LE INTERESA,743.0,13400000.0
2024-04-23,Maria Rodriguez,CONTADO,CARLOS PAZ,38.0,CABAÑA,S.F,LLAVE EN MANO,MADERA,NO LE INTERESA,53.0,18402000.0
2024-02-09,Jorge Sanchez,NO SABE,CÓRDOBA CAPITAL,25.7,MINIMALISTA,W.F,LLAVE EN MANO,,NO LE INTERESA,20.0,11206000.0
2024-10-27,Elena Lopez,PLAN 36-60,ALTA GRACIA,73.7,CABAÑA,E.E,LLAVE EN MANO,LADRILLO,NO LE INTERESA,52.0,29684000.0
2024-08-11,Elena Martinez,PLAN 36-60,CARLOS PAZ,20.0,AMERICANA,W.F,OBRA GRIS,LADRILLO,NO LE INTERESA,30.0,6458000.0
2024-11-13,Elena Martinez,CONTADO,SANTIAGO DEL ESTERO,64.8,MINIMALISTA,W.F,LLAVE EN MANO,LADRILLO,NO LE INTERESA,450.0,28622000.0
2024-12-14,Lucia Martinez,PLAN 36-60,CARLOS PAZ,37.6,MINIMALISTA,E.E,OBRA GRIS,MADERA,POTABLE,41.0,10897000.0
2024-04-24,Elena Rodriguez,FINANCIACION PROPIA,MENDIOLAZA,44.8,MINIMALISTA,E.E,OBRA GRIS,MADERA,POTABLE,38.0,12709000.0
2025-11-28,Diego Gonzalez,CONTADO,MENDIOLAZA,37.0,CABAÑA,S.F,OBRA GRIS,PIEDRA NATURAL,NO LE INTERESA,30.0,12981000.0
2024-11-18,Jorge Martinez,CONTADO,BUENOS AIRES,83.9,AMERICANA,E.E,OBRA GRIS,MADERA,NO LE INTERESA,758.0,25056000.0
2025-07-21,Pedro Gonzalez,,BUENOS AIRES,55.3,AMERICANA,E.E,LLAVE EN MANO,LADRILLO,POTABLE,727.0,22780000.0
2024-02-09,Maria Garcia,NO SABE,CÓRDOBA CAPITAL,70.8,CABAÑA,W.F,OBRA GRIS,PIEDRA NATURAL,NO LE INTERESA,21.0,23168000.0
2024-02-09,Carla Rodriguez,CONTADO,SANTIAGO DEL ESTERO,81.0,AMERICANA,S.F,LLAVE EN MANO,MADERA,VENDIDO,492.0,41914000.0
2026-01-18,Maria Romero,FINANCIACION PROPIA,LA PLATA,58.3,MINIMALISTA,E.E,OBRA GRIS,PIEDRA NATURAL,VENDIDO,810.0,17738000.0
2024-10-15,Carla Martinez,CONTADO,ALTA GRACIA,31.1,MINIMALISTA,S.F,LLAVE EN MANO,PIEDRA NATURAL,NO LE INTERESA,40.0,15543000.0
2024-09-18,Luis Gonzalez,PLAN 36-60,MENDIOLAZA,50.6,AMERICANA,E.E,OBRA GRIS,MADERA,POTABLE,40.0,14390000.0
2024-08-03,Maria Sanchez,PLAN 36-60,ALTA GRACIA,40.2,AMERICANA,S.F,OBRA GRIS,LADRILLO,NO LE INTERESA,39.0,14173000.0
2024-05-26,Maria Gonzalez,CONTADO,SANTIAGO DEL ESTERO,44.9,CABAÑA,E.E,LLAVE EN MANO,LADRILLO,POTABLE,446.0,17671000.0
2024-12-01,Luis Rodriguez,PLAN 36-60,LA PLATA,53.1,CABAÑA,W.F,LLAVE EN MANO,PIEDRA NATURAL,NO LE INTERESA,720.0,24606000.0
2024-06-16,Elena Lopez,CONTADO,BUENOS AIRES,52.3,CABAÑA,S.F,LLAVE EN MANO,MADERA,POTABLE,722.0,27226000.0
2024-04-01,Maria Sanchez,CONTADO,MENDIOLAZA,63.2,CABAÑA,S.F,OBRA GRIS,MADERA,NO LE INTERESA,32.0,22003000.0
2024-12-18,Diego Garcia,FINANCIACION PROPIA,CÓRDOBA CAPITAL,66.1,CABAÑA,E.E,OBRA GRIS,LADRILLO,NO LE INTERESA,21.0,18365000.0
2025-07-24,Luis Sanchez,CONTADO,ALTA GRACIA,52.3,CABAÑA,S.F,OBRA GRIS,MADERA,NO LE INTERESA,52.0,18860000.0
2025-07-24,Ana Rodriguez,PLAN 36-60,SANTIAGO DEL ESTERO,63.1,MINIMALISTA,E.E,LLAVE EN MANO,MADERA,NO LE INTERESA,462.0,24171000.0
2025-11-11,Pedro Rodriguez,CONTADO,ALTA GRACIA,44.0,AMERICANA,S.F,LLAVE EN MANO,PIEDRA NATURAL,POTABLE,42.0,22010000.0
2026-02-19,Luis Perez,CONTADO,BUENOS AIRES,81.3,CABAÑA,S.F,LLAVE EN MANO,MADERA,NO LE INTERESA,744.0,40909000.0
2024-12-28,Diego Lopez,PLAN 36-60,BUENOS AIRES,43.7,MINIMALISTA,W.F,OBRA GRIS,MADERA,POTABLE,715.0,14957000.0
2025-07-10,Ana Romero,PLAN 36-60,LA PLATA,78.9,AMERICANA,W.F,OBRA GRIS,MADERA,POTABLE,759.0,26121000.0
2024-12-10,Ana Sanchez,CONTADO,CÓRDOBA CAPITAL,25.5,AMERICANA,S.F,LLAVE EN MANO,LADRILLO,VENDIDO,30.0,12130000.0
2025-11-23,Carla Sanchez,PLAN 36-60,BUENOS AIRES,47.4,AMERICANA,W.F,OBRA GRIS,LADRILLO,NO LE INTERESA,688.0,16025000.0
2024-06-18,Juan Lopez,CONTADO,LA PLATA,48.4,CABAÑA,S.F,OBRA GRIS,PIEDRA NATURAL,NO LE INTERESA,763.0,17888000.0
2024-12-21,Carla Romero,FINANCIACION PROPIA,BUENOS AIRES,60.6,CABAÑA,E.E,OBRA GRIS,LADRILLO,NO LE INTERESA,728.0,17947000.0
2024-07-09,Pedro Romero,CONTADO,MENDIOLAZA,72.2,CABAÑA,S.F,LLAVE EN MANO,LADRILLO,NO LE INTERESA,23.0,36023000.0
2025-10-28,Diego Garcia,CONTADO,CARLOS PAZ,30.0,AMERICANA,S.F,LLAVE EN MANO,LADRILLO,NO LE INTERESA,39.0,14690000.0
2025-02-25,Pedro Perez,FINANCIACION PROPIA,LA PLATA,32.8,AMERICANA,W.F,LLAVE EN MANO,LADRILLO,NO LE INTERESA,790.0,16444000.0
2025-11-30,Juan Rodriguez,CONTADO,LA PLATA,27.0,MINIMALISTA,W.F,OBRA GRIS,PIEDRA NATURAL,VENDIDO,734.0,9932000.0
2024-01-07,Carla Martinez,CONTADO,ALTA GRACIA,81.4,MINIMALISTA,E.E,LLAVE EN MANO,MADERA,NO LE INTERESA,47.0,30987000.0
2024-05-12,Juan Garcia,CONTADO,BUENOS AIRES,61.0,MINIMALISTA,E.E,LLAVE EN MANO,MADERA,NO LE INTERESA,723.0,24440000.0
2026-01-16,Lucia Garcia,FINANCIACION PROPIA,LA PLATA,33.3,MINIMALISTA,E.E,OBRA GRIS,MADERA,NO LE INTERESA,777.0,10048000.0
2025-07-10,Maria Garcia,NO SABE,SANTIAGO DEL ESTERO,46.1,AMERICANA,S.F,OBRA GRIS,PIEDRA NATURAL,POTABLE,473.0,17595000.0
2026-01-30,Luis Gonzalez,FINANCIACION PROPIA,MENDIOLAZA,78.6,CABAÑA,E.E,OBRA GRIS,LADRILLO,NO LE INTERESA,42.0,22924000.0
2024-01-31,Lucia Sanchez,PLAN 36-60,ALTA GRACIA,49.4,CABAÑA,E.E,OBRA GRIS,,VENDIDO,45.0,13322000.0
2025-06-18,Diego Romero,PLAN 36-60,ALTA GRACIA,48.3,CABAÑA,W.F,LLAVE EN MANO,PIEDRA NATURAL,POTABLE,53.0,22015000.0
2025-03-01,Ana Rodriguez,PLAN 36-60,CARLOS PAZ,39.4,CABAÑA,W.F,OBRA GRIS,PIEDRA NATURAL,POTABLE,48.0,13346000.0
2025-01-28,Luis Romero,CONTADO,MENDIOLAZA,34.5,MINIMALISTA,E.E,OBRA GRIS,MADERA,NO LE INTERESA,28.0,9942000.0
2025-11-02,Pedro Sanchez,NO SABE,SANTIAGO DEL ESTERO,78.7,AMERICANA,E.E,OBRA GRIS,LADRILLO,POTABLE,497.0,22763000.0
2024-12-28,Jorge Perez,CONTADO,MENDIOLAZA,88.5,CABAÑA,S.F,OBRA GRIS,,NO LE INTERESA,42.0,30234000.0
2025-03-12,Juan Lopez,CONTADO,LA PLATA,35.3,AMERICANA,S.F,OBRA GRIS,PIEDRA NATURAL,POTABLE,739.0,13166000.0
2025-10-31,Ana Romero,FINANCIACION PROPIA,CARLOS PAZ,83.1,MINIMALISTA,W.F,OBRA GRIS,PIEDRA NATURAL,POTABLE,47.0,27462000.0
2025-07-04,Jorge Lopez,FINANCIACION PROPIA,SANTIAGO DEL ESTERO,45.3,MINIMALISTA,E.E,LLAVE EN MANO,MADERA,NO LE INTERESA,472.0,18984000.0
2024-03-22,Carla Martinez,CONTADO,CARLOS PAZ,65.7,CABAÑA,E.E,LLAVE EN MANO,MADERA,POTABLE,41.0,25890000.0
2024-12-21,Juan Romero,CONTADO,MENDIOLAZA,83.2,CABAÑA,E.E,LLAVE EN MANO,MADERA,NO LE INTERESA,42.0,31439000.0
2024-09-14,Maria Lopez,PLAN 36-60,CÓRDOBA CAPITAL,52.1,MINIMALISTA,E.E,LLAVE EN MANO,LADRILLO,NO LE INTERESA,22.0,21344000.0
2025-12-18,Lucia Perez,PLAN 36-60,MENDIOLAZA,48.4,MINIMALISTA,E.E,OBRA GRIS,MADERA,NO LE INTERESA,36.0,14075000.0
2025-08-11,Lucia Perez,PLAN 36-60,LA PLATA,71.0,AMERICANA,S.F,OBRA GRIS,,NO LE INTERESA,732.0,25015000.0
2025-06-07,Luis Gonzalez,CONTADO,CARLOS PAZ,32.8,MINIMALISTA,S.F,OBRA GRIS,LADRILLO,POTABLE,40.0,11028000.0
2024-10-21,Elena Rodriguez,NO SABE,CÓRDOBA CAPITAL,77.9,AMERICANA,E.E,LLAVE EN MANO,MADERA,POTABLE,16.0,30670000.0
2024-08-11,Lucia Sanchez,CONTADO,LA PLATA,57.9,MINIMALISTA,S.F,OBRA GRIS,PIEDRA NATURAL,POTABLE,783.0,20977000.0
2025-06-08,Lucia Martinez,PLAN 36-60,CARLOS PAZ,43.4,AMERICANA,S.F,OBRA GRIS,PIEDRA NATURAL,POTABLE,45.0,14927000.0
2024-02-15,Lucia Sanchez,PLAN 36-60,CARLOS PAZ,42.9,MINIMALISTA,E.E,OBRA GRIS,LADRILLO,NO LE INTERESA,32.0,11562000.0
2025-10-28,Maria Lopez,CONTADO,MENDIOLAZA,27.3,MINIMALISTA,S.F,OBRA GRIS,LADRILLO,POTABLE,28.0,10032000.0
2024-04-22,Jorge Gonzalez,CONTADO,BUENOS AIRES,44.3,AMERICANA,E.E,LLAVE EN MANO,LADRILLO,NO LE INTERESA,707.0,19034000.0
2024-08-20,Diego Martinez,NO SABE,CARLOS PAZ,49.7,AMERICANA,S.F,OBRA GRIS,PIEDRA NATURAL,POTABLE,48.0,16792000.0
2024-01-17,Carla Romero,FINANCIACION PROPIA,CARLOS PAZ,33.8,CABAÑA,E.E,OBRA GRIS,LADRILLO,NO LE INTERESA,49.0,9897000.0
2024-12-25,Jorge Gonzalez,CONTADO,ALTA GRACIA,54.1,CABAÑA,E.E,OBRA GRIS,LADRILLO,POTABLE,47.0,15497000.0
2024-08-10,Juan Lopez,FINANCIACION PROPIA,BUENOS AIRES,64.5,MINIMALISTA,S.F,LLAVE EN MANO,PIEDRA NATURAL,POTABLE,672.0,32044000.0
2025-11-30,Maria Gonzalez,CONTADO,CARLOS PAZ,,MINIMALISTA,S.F,OBRA GRIS,MADERA,NO LE INTERESA,37.0,18461000.0
2025-03-23,Juan Rodriguez,PLAN 36-60,MENDIOLAZA,68.3,AMERICANA,W.F,OBRA GRIS,PIEDRA NATURAL,NO LE INTERESA,26.0,22248000.0
2024-12-30,Pedro Lopez,CONTADO,ALTA GRACIA,38.9,MINIMALISTA,E.E,OBRA GRIS,MADERA,NO LE INTERESA,55.0,11357000.0
2025-11-05,Luis Garcia,FINANCIACION PROPIA,ALTA GRACIA,75.1,CABAÑA,E.E,OBRA GRIS,MADERA,NO LE INTERESA,39.0,21022000.0
2024-11-21,Ana Perez,CONTADO,CÓRDOBA CAPITAL,57.4,AMERICANA,E.E,OBRA GRIS,LADRILLO,NO LE INTERESA,17.0,16099000.0
2025-04-11,Lucia Perez,PLAN 36-60,LA PLATA,85.9,MINIMALISTA,E.E,OBRA GRIS,LADRILLO,NO LE INTERESA,777.0,24690000.0
2025-02-17,Juan Martinez,FINANCIACION PROPIA,ALTA GRACIA,103.3,AMERICANA,S.F,OBRA GRIS,MADERA,POTABLE,59.0,35836000.0
2025-03-30,Juan Lopez,CONTADO,SANTIAGO DEL ESTERO,45.6,CABAÑA,S.F,LLAVE EN MANO,LADRILLO,POTABLE,500.0,23250000.0
2025-08-08,Elena Sanchez,PLAN 36-60,ALTA GRACIA,46.4,CABAÑA,W.F,LLAVE EN MANO,MADERA,NO LE INTERESA,59.0,21945000.0
2024-08-20,Lucia Lopez,CONTADO,SANTIAGO DEL ESTERO,50.1,CABAÑA,E.E,OBRA GRIS,LADRILLO,POTABLE,472.0,14884000.0
2024-08-11,Lucia Gonzalez,PLAN 36-60,BUENOS AIRES,66.9,MINIMALISTA,W.F,OBRA GRIS,,POTABLE,735.0,21846000.0
2025-02-15,Pedro Sanchez,CONTADO,CÓRDOBA CAPITAL,81.5,MINIMALISTA,W.F,LLAVE EN MANO,MADERA,POTABLE,24.0,34963000.0
2025-07-25,Pedro Martinez,PLAN 36-60,SANTIAGO DEL ESTERO,41.9,MINIMALISTA,W.F,LLAVE EN MANO,MADERA,POTABLE,486.0,20306000.0
2024-11-30,Jorge Romero,NO SABE,CÓRDOBA CAPITAL,62.6,MINIMALISTA,W.F,LLAVE EN MANO,LADRILLO,NO LE INTERESA,29.0,27880000.0
2024-08-09,Ana Lopez,CONTADO,CÓRDOBA CAPITAL,52.3,MINIMALISTA,W.F,LLAVE EN MANO,PIEDRA NATURAL,POTABLE,16.0,23164000.0
2024-02-06,Luis Sanchez,CONTADO,CÓRDOBA CAPITAL,67.4,MINIMALISTA,S.F,OBRA GRIS,LADRILLO,NO LE INTERESA,15.0,24323000.0
2024-10-04,Luis Martinez,PLAN 36-60,SANTIAGO DEL ESTERO,85.2,CABAÑA,S.F,OBRA GRIS,PIEDRA NATURAL,POTABLE,446.0,31847000.0
2024-07-14,Lucia Martinez,FINANCIACION PROPIA,SANTIAGO DEL ESTERO,50.2,CABAÑA,W.F,OBRA GRIS,LADRILLO,NO LE INTERESA,466.0,17282000.0
2025-04-28,Maria Rodriguez,NO SABE,CÓRDOBA CAPITAL,21.6,MINIMALISTA,S.F,OBRA GRIS,MADERA,NO LE INTERESA,24.0,7348000.0
2024-08-29,Carla Rodriguez,CONTADO,BUENOS AIRES,69.9,CABAÑA,S.F,OBRA GRIS,PIEDRA NATURAL,POTABLE,747.0,25308000.0
2024-11-19,Pedro Garcia,CONTADO,CÓRDOBA CAPITAL,38.3,AMERICANA,W.F,LLAVE EN MANO,PIEDRA NATURAL,NO LE INTERESA,16.0,17738000.0
2025-12-31,Luis Garcia,FINANCIACION PROPIA,BUENOS AIRES,52.1,MINIMALISTA,S.F,LLAVE EN MANO,LADRILLO,POTABLE,696.0,27654000.0
2024-07-10,Maria Martinez,FINANCIACION PROPIA,LA PLATA,70.7,AMERICANA,S.F,LLAVE EN MANO,PIEDRA NATURAL,NO LE INTERESA,808.0,37643000.0
2024-01-17,Diego Gonzalez,PLAN 36-60,BUENOS AIRES,60.9,MINIMALISTA,E.E,LLAVE EN MANO,LADRILLO,NO LE INTERESA,683.0,24926000.0
2025-06-07,Maria Romero,CONTADO,BUENOS AIRES,53.0,MINIMALISTA,W.F,LLAVE EN MANO,PIEDRA NATURAL,VENDIDO,682.0,25719000.0
2025-02-04,Carla Martinez,CONTADO,BUENOS AIRES,43.5,CABAÑA,E.E,OBRA GRIS,LADRILLO,POTABLE,732.0,12676000.0
2025-12-05,Ana Rodriguez,CONTADO,CÓRDOBA CAPITAL,20.0,AMERICANA,E.E,LLAVE EN MANO,LADRILLO,POTABLE,9.0,7685000.0
2024-01-22,Pedro Sanchez,NO SABE,CARLOS PAZ,69.0,CABAÑA,W.F,LLAVE EN MANO,LADRILLO,POTABLE,40.0,30765000.0
2025-04-18,Diego Lopez,CONTADO,LA PLATA,49.9,MINIMALISTA,E.E,OBRA GRIS,MADERA,POTABLE,739.0,15798000.0
2024-04-29,Luis Rodriguez,PLAN 36-60,LA PLATA,85.3,AMERICANA,E.E,OBRA GRIS,PIEDRA NATURAL,POTABLE,727.0,23734000.0
2024-07-28,Carla Perez,PLAN 36-60,LA PLATA,63.0,MINIMALISTA,S.F,OBRA GRIS,MADERA,POTABLE,768.0,22757000.0
2024-11-01,Ana Perez,CONTADO,CARLOS PAZ,44.2,CABAÑA,E.E,OBRA GRIS,MADERA,NO LE INTERESA,39.0,12970000.0
2024-09-26,Pedro Sanchez,CONTADO,LA PLATA,76.3,MINIMALISTA,W.F,OBRA GRIS,MADERA,VENDIDO,756.0,25206000.0
2025-12-04,Diego Martinez,PLAN 36-60,LA PLATA,78.0,MINIMALISTA,S.F,LLAVE EN MANO,MADERA,POTABLE,730.0,38234000.0
2025-11-17,Maria Lopez,CONTADO,SANTIAGO DEL ESTERO,50.6,CABAÑA,S.F,OBRA GRIS,PIEDRA NATURAL,VENDIDO,477.0,18849000.0
2024-10-11,Diego Lopez,CONTADO,MENDIOLAZA,78.9,MINIMALISTA,S.F,OBRA GRIS,PIEDRA NATURAL,NO LE INTERESA,28.0,28336000.0
2025-12-16,Juan Rodriguez,CONTADO,SANTIAGO DEL ESTERO,43.9,AMERICANA,W.F,LLAVE EN MANO,MADERA,NO LE INTERESA,434.0,20384000.0
2025-11-06,Elena Romero,FINANCIACION PROPIA,CÓRDOBA CAPITAL,,CABAÑA,W.F,LLAVE EN MANO,PIEDRA NATURAL,VENDIDO,11.0,27426000.0
2026-02-01,Jorge Martinez,NO SABE,CÓRDOBA CAPITAL,,MINIMALISTA,W.F,OBRA GRIS,PIEDRA NATURAL,NO LE INTERESA,16.0,20768000.0
2024-08-14,Lucia Sanchez,PLAN 36-60,BUENOS AIRES,70.7,CABAÑA,E.E,OBRA GRIS,LADRILLO,NO LE INTERESA,706.0,21717000.0
2025-01-15,Carla Perez,FINANCIACION PROPIA,ALTA GRACIA,67.4,MINIMALISTA,E.E,LLAVE EN MANO,PIEDRA NATURAL,NO LE INTERESA,48.0,27170000.0
2025-04-04,Carla Perez,PLAN 36-60,MENDIOLAZA,48.3,CABAÑA,S.F,OBRA GRIS,MADERA,NO LE INTERESA,44.0,16747000.0
2024-01-07,Juan Rodriguez,PLAN 36-60,CARLOS PAZ,76.9,CABAÑA,S.F,OBRA GRIS,PIEDRA NATURAL,VENDIDO,53.0,27823000.0
2024-01-29,Ana Lopez,NO SABE,SANTIAGO DEL ESTERO,52.5,AMERICANA,W.F,OBRA GRIS,MADERA,POTABLE,461.0,16951000.0
2024-02-02,Juan Romero,PLAN 36-60,CÓRDOBA CAPITAL,43.6,CABAÑA,W.F,OBRA GRIS,PIEDRA NATURAL,POTABLE,6.0,13530000.0
2025-10-07,Lucia Sanchez,CONTADO,CARLOS PAZ,43.9,AMERICANA,E.E,OBRA GRIS,MADERA,NO LE INTERESA,45.0,12891000.0
2024-03-19,Ana Romero,NO SABE,LA PLATA,93.8,CABAÑA,E.E,LLAVE EN MANO,PIEDRA NATURAL,NO LE INTERESA,719.0,36314000.0
2025-04-03,Jorge Lopez,,CARLOS PAZ,40.2,CABAÑA,W.F,LLAVE EN MANO,PIEDRA NATURAL,NO LE INTERESA,48.0,17292000.0
2025-07-23,Ana Garcia,CONTADO,SANTIAGO DEL ESTERO,80.8,MINIMALISTA,W.F,OBRA GRIS,PIEDRA NATURAL,POTABLE,439.0,26380000.0
2025-06-21,Elena Sanchez,NO SABE,MENDIOLAZA,32.3,MINIMALISTA,E.E,OBRA GRIS,MADERA,NO LE INTERESA,41.0,8745000.0
2025-04-26,Juan Garcia,CONTADO,ALTA GRACIA,64.8,MINIMALISTA,S.F,LLAVE EN MANO,LADRILLO,POTABLE,59.0,32996000.0
2025-03-05,Juan Martinez,CONTADO,BUENOS AIRES,60.9,CABAÑA,S.F,LLAVE EN MANO,MADERA,VENDIDO,702.0,32200000.0
2026-01-07,Juan Rodriguez,,SANTIAGO DEL ESTERO,87.4,CABAÑA,E.E,LLAVE EN MANO,PIEDRA NATURAL,POTABLE,446.0,34868000.0
2024-10-11,Ana Sanchez,CONTADO,BUENOS AIRES,41.9,AMERICANA,E.E,OBRA GRIS,MADERA,NO LE INTERESA,719.0,12715000.0
2025-05-30,Maria Romero,PLAN 36-60,MENDIOLAZA,36.4,AMERICANA,S.F,LLAVE EN MANO,PIEDRA NATURAL,POTABLE,25.0,17943000.0
2024-04-08,Diego Garcia,CONTADO,CÓRDOBA CAPITAL,52.7,AMERICANA,E.E,OBRA GRIS,PIEDRA NATURAL,POTABLE,28.0,14393000.0
2025-01-31,Carla Martinez,CONTADO,BUENOS AIRES,88.3,MINIMALISTA,S.F,OBRA GRIS,LADRILLO,POTABLE,703.0,31314000.0
2025-05-03,Carla Sanchez,PLAN 36-60,CÓRDOBA CAPITAL,37.3,MINIMALISTA,S.F,OBRA GRIS,PIEDRA NATURAL,POTABLE,9.0,12547000.0
2024-02-08,Ana Sanchez,PLAN 36-60,CARLOS PAZ,20.0,AMERICANA,E.E,OBRA GRIS,PIEDRA NATURAL,NO LE INTERESA,49.0,5643000.0
2024-09-27,Jorge Lopez,CONTADO,SANTIAGO DEL ESTERO,56.2,CABAÑA,W.F,OBRA GRIS,PIEDRA NATURAL,POTABLE,422.0,18939000.0
2024-06-05,Pedro Rodriguez,NO SABE,CÓRDOBA CAPITAL,,MINIMALISTA,W.F,LLAVE EN MANO,LADRILLO,NO LE INTERESA,9.0,34808000.0
2024-03-15,Juan Perez,PLAN 36-60,LA PLATA,34.7,MINIMALISTA,W.F,LLAVE EN MANO,MADERA,POTABLE,766.0,17193000.0
2024-05-09,Juan Gonzalez,CONTADO,LA PLATA,72.0,AMERICANA,W.F,LLAVE EN MANO,LADRILLO,NO LE INTERESA,777.0,34373000.0
2025-11-17,Pedro Perez,CONTADO,ALTA GRACIA,34.3,MINIMALISTA,W.F,LLAVE EN MANO,MADERA,POTABLE,49.0,15238000.0
2024-03-24,Diego Sanchez,FINANCIACION PROPIA,CARLOS PAZ,52.1,AMERICANA,W.F,OBRA GRIS,PIEDRA NATURAL,POTABLE,46.0,17499000.0
2024-01-22,Jorge Perez,PLAN 36-60,CÓRDOBA CAPITAL,70.1,MINIMALISTA,W.F,LLAVE EN MANO,MADERA,NO LE INTERESA,8.0,33026000.0
2025-04-03,Maria Sanchez,CONTADO,ALTA GRACIA,31.3,CABAÑA,E.E,LLAVE EN MANO,MADERA,VENDIDO,47.0,12874000.0
2025-06-22,Juan Rodriguez,CONTADO,LA PLATA,58.6,CABAÑA,E.E,LLAVE EN MANO,MADERA,NO LE INTERESA,746.0,22979000.0
2025-12-07,Carla Lopez,PLAN 36-60,ALTA GRACIA,79.3,MINIMALISTA,W.F,LLAVE EN MANO,MADERA,NO LE INTERESA,59.0,36211000.0
2025-01-16,Luis Romero,CONTADO,ALTA GRACIA,64.5,AMERICANA,E.E,LLAVE EN MANO,PIEDRA NATURAL,POTABLE,36.0,25701000.0
2026-01-17,Maria Garcia,PLAN 36-60,CÓRDOBA CAPITAL,40.6,MINIMALISTA,S.F,LLAVE EN MANO,LADRILLO,NO LE INTERESA,12.0,19504000.0
2025-03-15,Diego Perez,NO SABE,CÓRDOBA CAPITAL,85.4,AMERICANA,W.F,OBRA GRIS,MADERA,NO LE INTERESA,29.0,28899000.0
2025-08-26,Lucia Lopez,CONTADO,CÓRDOBA CAPITAL,68.2,MINIMALISTA,S.F,OBRA GRIS,PIEDRA NATURAL,VENDIDO,30.0,23416000.0
2024-01-21,Lucia Rodriguez,,CARLOS PAZ,20.0,CABAÑA,E.E,LLAVE EN MANO,PIEDRA NATURAL,POTABLE,51.0,7692000.0
2024-10-29,Lucia Perez,NO SABE,BUENOS AIRES,72.3,CABAÑA,W.F,OBRA GRIS,PIEDRA NATURAL,VENDIDO,668.0,24244000.0
2024-03-24,Jorge Martinez,NO SABE,ALTA GRACIA,43.6,MINIMALISTA,S.F,OBRA GRIS,PIEDRA NATURAL,NO LE INTERESA,49.0,15062000.0
2026-02-12,Diego Rodriguez,NO SABE,ALTA GRACIA,58.9,MINIMALISTA,E.E,OBRA GRIS,MADERA,NO LE INTERESA,45.0,17262000.0
2025-10-20,Lucia Garcia,FINANCIACION PROPIA,CARLOS PAZ,,MINIMALISTA,W.F,OBRA GRIS,LADRILLO,NO LE INTERESA,50.0,24144000.0
2025-03-28,Diego Martinez,PLAN 36-60,LA PLATA,44.0,CABAÑA,W.F,OBRA GRIS,PIEDRA NATURAL,NO LE INTERESA,716.0,15105000.0
2025-01-21,Jorge Martinez,PLAN 36-60,SANTIAGO DEL ESTERO,22.1,CABAÑA,S.F,LLAVE EN MANO,LADRILLO,NO LE INTERESA,420.0,11603000.0
2025-05-21,Ana Garcia,PLAN 36-60,BUENOS AIRES,85.1,AMERICANA,S.F,OBRA GRIS,LADRILLO,POTABLE,709.0,29556000.0
2024-09-13,Lucia Martinez,FINANCIACION PROPIA,LA PLATA,78.3,MINIMALISTA,S.F,OBRA GRIS,LADRILLO,NO LE INTERESA,726.0,29226000.0
2025-07-23,Lucia Sanchez,CONTADO,CARLOS PAZ,53.3,MINIMALISTA,E.E,LLAVE EN MANO,PIEDRA NATURAL,NO LE INTERESA,47.0,21527000.0
2025-06-10,Lucia Sanchez,CONTADO,BUENOS AIRES,72.1,CABAÑA,S.F,OBRA GRIS,PIEDRA NATURAL,NO LE INTERESA,742.0,26280000.0
2024-06-10,Elena Gonzalez,CONTADO,BUENOS AIRES,47.6,MINIMALISTA,S.F,OBRA GRIS,PIEDRA NATURAL,POTABLE,730.0,18564000.0
2024-06-11,Carla Romero,FINANCIACION PROPIA,ALTA GRACIA,56.9,AMERICANA,S.F,LLAVE EN MANO,LADRILLO,VENDIDO,46.0,28172000.0
2025-06-07,Diego Gonzalez,,ALTA GRACIA,52.1,MINIMALISTA,W.F,OBRA GRIS,PIEDRA NATURAL,NO LE INTERESA,57.0,17191000.0
2026-02-24,Ana Perez,PLAN 36-60,CÓRDOBA CAPITAL,48.4,CABAÑA,S.F,LLAVE EN MANO,PIEDRA NATURAL,POTABLE,8.0,24735000.0
2024-09-27,Maria Lopez,CONTADO,CÓRDOBA CAPITAL,62.2,MINIMALISTA,S.F,OBRA GRIS,LADRILLO,NO LE INTERESA,12.0,22150000.0
2025-05-06,Lucia Garcia,PLAN 36-60,ALTA GRACIA,30.8,CABAÑA,E.E,OBRA GRIS,PIEDRA NATURAL,POTABLE,47.0,8635000.0
2024-07-26,Ana Martinez,CONTADO,ALTA GRACIA,50.0,AMERICANA,E.E,LLAVE EN MANO,MADERA,POTABLE,37.0,18721000.0
2025-06-22,Luis Rodriguez,PLAN 36-60,MENDIOLAZA,61.3,AMERICANA,S.F,OBRA GRIS,MADERA,NO LE INTERESA,22.0,21979000.0
2025-08-06,Diego Sanchez,CONTADO,BUENOS AIRES,91.8,MINIMALISTA,E.E,LLAVE EN MANO,MADERA,NO LE INTERESA,700.0,38757000.0
2024-02-29,Luis Perez,NO SABE,CÓRDOBA CAPITAL,31.6,MINIMALISTA,E.E,OBRA GRIS,MADERA,POTABLE,29.0,8865000.0
2025-03-05,Ana Romero,PLAN 36-60,CÓRDOBA CAPITAL,65.4,CABAÑA,E.E,OBRA GRIS,LADRILLO,POTABLE,28.0,18060000.0
2025-10-18,Lucia Martinez,PLAN 36-60,LA PLATA,67.6,AMERICANA,W.F,OBRA GRIS,PIEDRA NATURAL,VENDIDO,757.0,22947000.0
2025-08-27,Luis Romero,FINANCIACION PROPIA,ALTA GRACIA,20.0,AMERICANA,S.F,OBRA GRIS,MADERA,POTABLE,39.0,7220000.0
2024-11-04,Carla Romero,PLAN 36-60,BUENOS AIRES,63.2,AMERICANA,S.F,LLAVE EN MANO,MADERA,POTABLE,678.0,30388000.0
2025-06-03,Pedro Garcia,CONTADO,ALTA GRACIA,72.6,AMERICANA,S.F,OBRA GRIS,PIEDRA NATURAL,VENDIDO,44.0,26462000.0
2025-08-13,Jorge Garcia,PLAN 36-60,CARLOS PAZ,,MINIMALISTA,E.E,OBRA GRIS,LADRILLO,POTABLE,35.0,19481000.0
2024-01-27,Pedro Martinez,NO SABE,LA PLATA,53.3,MINIMALISTA,E.E,LLAVE EN MANO,MADERA,NO LE INTERESA,718.0,22061000.0
2025-11-16,Diego Rodriguez,PLAN 36-60,SANTIAGO DEL ESTERO,61.7,CABAÑA,E.E,LLAVE EN MANO,PIEDRA NATURAL,POTABLE,467.0,23947000.0
2025-07-15,Pedro Romero,PLAN 36-60,SANTIAGO DEL ESTERO,58.4,AMERICANA,W.F,LLAVE EN MANO,PIEDRA NATURAL,NO LE INTERESA,458.0,27478000.0
2024-07-17,Carla Lopez,NO SABE,SANTIAGO DEL ESTERO,,MINIMALISTA,E.E,OBRA GRIS,MADERA,POTABLE,429.0,6341000.0
2025-01-21,Lucia Sanchez,FINANCIACION PROPIA,BUENOS AIRES,58.9,MINIMALISTA,W.F,LLAVE EN MANO,MADERA,VENDIDO,738.0,27680000.0
2024-12-14,Juan Martinez,PLAN 36-60,MENDIOLAZA,47.7,AMERICANA,S.F,LLAVE EN MANO,PIEDRA NATURAL,NO LE INTERESA,39.0,22479000.0
2025-11-23,Juan Rodriguez,FINANCIACION PROPIA,CÓRDOBA CAPITAL,40.9,MINIMALISTA,E.E,LLAVE EN MANO,PIEDRA NATURAL,NO LE INTERESA,17.0,16201000.0
2025-06-19,Lucia Perez,NO SABE,BUENOS AIRES,104.7,CABAÑA,W.F,LLAVE EN MANO,MADERA,VENDIDO,670.0,47327000.0
2025-01-12,Jorge Rodriguez,NO SABE,SANTIAGO DEL ESTERO,80.1,CABAÑA,W.F,OBRA GRIS,MADERA,VENDIDO,492.0,27408000.0
2025-07-11,Pedro Garcia,NO SABE,CARLOS PAZ,32.0,AMERICANA,E.E,OBRA GRIS,MADERA,POTABLE,47.0,9301000.0
2025-06-10,Jorge Gonzalez,PLAN 36-60,BUENOS AIRES,61.9,CABAÑA,W.F,OBRA GRIS,MADERA,NO LE INTERESA,685.0,22004000.0
2024-06-01,Carla Perez,CONTADO,BUENOS AIRES,,MINIMALISTA,E.E,LLAVE EN MANO,LADRILLO,POTABLE,721.0,33261000.0
2026-01-03,Pedro Gonzalez,CONTADO,CÓRDOBA CAPITAL,25.1,CABAÑA,W.F,LLAVE EN MANO,PIEDRA NATURAL,NO LE INTERESA,15.0,10841000.0
2024-07-24,Maria Sanchez,CONTADO,CÓRDOBA CAPITAL,56.5,MINIMALISTA,S.F,LLAVE EN MANO,MADERA,POTABLE,21.0,27559000.0
2025-03-30,Elena Lopez,NO SABE,SANTIAGO DEL ESTERO,57.5,AMERICANA,S.F,OBRA GRIS,PIEDRA NATURAL,NO LE INTERESA,447.0,19929000.0
2024-09-29,Lucia Perez,FINANCIACION PROPIA,CÓRDOBA CAPITAL,,AMERICANA,S.F,LLAVE EN MANO,MADERA,POTABLE,17.0,14015000.0
2024-08-23,Lucia Rodriguez,PLAN 36-60,LA PLATA,62.6,MINIMALISTA,E.E,LLAVE EN MANO,LADRILLO,NO LE INTERESA,784.0,25965000.0
2026-01-09,Pedro Romero,PLAN 36-60,LA PLATA,77.3,MINIMALISTA,S.F,OBRA GRIS,PIEDRA NATURAL,NO LE INTERESA,771.0,28471000.0
2025-06-04,Diego Rodriguez,CONTADO,SANTIAGO DEL ESTERO,85.2,CABAÑA,S.F,OBRA GRIS,LADRILLO,POTABLE,408.0,29042000.0
2025-11-08,Juan Sanchez,PLAN 36-60,BUENOS AIRES,50.0,MINIMALISTA,S.F,OBRA GRIS,PIEDRA NATURAL,NO LE INTERESA,667.0,18395000.0
2025-12-26,Carla Romero,FINANCIACION PROPIA,CARLOS PAZ,105.0,AMERICANA,E.E,OBRA GRIS,LADRILLO,VENDIDO,38.0,29546000.0
2025-05-15,Diego Martinez,PLAN 36-60,CÓRDOBA CAPITAL,20.0,MINIMALISTA,W.F,OBRA GRIS,MADERA,NO LE INTERESA,16.0,6314000.0
2024-04-26,Pedro Lopez,CONTADO,ALTA GRACIA,62.1,CABAÑA,E.E,LLAVE EN MANO,MADERA,NO LE INTERESA,42.0,25314000.0
2025-01-20,Ana Romero,PLAN 36-60,BUENOS AIRES,26.8,CABAÑA,E.E,LLAVE EN MANO,LADRILLO,VENDIDO,725.0,11200000.0
2024-12-09,Jorge Garcia,CONTADO,SANTIAGO DEL ESTERO,56.8,MINIMALISTA,S.F,LLAVE EN MANO,,NO LE INTERESA,420.0,27762000.0
2025-08-06,Maria Gonzalez,NO SABE,MENDIOLAZA,44.6,CABAÑA,W.F,OBRA GRIS,LADRILLO,POTABLE,38.0,13924000.0
2025-01-29,Juan Martinez,CONTADO,CÓRDOBA CAPITAL,65.1,CABAÑA,S.F,OBRA GRIS,LADRILLO,NO LE INTERESA,24.0,21946000.0
2024-03-04,Maria Romero,NO SABE,SANTIAGO DEL ESTERO,,AMERICANA,S.F,OBRA GRIS,PIEDRA NATURAL,POTABLE,412.0,19713000.0
2025-12-17,Ana Romero,,SANTIAGO DEL ESTERO,38.5,MINIMALISTA,E.E,OBRA GRIS,LADRILLO,NO LE INTERESA,465.0,11223000.0
2025-12-21,Luis Lopez,CONTADO,CARLOS PAZ,39.8,AMERICANA,E.E,LLAVE EN MANO,PIEDRA NATURAL,VENDIDO,54.0,16032000.0
2024-03-12,Ana Gonzalez,PLAN 36-60,ALTA GRACIA,93.6,AMERICANA,E.E,LLAVE EN MANO,LADRILLO,POTABLE,40.0,36487000.0
2026-02-27,Luis Gonzalez,FINANCIACION PROPIA,CÓRDOBA CAPITAL,63.9,CABAÑA,S.F,LLAVE EN MANO,PIEDRA NATURAL,NO LE INTERESA,28.0,31779000.0
2024-09-30,Pedro Sanchez,PLAN 36-60,SANTIAGO DEL ESTERO,21.0,AMERICANA,W.F,LLAVE EN MANO,PIEDRA NATURAL,NO LE INTERESA,461.0,10593000.0
2024-11-15,Pedro Rodriguez,CONTADO,SANTIAGO DEL ESTERO,66.0,MINIMALISTA,W.F,LLAVE EN MANO,MADERA,POTABLE,459.0,31490000.0
2024-12-03,Pedro Lopez,,BUENOS AIRES,51.1,MINIMALISTA,S.F,LLAVE EN MANO,PIEDRA NATURAL,NO LE INTERESA,665.0,24914000.0
2024-12-31,Pedro Romero,PLAN 36-60,CÓRDOBA CAPITAL,55.1,MINIMALISTA,W.F,LLAVE EN MANO,PIEDRA NATURAL,NO LE INTERESA,24.0,25734000.0
2025-05-09,Ana Lopez,CONTADO,SANTIAGO DEL ESTERO,71.4,AMERICANA,S.F,LLAVE EN MANO,LADRILLO,POTABLE,448.0,35486000.0
2025-08-29,Elena Romero,CONTADO,SANTIAGO DEL ESTERO,78.7,MINIMALISTA,W.F,OBRA GRIS,PIEDRA NATURAL,NO LE INTERESA,472.0,25659000.0
2024-06-14,Luis Martinez,PLAN 36-60,SANTIAGO DEL ESTERO,37.8,MINIMALISTA,S.F,LLAVE EN MANO,MADERA,POTABLE,481.0,19575000.0
2025-06-27,Jorge Romero,CONTADO,LA PLATA,,AMERICANA,W.F,LLAVE EN MANO,LADRILLO,VENDIDO,762.0,26822000.0
2024-01-11,Diego Sanchez,CONTADO,LA PLATA,44.1,AMERICANA,E.E,OBRA GRIS,PIEDRA NATURAL,POTABLE,736.0,12906000.0
2024-10-27,Lucia Gonzalez,CONTADO,ALTA GRACIA,66.9,AMERICANA,E.E,OBRA GRIS,LADRILLO,NO LE INTERESA,39.0,19294000.0
2025-12-29,Luis Martinez,NO SABE,CARLOS PAZ,50.4,AMERICANA,E.E,LLAVE EN MANO,LADRILLO,POTABLE,34.0,19221000.0
2024-04-11,Diego Garcia,CONTADO,BUENOS AIRES,55.6,CABAÑA,E.E,LLAVE EN MANO,LADRILLO,POTABLE,747.0,22641000.0
2025-02-28,Carla Sanchez,NO SABE,BUENOS AIRES,49.6,AMERICANA,S.F,OBRA GRIS,LADRILLO,NO LE INTERESA,672.0,19055000.0
2025-01-26,Lucia Sanchez,,CÓRDOBA CAPITAL,52.9,AMERICANA,W.F,OBRA GRIS,LADRILLO,NO LE INTERESA,15.0,17134000.0
2026-02-17,Maria Perez,FINANCIACION PROPIA,CARLOS PAZ,89.1,MINIMALISTA,S.F,OBRA GRIS,PIEDRA NATURAL,VENDIDO,38.0,29891000.0
2024-08-01,Diego Gonzalez,CONTADO,CARLOS PAZ,102.8,MINIMALISTA,E.E,LLAVE EN MANO,LADRILLO,NO LE INTERESA,52.0,40408000.0
2025-11-21,Carla Gonzalez,PLAN 36-60,BUENOS AIRES,62.5,AMERICANA,W.F,OBRA GRIS,LADRILLO,VENDIDO,708.0,21801000.0
2024-03-28,Luis Martinez,FINANCIACION PROPIA,LA PLATA,53.0,AMERICANA,S.F,LLAVE EN MANO,MADERA,VENDIDO,810.0,27264000.0
2025-07-06,Juan Gonzalez,,ALTA GRACIA,23.1,AMERICANA,E.E,OBRA GRIS,MADERA,NO LE INTERESA,53.0,6329000.0
2025-02-04,Maria Sanchez,FINANCIACION PROPIA,CARLOS PAZ,39.8,MINIMALISTA,W.F,LLAVE EN MANO,,NO LE INTERESA,51.0,17919000.0
2025-08-10,Diego Rodriguez,FINANCIACION PROPIA,BUENOS AIRES,52.5,MINIMALISTA,W.F,OBRA GRIS,PIEDRA NATURAL,NO LE INTERESA,670.0,18670000.0
2024-02-15,Pedro Gonzalez,CONTADO,CARLOS PAZ,40.7,AMERICANA,E.E,LLAVE EN MANO,MADERA,POTABLE,36.0,16262000.0
2025-11-02,Lucia Gonzalez,PLAN 36-60,SANTIAGO DEL ESTERO,42.8,MINIMALISTA,E.E,OBRA GRIS,MADERA,NO LE INTERESA,414.0,12895000.0
2025-04-07,Lucia Perez,,CÓRDOBA CAPITAL,86.5,MINIMALISTA,W.F,OBRA GRIS,LADRILLO,NO LE INTERESA,17.0,28676000.0
2025-08-14,Luis Gonzalez,FINANCIACION PROPIA,ALTA GRACIA,55.6,AMERICANA,E.E,LLAVE EN MANO,PIEDRA NATURAL,NO LE INTERESA,53.0,20979000.0
2024-11-05,Maria Garcia,CONTADO,BUENOS AIRES,57.4,MINIMALISTA,S.F,LLAVE EN MANO,PIEDRA NATURAL,POTABLE,677.0,29379000.0
2024-03-26,Juan Lopez,NO SABE,CÓRDOBA CAPITAL,41.5,AMERICANA,E.E,LLAVE EN MANO,MADERA,NO LE INTERESA,8.0,16078000.0
2024-04-01,Maria Gonzalez,PLAN 36-60,LA PLATA,78.6,CABAÑA,E.E,OBRA GRIS,MADERA,POTABLE,771.0,22329000.0
2025-10-21,Juan Martinez,,CARLOS PAZ,50.7,CABAÑA,E.E,OBRA GRIS,MADERA,NO LE INTERESA,36.0,13826000.0
2025-11-03,Ana Martinez,CONTADO,CARLOS PAZ,44.6,CABAÑA,W.F,OBRA GRIS,MADERA,NO LE INTERESA,42.0,14830000.0
2025-12-14,Luis Gonzalez,PLAN 36-60,MENDIOLAZA,23.4,MINIMALISTA,W.F,OBRA GRIS,MADERA,POTABLE,21.0,7310000.0
2024-08-29,Lucia Lopez,FINANCIACION PROPIA,CÓRDOBA CAPITAL,53.8,CABAÑA,E.E,OBRA GRIS,LADRILLO,VENDIDO,22.0,14814000.0
2024-01-02,Pedro Perez,PLAN 36-60,LA PLATA,44.0,MINIMALISTA,W.F,LLAVE EN MANO,LADRILLO,NO LE INTERESA,764.0,20530000.0
2024-08-12,Pedro Gonzalez,NO SABE,BUENOS AIRES,88.7,AMERICANA,E.E,LLAVE EN MANO,,VENDIDO,725.0,34239000.0
2026-01-14,Maria Romero,FINANCIACION PROPIA,MENDIOLAZA,91.9,CABAÑA,S.F,OBRA GRIS,MADERA,POTABLE,27.0,32084000.0
2025-08-11,Juan Garcia,PLAN 36-60,MENDIOLAZA,30.3,MINIMALISTA,W.F,OBRA GRIS,LADRILLO,NO LE INTERESA,27.0,10058000.0
2024-04-25,Diego Martinez,FINANCIACION PROPIA,SANTIAGO DEL ESTERO,32.6,CABAÑA,E.E,LLAVE EN MANO,MADERA,NO LE INTERESA,480.0,12854000.0
2025-10-27,Elena Gonzalez,PLAN 36-60,MENDIOLAZA,49.5,MINIMALISTA,W.F,OBRA GRIS,PIEDRA NATURAL,NO LE INTERESA,38.0,15376000.0
2024-04-12,Ana Lopez,PLAN 36-60,MENDIOLAZA,38.7,MINIMALISTA,S.F,LLAVE EN MANO,PIEDRA NATURAL,POTABLE,34.0,19433000.0
2024-07-12,Carla Garcia,CONTADO,SANTIAGO DEL ESTERO,59.3,AMERICANA,S.F,LLAVE EN MANO,,POTABLE,463.0,30030000.0
2024-06-14,Jorge Martinez,CONTADO,CARLOS PAZ,,MINIMALISTA,E.E,LLAVE EN MANO,PIEDRA NATURAL,VENDIDO,32.0,19470000.0
2024-03-30,Elena Gonzalez,PLAN 36-60,CARLOS PAZ,60.6,MINIMALISTA,W.F,LLAVE EN MANO,PIEDRA NATURAL,NO LE INTERESA,51.0,26656000.0
2025-11-16,Jorge Romero,FINANCIACION PROPIA,ALTA GRACIA,75.3,CABAÑA,S.F,LLAVE EN MANO,PIEDRA NATURAL,VENDIDO,54.0,38101000.0
2024-05-01,Maria Rodriguez,CONTADO,MENDIOLAZA,33.7,AMERICANA,W.F,OBRA GRIS,LADRILLO,POTABLE,35.0,10882000.0
2024-05-22,Luis Garcia,CONTADO,CÓRDOBA CAPITAL,74.9,MINIMALISTA,E.E,LLAVE EN MANO,PIEDRA NATURAL,VENDIDO,28.0,29727000.0
2024-04-15,Lucia Gonzalez,PLAN 36-60,CARLOS PAZ,40.4,CABAÑA,S.F,OBRA GRIS,LADRILLO,NO LE INTERESA,34.0,13612000.0
2025-03-03,Elena Rodriguez,CONTADO,LA PLATA,98.0,AMERICANA,S.F,LLAVE EN MANO,MADERA,NO LE INTERESA,779.0,47738000.0
2024-10-31,Jorge Rodriguez,FINANCIACION PROPIA,BUENOS AIRES,87.4,MINIMALISTA,W.F,OBRA GRIS,MADERA,POTABLE,756.0,30077000.0
2024-11-12,Diego Romero,FINANCIACION PROPIA,CÓRDOBA CAPITAL,52.7,CABAÑA,S.F,LLAVE EN MANO,LADRILLO,VENDIDO,13.0,25129000.0
2025-09-26,Carla Perez,CONTADO,ALTA GRACIA,35.7,AMERICANA,E.E,OBRA GRIS,LADRILLO,NO LE INTERESA,35.0,9639000.0
2024-01-09,Diego Lopez,FINANCIACION PROPIA,MENDIOLAZA,31.9,AMERICANA,E.E,OBRA GRIS,PIEDRA NATURAL,NO LE INTERESA,38.0,9076000.0
2026-02-12,Juan Martinez,PLAN 36-60,SANTIAGO DEL ESTERO,72.5,AMERICANA,S.F,LLAVE EN MANO,MADERA,POTABLE,401.0,36300000.0
2024-03-13,Diego Romero,PLAN 36-60,ALTA GRACIA,54.4,AMERICANA,E.E,LLAVE EN MANO,PIEDRA NATURAL,NO LE INTERESA,57.0,21641000.0
2024-12-24,Juan Gonzalez,CONTADO,CÓRDOBA CAPITAL,73.5,MINIMALISTA,S.F,LLAVE EN MANO,MADERA,NO LE INTERESA,6.0,36450000.0
2024-08-10,Juan Lopez,,SANTIAGO DEL ESTERO,99.1,MINIMALISTA,S.F,OBRA GRIS,PIEDRA NATURAL,POTABLE,465.0,35383000.0
2025-02-19,Carla Martinez,FINANCIACION PROPIA,LA PLATA,39.6,AMERICANA,S.F,LLAVE EN MANO,PIEDRA NATURAL,NO LE INTERESA,748.0,20513000.0
2025-07-06,Pedro Martinez,CONTADO,SANTIAGO DEL ESTERO,30.4,AMERICANA,S.F,LLAVE EN MANO,MADERA,POTABLE,420.0,16185000.0
2025-01-04,Luis Garcia,CONTADO,SANTIAGO DEL ESTERO,58.9,MINIMALISTA,W.F,OBRA GRIS,PIEDRA NATURAL,VENDIDO,490.0,19768000.0
2025-12-16,Elena Rodriguez,CONTADO,LA PLATA,77.9,CABAÑA,S.F,LLAVE EN MANO,MADERA,VENDIDO,785.0,39810000.0
2024-09-20,Elena Lopez,CONTADO,CARLOS PAZ,36.2,AMERICANA,E.E,LLAVE EN MANO,LADRILLO,POTABLE,39.0,13917000.0
2025-11-20,Luis Rodriguez,CONTADO,CARLOS PAZ,55.7,MINIMALISTA,W.F,OBRA GRIS,,POTABLE,37.0,18659000.0
2024-11-13,Luis Garcia,CONTADO,SANTIAGO DEL ESTERO,82.4,MINIMALISTA,E.E,LLAVE EN MANO,MADERA,NO LE INTERESA,474.0,31442000.0
2024-03-24,Elena Lopez,NO SABE,BUENOS AIRES,22.3,CABAÑA,S.F,OBRA GRIS,MADERA,POTABLE,744.0,8972000.0
2024-11-13,Ana Garcia,,SANTIAGO DEL ESTERO,59.7,MINIMALISTA,E.E,LLAVE EN MANO,,NO LE INTERESA,472.0,23830000.0
2024-04-20,Elena Gonzalez,CONTADO,ALTA GRACIA,44.2,AMERICANA,W.F,OBRA GRIS,MADERA,POTABLE,51.0,14458000.0
2024-09-07,Juan Perez,FINANCIACION PROPIA,BUENOS AIRES,57.5,MINIMALISTA,E.E,OBRA GRIS,PIEDRA NATURAL,NO LE INTERESA,683.0,16885000.0
2025-01-17,Elena Rodriguez,CONTADO,CARLOS PAZ,69.2,AMERICANA,W.F,LLAVE EN MANO,PIEDRA NATURAL,POTABLE,51.0,31953000.0
2024-01-07,Diego Garcia,PLAN 36-60,LA PLATA,59.4,MINIMALISTA,S.F,OBRA GRIS,LADRILLO,POTABLE,785.0,20914000.0
2025-04-03,Elena Martinez,CONTADO,MENDIOLAZA,34.8,AMERICANA,S.F,LLAVE EN MANO,LADRILLO,POTABLE,33.0,16941000.0
2024-03-24,Jorge Gonzalez,CONTADO,MENDIOLAZA,45.0,AMERICANA,E.E,OBRA GRIS,LADRILLO,NO LE INTERESA,33.0,13069000.0
2024-07-26,Juan Garcia,FINANCIACION PROPIA,SANTIAGO DEL ESTERO,83.5,MINIMALISTA,E.E,OBRA GRIS,PIEDRA NATURAL,NO LE INTERESA,457.0,23464000.0
2025-01-24,Lucia Gonzalez,CONTADO,SANTIAGO DEL ESTERO,61.6,AMERICANA,S.F,LLAVE EN MANO,PIEDRA NATURAL,POTABLE,483.0,29526000.0
2024-11-09,Carla Sanchez,FINANCIACION PROPIA,MENDIOLAZA,71.8,MINIMALISTA,S.F,LLAVE EN MANO,MADERA,NO LE INTERESA,39.0,35228000.0
2024-01-22,Ana Perez,PLAN 36-60,ALTA GRACIA,,MINIMALISTA,E.E,LLAVE EN MANO,LADRILLO,NO LE INTERESA,56.0,24729000.0
2025-02-13,Carla Sanchez,,ALTA GRACIA,71.2,MINIMALISTA,S.F,OBRA GRIS,,POTABLE,48.0,23903000.0
2025-05-29,Carla Lopez,FINANCIACION PROPIA,ALTA GRACIA,47.1,AMERICANA,W.F,LLAVE EN MANO,MADERA,NO LE INTERESA,51.0,20393000.0
2024-05-06,Carla Rodriguez,PLAN 36-60,CÓRDOBA CAPITAL,39.6,MINIMALISTA,W.F,OBRA GRIS,LADRILLO,NO LE INTERESA,26.0,12912000.0
2025-11-30,Luis Lopez,CONTADO,LA PLATA,70.3,CABAÑA,E.E,OBRA GRIS,LADRILLO,POTABLE,733.0,20264000.0
2024-01-14,Diego Martinez,CONTADO,CÓRDOBA CAPITAL,77.5,AMERICANA,E.E,LLAVE EN MANO,LADRILLO,POTABLE,16.0,30131000.0
2024-01-12,Juan Martinez,CONTADO,SANTIAGO DEL ESTERO,36.7,CABAÑA,S.F,OBRA GRIS,MADERA,NO LE INTERESA,462.0,13985000.0
2024-03-27,Carla Perez,NO SABE,ALTA GRACIA,43.5,CABAÑA,S.F,LLAVE EN MANO,LADRILLO,NO LE INTERESA,58.0,20757000.0
2025-06-07,Diego Sanchez,PLAN 36-60,ALTA GRACIA,51.7,CABAÑA,W.F,OBRA GRIS,PIEDRA NATURAL,POTABLE,35.0,17066000.0
2025-06-20,Lucia Sanchez,,MENDIOLAZA,87.4,CABAÑA,E.E,LLAVE EN MANO,LADRILLO,VENDIDO,25.0,34314000.0
2024-10-27,Pedro Perez,FINANCIACION PROPIA,MENDIOLAZA,66.3,MINIMALISTA,E.E,OBRA GRIS,PIEDRA NATURAL,NO LE INTERESA,26.0,19356000.0
2024-08-30,Carla Rodriguez,CONTADO,BUENOS AIRES,28.5,CABAÑA,E.E,OBRA GRIS,LADRILLO,POTABLE,693.0,9446000.0
2024-05-01,Maria Gonzalez,CONTADO,ALTA GRACIA,53.1,AMERICANA,E.E,LLAVE EN MANO,,POTABLE,42.0,20847000.0
2024-05-26,Jorge Rodriguez,CONTADO,CARLOS PAZ,50.1,CABAÑA,W.F,OBRA GRIS,,POTABLE,45.0,16337000.0
2025-07-20,Pedro Martinez,PLAN 36-60,MENDIOLAZA,31.5,CABAÑA,W.F,OBRA GRIS,PIEDRA NATURAL,NO LE INTERESA,42.0,10457000.0
2026-01-19,Elena Martinez,CONTADO,LA PLATA,52.9,CABAÑA,E.E,OBRA GRIS,PIEDRA NATURAL,NO LE INTERESA,774.0,15683000.0
2024-12-21,Maria Garcia,PLAN 36-60,CÓRDOBA CAPITAL,49.2,MINIMALISTA,W.F,OBRA GRIS,LADRILLO,NO LE INTERESA,11.0,15426000.0
2025-11-15,Juan Gonzalez,FINANCIACION PROPIA,LA PLATA,47.8,CABAÑA,E.E,OBRA GRIS,MADERA,NO LE INTERESA,796.0,15255000.0
2026-01-02,Juan Gonzalez,CONTADO,MENDIOLAZA,46.9,CABAÑA,W.F,LLAVE EN MANO,LADRILLO,POTABLE,36.0,21054000.0
2025-09-22,Lucia Romero,CONTADO,ALTA GRACIA,84.4,CABAÑA,S.F,LLAVE EN MANO,MADERA,NO LE INTERESA,40.0,39352000.0
2024-11-04,Lucia Rodriguez,CONTADO,SANTIAGO DEL ESTERO,47.7,AMERICANA,W.F,OBRA GRIS,MADERA,POTABLE,436.0,16554000.0
2025-11-25,Lucia Martinez,,CARLOS PAZ,56.0,MINIMALISTA,E.E,LLAVE EN MANO,MADERA,POTABLE,50.0,22247000.0
2024-10-14,Luis Sanchez,NO SABE,MENDIOLAZA,53.8,MINIMALISTA,S.F,LLAVE EN MANO,MADERA,NO LE INTERESA,38.0,25543000.0
2024-11-02,Juan Sanchez,CONTADO,LA PLATA,44.9,MINIMALISTA,E.E,OBRA GRIS,MADERA,POTABLE,768.0,13079000.0
2025-08-16,Carla Gonzalez,CONTADO,SANTIAGO DEL ESTERO,56.6,AMERICANA,S.F,LLAVE EN MANO,MADERA,NO LE INTERESA,414.0,27764000.0
2025-12-23,Juan Perez,CONTADO,MENDIOLAZA,56.3,CABAÑA,S.F,OBRA GRIS,,VENDIDO,40.0,20611000.0
2025-10-23,Juan Perez,CONTADO,ALTA GRACIA,56.6,AMERICANA,W.F,LLAVE EN MANO,PIEDRA NATURAL,NO LE INTERESA,43.0,26689000.0
2025-07-02,Elena Martinez,PLAN 36-60,BUENOS AIRES,37.8,MINIMALISTA,W.F,OBRA GRIS,PIEDRA NATURAL,POTABLE,737.0,13026000.0
2024-12-17,Diego Rodriguez,CONTADO,ALTA GRACIA,50.9,MINIMALISTA,S.F,OBRA GRIS,LADRILLO,POTABLE,51.0,18493000.0
2024-11-07,Elena Garcia,CONTADO,ALTA GRACIA,70.2,MINIMALISTA,S.F,OBRA GRIS,LADRILLO,POTABLE,42.0,24490000.0
2024-02-28,Jorge Sanchez,PLAN 36-60,ALTA GRACIA,51.4,AMERICANA,S.F,OBRA GRIS,LADRILLO,NO LE INTERESA,40.0,18329000.0
2025-10-04,Ana Gonzalez,CONTADO,MENDIOLAZA,58.2,MINIMALISTA,E.E,LLAVE EN MANO,MADERA,NO LE INTERESA,23.0,22471000.0
2025-12-14,Maria Perez,PLAN 36-60,BUENOS AIRES,58.3,CABAÑA,W.F,LLAVE EN MANO,MADERA,NO LE INTERESA,684.0,27351000.0
2026-01-24,Elena Gonzalez,CONTADO,CARLOS PAZ,63.3,AMERICANA,E.E,OBRA GRIS,PIEDRA NATURAL,NO LE INTERESA,34.0,17408000.0
2024-02-04,Lucia Perez,NO SABE,CARLOS PAZ,66.2,CABAÑA,W.F,LLAVE EN MANO,LADRILLO,NO LE INTERESA,45.0,28598000.0
2025-03-20,Maria Lopez,CONTADO,LA PLATA,51.5,MINIMALISTA,E.E,OBRA GRIS,PIEDRA NATURAL,NO LE INTERESA,770.0,15013000.0
2024-04-02,Jorge Rodriguez,,MENDIOLAZA,36.8,MINIMALISTA,W.F,OBRA GRIS,PIEDRA NATURAL,POTABLE,35.0,11653000.0
2024-07-25,Carla Martinez,CONTADO,BUENOS AIRES,,AMERICANA,S.F,LLAVE EN MANO,MADERA,NO LE INTERESA,724.0,16846000.0
2024-12-18,Ana Sanchez,FINANCIACION PROPIA,BUENOS AIRES,75.4,CABAÑA,S.F,OBRA GRIS,MADERA,NO LE INTERESA,741.0,28782000.0
2024-11-27,Carla Rodriguez,CONTADO,ALTA GRACIA,70.4,AMERICANA,W.F,OBRA GRIS,PIEDRA NATURAL,POTABLE,58.0,23501000.0
2025-12-25,Jorge Perez,PLAN 36-60,CARLOS PAZ,68.0,CABAÑA,S.F,LLAVE EN MANO,MADERA,VENDIDO,36.0,32481000.0
2024-06-07,Jorge Rodriguez,CONTADO,MENDIOLAZA,71.2,MINIMALISTA,S.F,OBRA GRIS,MADERA,VENDIDO,35.0,24827000.0
2024-01-24,Ana Romero,PLAN 36-60,SANTIAGO DEL ESTERO,51.8,AMERICANA,E.E,OBRA GRIS,MADERA,NO LE INTERESA,408.0,15025000.0
2025-02-07,Juan Rodriguez,PLAN 36-60,CARLOS PAZ,42.5,AMERICANA,W.F,LLAVE EN MANO,PIEDRA NATURAL,NO LE INTERESA,33.0,18991000.0
2025-05-30,Lucia Perez,PLAN 36-60,CARLOS PAZ,35.4,CABAÑA,S.F,LLAVE EN MANO,PIEDRA NATURAL,POTABLE,46.0,16622000.0
2026-01-01,Elena Romero,PLAN 36-60,BUENOS AIRES,33.2,MINIMALISTA,W.F,OBRA GRIS,PIEDRA NATURAL,NO LE INTERESA,709.0,11794000.0
2024-12-29,Maria Romero,CONTADO,LA PLATA,79.2,MINIMALISTA,E.E,LLAVE EN MANO,LADRILLO,POTABLE,786.0,30849000.0
2025-01-16,Ana Garcia,CONTADO,CARLOS PAZ,45.1,CABAÑA,W.F,LLAVE EN MANO,PIEDRA NATURAL,NO LE INTERESA,41.0,21008000.0
2025-06-15,Diego Martinez,PLAN 36-60,SANTIAGO DEL ESTERO,76.1,CABAÑA,E.E,LLAVE EN MANO,MADERA,NO LE INTERESA,413.0,31033000.0
2024-05-31,Lucia Garcia,CONTADO,ALTA GRACIA,51.3,CABAÑA,E.E,LLAVE EN MANO,PIEDRA NATURAL,POTABLE,57.0,19898000.0
2025-07-15,Jorge Lopez,CONTADO,CÓRDOBA CAPITAL,41.5,CABAÑA,E.E,LLAVE EN MANO,LADRILLO,NO LE INTERESA,7.0,16518000.0
2025-11-19,Luis Perez,CONTADO,LA PLATA,33.1,CABAÑA,S.F,LLAVE EN MANO,MADERA,POTABLE,729.0,16850000.0
2025-08-30,Carla Rodriguez,CONTADO,SANTIAGO DEL ESTERO,43.2,MINIMALISTA,E.E,OBRA GRIS,PIEDRA NATURAL,POTABLE,428.0,12439000.0
2025-09-08,Lucia Perez,PLAN 36-60,LA PLATA,83.4,MINIMALISTA,W.F,OBRA GRIS,PIEDRA NATURAL,POTABLE,810.0,27548000.0
2025-02-23,Carla Martinez,PLAN 36-60,MENDIOLAZA,33.3,AMERICANA,W.F,LLAVE EN MANO,MADERA,NO LE INTERESA,30.0,15504000.0
2024-09-06,Diego Perez,NO SABE,ALTA GRACIA,,MINIMALISTA,S.F,LLAVE EN MANO,PIEDRA NATURAL,POTABLE,48.0,46368000.0
2024-04-26,Lucia Lopez,CONTADO,CARLOS PAZ,38.2,CABAÑA,S.F,LLAVE EN MANO,LADRILLO,POTABLE,49.0,18909000.0
2025-05-26,Diego Lopez,NO SABE,MENDIOLAZA,70.0,MINIMALISTA,E.E,OBRA GRIS,,POTABLE,36.0,19065000.0
2026-01-09,Lucia Garcia,PLAN 36-60,CARLOS PAZ,52.1,MINIMALISTA,E.E,OBRA GRIS,PIEDRA NATURAL,POTABLE,51.0,14349000.0
2025-07-31,Juan Perez,NO SABE,BUENOS AIRES,48.6,MINIMALISTA,E.E,OBRA GRIS,MADERA,NO LE INTERESA,709.0,14283000.0
2024-11-30,Carla Rodriguez,FINANCIACION PROPIA,SANTIAGO DEL ESTERO,29.6,AMERICANA,S.F,OBRA GRIS,PIEDRA NATURAL,VENDIDO,497.0,11267000.0
2025-02-21,Jorge Martinez,PLAN 36-60,ALTA GRACIA,53.0,AMERICANA,S.F,LLAVE EN MANO,PIEDRA NATURAL,POTABLE,55.0,26122000.0
2026-02-12,Ana Perez,CONTADO,CÓRDOBA CAPITAL,31.8,CABAÑA,W.F,LLAVE EN MANO,MADERA,NO LE INTERESA,15.0,14676000.0
2024-10-21,Luis Martinez,CONTADO,CÓRDOBA CAPITAL,21.4,CABAÑA,E.E,LLAVE EN MANO,PIEDRA NATURAL,POTABLE,15.0,8176000.0
2026-01-24,Juan Perez,CONTADO,CARLOS PAZ,57.4,AMERICANA,E.E,LLAVE EN MANO,PIEDRA NATURAL,POTABLE,53.0,21472000.0
2025-01-05,Jorge Sanchez,NO SABE,MENDIOLAZA,42.3,MINIMALISTA,W.F,LLAVE EN MANO,MADERA,POTABLE,37.0,19470000.0
2024-07-04,Pedro Lopez,NO SABE,BUENOS AIRES,88.7,MINIMALISTA,W.F,OBRA GRIS,PIEDRA NATURAL,VENDIDO,722.0,28503000.0
2024-09-02,Pedro Perez,FINANCIACION PROPIA,ALTA GRACIA,75.0,AMERICANA,W.F,LLAVE EN MANO,PIEDRA NATURAL,NO LE INTERESA,54.0,33031000.0
2025-09-28,Maria Gonzalez,FINANCIACION PROPIA,ALTA GRACIA,88.9,CABAÑA,W.F,OBRA GRIS,MADERA,NO LE INTERESA,49.0,28142000.0
2024-09-24,Ana Rodriguez,NO SABE,SANTIAGO DEL ESTERO,41.4,MINIMALISTA,E.E,LLAVE EN MANO,LADRILLO,NO LE INTERESA,416.0,17269000.0
2025-10-04,Pedro Martinez,PLAN 36-60,MENDIOLAZA,57.7,CABAÑA,S.F,LLAVE EN MANO,LADRILLO,POTABLE,28.0,28671000.0
2024-08-24,Maria Garcia,PLAN 36-60,CÓRDOBA CAPITAL,20.0,MINIMALISTA,E.E,OBRA GRIS,LADRILLO,VENDIDO,19.0,5451000.0
2025-06-13,Pedro Romero,PLAN 36-60,SANTIAGO DEL ESTERO,49.4,CABAÑA,W.F,OBRA GRIS,LADRILLO,POTABLE,402.0,16671000.0
2025-07-05,Elena Romero,PLAN 36-60,LA PLATA,57.0,MINIMALISTA,S.F,LLAVE EN MANO,,POTABLE,754.0,29666000.0
2024-01-21,Carla Garcia,CONTADO,ALTA GRACIA,58.1,CABAÑA,E.E,OBRA GRIS,LADRILLO,POTABLE,54.0,16167000.0
2026-01-06,Luis Sanchez,PLAN 36-60,CÓRDOBA CAPITAL,54.2,CABAÑA,W.F,OBRA GRIS,MADERA,POTABLE,9.0,17022000.0
2025-06-03,Pedro Romero,PLAN 36-60,SANTIAGO DEL ESTERO,56.3,CABAÑA,S.F,OBRA GRIS,MADERA,POTABLE,406.0,20678000.0
2024-04-09,Luis Gonzalez,PLAN 36-60,CARLOS PAZ,20.0,AMERICANA,S.F,LLAVE EN MANO,MADERA,NO LE INTERESA,51.0,9986000.0
2026-01-21,Luis Martinez,FINANCIACION PROPIA,LA PLATA,60.1,CABAÑA,S.F,LLAVE EN MANO,PIEDRA NATURAL,POTABLE,772.0,29315000.0
2025-04-22,Diego Gonzalez,CONTADO,SANTIAGO DEL ESTERO,64.7,AMERICANA,E.E,LLAVE EN MANO,LADRILLO,NO LE INTERESA,418.0,26423000.0
2025-08-21,Diego Garcia,CONTADO,CARLOS PAZ,81.8,AMERICANA,W.F,OBRA GRIS,LADRILLO,POTABLE,50.0,26384000.0
2024-10-24,Luis Rodriguez,FINANCIACION PROPIA,CÓRDOBA CAPITAL,62.4,CABAÑA,E.E,OBRA GRIS,MADERA,VENDIDO,21.0,17947000.0
2025-06-09,Luis Romero,PLAN 36-60,CÓRDOBA CAPITAL,52.4,AMERICANA,E.E,LLAVE EN MANO,PIEDRA NATURAL,POTABLE,13.0,19924000.0
2024-11-29,Ana Rodriguez,CONTADO,LA PLATA,77.1,AMERICANA,E.E,LLAVE EN MANO,PIEDRA NATURAL,NO LE INTERESA,748.0,30587000.0
2024-01-02,Elena Lopez,PLAN 36-60,CARLOS PAZ,20.0,AMERICANA,S.F,OBRA GRIS,MADERA,NO LE INTERESA,34.0,7082000.0
2025-01-09,Jorge Garcia,PLAN 36-60,ALTA GRACIA,44.7,MINIMALISTA,W.F,LLAVE EN MANO,LADRILLO,POTABLE,56.0,20198000.0
2024-10-19,Lucia Romero,NO SABE,BUENOS AIRES,,CABAÑA,E.E,LLAVE EN MANO,PIEDRA NATURAL,POTABLE,711.0,16440000.0
2025-07-06,Lucia Romero,PLAN 36-60,BUENOS AIRES,54.3,AMERICANA,W.F,OBRA GRIS,LADRILLO,POTABLE,716.0,19015000.0
2024-11-13,Lucia Garcia,CONTADO,CÓRDOBA CAPITAL,20.0,CABAÑA,S.F,OBRA GRIS,PIEDRA NATURAL,POTABLE,27.0,7086000.0
2025-05-16,Carla Martinez,,MENDIOLAZA,81.4,AMERICANA,E.E,LLAVE EN MANO,LADRILLO,POTABLE,20.0,32610000.0
2025-01-15,Jorge Romero,FINANCIACION PROPIA,ALTA GRACIA,50.0,CABAÑA,W.F,OBRA GRIS,PIEDRA NATURAL,NO LE INTERESA,37.0,15595000.0
2025-09-14,Pedro Lopez,PLAN 36-60,ALTA GRACIA,61.4,AMERICANA,S.F,OBRA GRIS,LADRILLO,NO LE INTERESA,39.0,22042000.0
2024-01-14,Juan Rodriguez,FINANCIACION PROPIA,BUENOS AIRES,59.5,MINIMALISTA,E.E,LLAVE EN MANO,LADRILLO,NO LE INTERESA,663.0,24225000.0
2025-05-18,Maria Sanchez,CONTADO,SANTIAGO DEL ESTERO,80.2,MINIMALISTA,E.E,OBRA GRIS,LADRILLO,POTABLE,466.0,22075000.0
2024-08-18,Carla Lopez,FINANCIACION PROPIA,SANTIAGO DEL ESTERO,20.0,MINIMALISTA,W.F,OBRA GRIS,MADERA,NO LE INTERESA,463.0,6945000.0
2024-03-24,Maria Romero,FINANCIACION PROPIA,CÓRDOBA CAPITAL,57.2,AMERICANA,W.F,LLAVE EN MANO,LADRILLO,POTABLE,10.0,24577000.0
2024-05-09,Jorge Sanchez,FINANCIACION PROPIA,ALTA GRACIA,77.9,CABAÑA,E.E,OBRA GRIS,LADRILLO,POTABLE,39.0,21776000.0
2026-01-12,Diego Martinez,CONTADO,SANTIAGO DEL ESTERO,53.0,AMERICANA,E.E,OBRA GRIS,PIEDRA NATURAL,POTABLE,415.0,15193000.0
2024-05-24,Juan Martinez,FINANCIACION PROPIA,CARLOS PAZ,36.0,MINIMALISTA,S.F,LLAVE EN MANO,PIEDRA NATURAL,POTABLE,54.0,18585000.0
2024-01-28,Ana Romero,PLAN 36-60,CARLOS PAZ,42.9,AMERICANA,S.F,OBRA GRIS,MADERA,NO LE INTERESA,47.0,15641000.0
2024-03-06,Ana Martinez,FINANCIACION PROPIA,CARLOS PAZ,47.1,CABAÑA,E.E,LLAVE EN MANO,PIEDRA NATURAL,NO LE INTERESA,45.0,19134000.0
2024-06-11,Maria Martinez,CONTADO,CARLOS PAZ,40.6,MINIMALISTA,W.F,LLAVE EN MANO,LADRILLO,NO LE INTERESA,38.0,18362000.0
2024-08-16,Elena Sanchez,CONTADO,ALTA GRACIA,51.9,AMERICANA,W.F,OBRA GRIS,MADERA,NO LE INTERESA,46.0,17296000.0
2024-09-17,Ana Lopez,CONTADO,CARLOS PAZ,85.2,CABAÑA,E.E,LLAVE EN MANO,MADERA,VENDIDO,32.0,32667000.0
2025-03-24,Carla Lopez,PLAN 36-60,ALTA GRACIA,43.1,MINIMALISTA,S.F,LLAVE EN MANO,MADERA,NO LE INTERESA,60.0,21338000.0
2025-02-27,Diego Perez,PLAN 36-60,BUENOS AIRES,45.2,CABAÑA,E.E,OBRA GRIS,LADRILLO,NO LE INTERESA,736.0,13613000.0
2025-04-04,Pedro Martinez,PLAN 36-60,CÓRDOBA CAPITAL,64.2,CABAÑA,W.F,LLAVE EN MANO,LADRILLO,POTABLE,21.0,28021000.0
2025-11-06,Elena Perez,PLAN 36-60,CÓRDOBA CAPITAL,51.5,MINIMALISTA,E.E,LLAVE EN MANO,PIEDRA NATURAL,POTABLE,20.0,19354000.0
2024-10-27,Luis Garcia,FINANCIACION PROPIA,CARLOS PAZ,28.4,AMERICANA,E.E,OBRA GRIS,PIEDRA NATURAL,NO LE INTERESA,43.0,8063000.0
2024-10-29,Carla Gonzalez,CONTADO,CARLOS PAZ,53.8,AMERICANA,S.F,LLAVE EN MANO,PIEDRA NATURAL,POTABLE,36.0,25353000.0
2024-10-13,Ana Lopez,CONTADO,CARLOS PAZ,53.0,AMERICANA,W.F,LLAVE EN MANO,MADERA,NO LE INTERESA,36.0,24468000.0
2025-01-29,Diego Rodriguez,FINANCIACION PROPIA,CÓRDOBA CAPITAL,74.5,AMERICANA,W.F,OBRA GRIS,LADRILLO,POTABLE,19.0,25030000.0
2024-01-10,Ana Gonzalez,PLAN 36-60,SANTIAGO DEL ESTERO,35.6,CABAÑA,E.E,OBRA GRIS,PIEDRA NATURAL,NO LE INTERESA,407.0,10221000.0
2025-12-07,Ana Martinez,PLAN 36-60,CÓRDOBA CAPITAL,74.6,AMERICANA,W.F,LLAVE EN MANO,LADRILLO,VENDIDO,7.0,33542000.0
2025-09-21,Jorge Perez,PLAN 36-60,CARLOS PAZ,,AMERICANA,W.F,LLAVE EN MANO,MADERA,POTABLE,44.0,24530000.0
2024-09-26,Maria Perez,PLAN 36-60,SANTIAGO DEL ESTERO,32.8,CABAÑA,W.F,LLAVE EN MANO,LADRILLO,NO LE INTERESA,492.0,15193000.0
2025-08-14,Lucia Romero,CONTADO,SANTIAGO DEL ESTERO,28.8,CABAÑA,W.F,OBRA GRIS,LADRILLO,NO LE INTERESA,491.0,10431000.0
2025-08-27,Diego Rodriguez,PLAN 36-60,LA PLATA,93.7,MINIMALISTA,S.F,LLAVE EN MANO,MADERA,VENDIDO,711.0,48804000.0
2026-02-16,Ana Sanchez,NO SABE,BUENOS AIRES,51.8,CABAÑA,S.F,OBRA GRIS,PIEDRA NATURAL,POTABLE,671.0,18378000.0
2024-12-26,Elena Perez,PLAN 36-60,ALTA GRACIA,73.7,MINIMALISTA,S.F,LLAVE EN MANO,LADRILLO,NO LE INTERESA,50.0,34478000.0
2024-09-13,Carla Rodriguez,CONTADO,BUENOS AIRES,20.8,MINIMALISTA,S.F,LLAVE EN MANO,LADRILLO,POTABLE,745.0,11848000.0
2024-05-12,Lucia Romero,FINANCIACION PROPIA,CARLOS PAZ,107.8,AMERICANA,S.F,OBRA GRIS,MADERA,NO LE INTERESA,54.0,39537000.0
2024-10-02,Diego Lopez,CONTADO,ALTA GRACIA,72.9,AMERICANA,W.F,LLAVE EN MANO,LADRILLO,NO LE INTERESA,57.0,32693000.0
2026-02-14,Jorge Romero,CONTADO,LA PLATA,49.9,AMERICANA,E.E,OBRA GRIS,LADRILLO,NO LE INTERESA,778.0,14459000.0
2025-11-13,Jorge Sanchez,FINANCIACION PROPIA,ALTA GRACIA,48.9,CABAÑA,E.E,OBRA GRIS,LADRILLO,POTABLE,40.0,13915000.0
2025-05-27,Jorge Perez,CONTADO,CARLOS PAZ,69.7,CABAÑA,S.F,LLAVE EN MANO,MADERA,NO LE INTERESA,32.0,33494000.0
2024-11-08,Maria Martinez,NO SABE,LA PLATA,68.5,AMERICANA,W.F,LLAVE EN MANO,LADRILLO,NO LE INTERESA,715.0,33348000.0
2025-07-29,Diego Lopez,PLAN 36-60,ALTA GRACIA,58.7,AMERICANA,S.F,OBRA GRIS,MADERA,POTABLE,50.0,21228000.0
2024-10-10,Diego Garcia,FINANCIACION PROPIA,CÓRDOBA CAPITAL,55.2,CABAÑA,E.E,OBRA GRIS,PIEDRA NATURAL,NO LE INTERESA,6.0,15696000.0
2024-04-30,Elena Perez,,SANTIAGO DEL ESTERO,66.2,MINIMALISTA,W.F,OBRA GRIS,LADRILLO,NO LE INTERESA,474.0,21553000.0
2024-04-16,Elena Rodriguez,,BUENOS AIRES,20.2,MINIMALISTA,W.F,LLAVE EN MANO,MADERA,VENDIDO,731.0,10408000.0
2025-11-17,Carla Gonzalez,PLAN 36-60,LA PLATA,47.6,AMERICANA,W.F,LLAVE EN MANO,MADERA,NO LE INTERESA,718.0,22060000.0
2024-07-22,Carla Garcia,NO SABE,CÓRDOBA CAPITAL,22.1,AMERICANA,E.E,LLAVE EN MANO,LADRILLO,POTABLE,28.0,8303000.0
2024-06-13,Jorge Sanchez,FINANCIACION PROPIA,CARLOS PAZ,67.1,AMERICANA,E.E,LLAVE EN MANO,MADERA,POTABLE,43.0,26390000.0
2024-10-31,Luis Perez,PLAN 36-60,SANTIAGO DEL ESTERO,41.5,MINIMALISTA,S.F,OBRA GRIS,PIEDRA NATURAL,POTABLE,490.0,15243000.0
2025-05-11,Luis Garcia,NO SABE,BUENOS AIRES,23.6,AMERICANA,S.F,OBRA GRIS,PIEDRA NATURAL,POTABLE,750.0,9632000.0
2025-09-23,Lucia Sanchez,CONTADO,LA PLATA,39.1,MINIMALISTA,E.E,OBRA GRIS,PIEDRA NATURAL,POTABLE,730.0,12483000.0
2025-07-09,Lucia Perez,CONTADO,SANTIAGO DEL ESTERO,58.0,CABAÑA,S.F,LLAVE EN MANO,PIEDRA NATURAL,POTABLE,438.0,28654000.0
2024-06-04,Pedro Sanchez,CONTADO,MENDIOLAZA,50.9,CABAÑA,E.E,LLAVE EN MANO,MADERA,POTABLE,23.0,19886000.0
2025-01-01,Lucia Sanchez,FINANCIACION PROPIA,MENDIOLAZA,31.5,CABAÑA,W.F,LLAVE EN MANO,MADERA,NO LE INTERESA,39.0,14216000.0
2025-12-19,Lucia Garcia,FINANCIACION PROPIA,LA PLATA,20.9,AMERICANA,S.F,OBRA GRIS,PIEDRA NATURAL,NO LE INTERESA,760.0,8306000.0
2025-09-11,Diego Lopez,PLAN 36-60,LA PLATA,56.5,CABAÑA,E.E,OBRA GRIS,PIEDRA NATURAL,NO LE INTERESA,803.0,17439000.0
2024-09-07,Maria Perez,NO SABE,ALTA GRACIA,43.4,MINIMALISTA,E.E,OBRA GRIS,PIEDRA NATURAL,POTABLE,40.0,12239000.0
2024-11-29,Maria Perez,PLAN 36-60,SANTIAGO DEL ESTERO,49.8,MINIMALISTA,E.E,OBRA GRIS,PIEDRA NATURAL,NO LE INTERESA,469.0,15254000.0
2025-10-03,Lucia Garcia,CONTADO,MENDIOLAZA,51.8,MINIMALISTA,S.F,LLAVE EN MANO,PIEDRA NATURAL,POTABLE,45.0,25832000.0
2025-05-25,Pedro Perez,CONTADO,BUENOS AIRES,63.6,AMERICANA,S.F,LLAVE EN MANO,MADERA,NO LE INTERESA,727.0,31325000.0
2024-10-19,Pedro Perez,NO SABE,MENDIOLAZA,71.9,AMERICANA,W.F,LLAVE EN MANO,PIEDRA NATURAL,NO LE INTERESA,22.0,31358000.0
2024-01-20,Elena Garcia,CONTADO,SANTIAGO DEL ESTERO,57.9,MINIMALISTA,S.F,OBRA GRIS,PIEDRA NATURAL,NO LE INTERESA,459.0,20686000.0
2024-10-08,Carla Martinez,,MENDIOLAZA,48.6,MINIMALISTA,S.F,OBRA GRIS,LADRILLO,NO LE INTERESA,24.0,16785000.0
2024-01-01,Pedro Lopez,CONTADO,BUENOS AIRES,55.5,MINIMALISTA,S.F,OBRA GRIS,MADERA,VENDIDO,663.0,20230000.0
2024-04-28,Ana Garcia,CONTADO,CÓRDOBA CAPITAL,48.2,MINIMALISTA,W.F,OBRA GRIS,PIEDRA NATURAL,NO LE INTERESA,13.0,15048000.0
2024-02-04,Pedro Garcia,PLAN 36-60,MENDIOLAZA,22.1,CABAÑA,W.F,LLAVE EN MANO,MADERA,POTABLE,27.0,10482000.0
2024-07-16,Pedro Sanchez,CONTADO,MENDIOLAZA,76.8,MINIMALISTA,W.F,LLAVE EN MANO,LADRILLO,VENDIDO,40.0,33453000.0
2025-04-29,Diego Lopez,NO SABE,CARLOS PAZ,73.1,AMERICANA,S.F,OBRA GRIS,LADRILLO,NO LE INTERESA,39.0,26035000.0
2026-01-26,Luis Perez,PLAN 36-60,CÓRDOBA CAPITAL,94.8,AMERICANA,E.E,LLAVE EN MANO,PIEDRA NATURAL,NO LE INTERESA,23.0,35385000.0
2024-02-28,Juan Lopez,PLAN 36-60,ALTA GRACIA,100.6,AMERICANA,S.F,OBRA GRIS,PIEDRA NATURAL,NO LE INTERESA,35.0,34934000.0
2024-06-09,Lucia Rodriguez,FINANCIACION PROPIA,LA PLATA,31.5,AMERICANA,W.F,OBRA GRIS,PIEDRA NATURAL,POTABLE,711.0,10996000.0
2025-11-21,Lucia Rodriguez,PLAN 36-60,BUENOS AIRES,,AMERICANA,S.F,OBRA GRIS,PIEDRA NATURAL,POTABLE,663.0,17688000.0
2024-07-24,Elena Gonzalez,NO SABE,MENDIOLAZA,105.2,MINIMALISTA,S.F,OBRA GRIS,LADRILLO,POTABLE,25.0,36850000.0
2024-01-12,Elena Rodriguez,CONTADO,BUENOS AIRES,54.2,MINIMALISTA,E.E,OBRA GRIS,MADERA,POTABLE,697.0,16384000.0
2025-05-04,Elena Lopez,CONTADO,ALTA GRACIA,59.9,CABAÑA,E.E,LLAVE EN MANO,PIEDRA NATURAL,NO LE INTERESA,50.0,23753000.0
2024-10-02,Ana Garcia,CONTADO,ALTA GRACIA,24.6,CABAÑA,S.F,LLAVE EN MANO,MADERA,POTABLE,60.0,12303000.0
2025-11-23,Ana Romero,FINANCIACION PROPIA,CÓRDOBA CAPITAL,58.0,CABAÑA,W.F,LLAVE EN MANO,PIEDRA NATURAL,NO LE INTERESA,14.0,27069000.0
2024-08-29,Luis Lopez,NO SABE,BUENOS AIRES,93.6,MINIMALISTA,S.F,LLAVE EN MANO,PIEDRA NATURAL,NO LE INTERESA,666.0,48675000.0
2024-08-03,Elena Romero,CONTADO,LA PLATA,80.7,CABAÑA,S.F,LLAVE EN MANO,LADRILLO,POTABLE,729.0,41601000.0
2024-09-07,Maria Gonzalez,PLAN 36-60,CARLOS PAZ,42.8,MINIMALISTA,S.F,LLAVE EN MANO,PIEDRA NATURAL,POTABLE,52.0,20164000.0
2024-05-05,Carla Romero,CONTADO,ALTA GRACIA,47.1,AMERICANA,W.F,OBRA GRIS,PIEDRA NATURAL,NO LE INTERESA,52.0,15947000.0
2024-08-04,Diego Lopez,,CARLOS PAZ,32.4,MINIMALISTA,W.F,OBRA GRIS,PIEDRA NATURAL,POTABLE,50.0,10978000.0
2024-11-01,Juan Martinez,PLAN 36-60,LA PLATA,38.0,MINIMALISTA,W.F,LLAVE EN MANO,LADRILLO,NO LE INTERESA,722.0,18599000.0
2024-07-03,Pedro Perez,CONTADO,LA PLATA,20.0,AMERICANA,W.F,OBRA GRIS,MADERA,NO LE INTERESA,723.0,7538000.0
2024-02-08,Jorge Garcia,PLAN 36-60,CÓRDOBA CAPITAL,53.3,AMERICANA,W.F,OBRA GRIS,LADRILLO,NO LE INTERESA,8.0,16746000.0
2024-08-10,Diego Sanchez,PLAN 36-60,BUENOS AIRES,85.2,AMERICANA,S.F,OBRA GRIS,PIEDRA NATURAL,POTABLE,746.0,31732000.0
2024-07-02,Jorge Romero,FINANCIACION PROPIA,SANTIAGO DEL ESTERO,62.1,CABAÑA,W.F,LLAVE EN MANO,PIEDRA NATURAL,NO LE INTERESA,421.0,29708000.0
2025-05-09,Luis Garcia,PLAN 36-60,BUENOS AIRES,82.3,CABAÑA,S.F,LLAVE EN MANO,PIEDRA NATURAL,POTABLE,724.0,42097000.0
2025-03-02,Diego Gonzalez,,MENDIOLAZA,76.5,CABAÑA,S.F,LLAVE EN MANO,MADERA,POTABLE,33.0,38019000.0
2024-06-26,Lucia Sanchez,PLAN 36-60,CÓRDOBA CAPITAL,44.1,AMERICANA,S.F,OBRA GRIS,MADERA,NO LE INTERESA,19.0,14989000.0
2025-03-03,Diego Garcia,CONTADO,BUENOS AIRES,39.8,CABAÑA,E.E,LLAVE EN MANO,PIEDRA NATURAL,VENDIDO,680.0,16385000.0
2024-10-20,Elena Garcia,FINANCIACION PROPIA,CARLOS PAZ,40.6,AMERICANA,W.F,LLAVE EN MANO,,POTABLE,46.0,18781000.0
2024-05-30,Jorge Sanchez,CONTADO,BUENOS AIRES,20.7,AMERICANA,W.F,LLAVE EN MANO,MADERA,VENDIDO,664.0,9829000.0
2025-01-18,Diego Garcia,CONTADO,CÓRDOBA CAPITAL,55.6,AMERICANA,S.F,OBRA GRIS,LADRILLO,POTABLE,30.0,19781000.0
2025-09-29,Juan Gonzalez,PLAN 36-60,LA PLATA,20.0,CABAÑA,E.E,LLAVE EN MANO,LADRILLO,POTABLE,713.0,9147000.0
2024-11-03,Lucia Garcia,FINANCIACION PROPIA,ALTA GRACIA,66.8,CABAÑA,W.F,LLAVE EN MANO,MADERA,NO LE INTERESA,36.0,29669000.0
2024-12-01,Carla Martinez,CONTADO,MENDIOLAZA,56.4,AMERICANA,S.F,LLAVE EN MANO,MADERA,POTABLE,28.0,26505000.0
2026-01-15,Elena Martinez,CONTADO,MENDIOLAZA,64.4,CABAÑA,E.E,OBRA GRIS,PIEDRA NATURAL,POTABLE,41.0,18671000.0
2025-01-09,Lucia Sanchez,CONTADO,SANTIAGO DEL ESTERO,76.1,MINIMALISTA,S.F,LLAVE EN MANO,MADERA,POTABLE,426.0,36570000.0
2024-01-08,Carla Lopez,CONTADO,LA PLATA,59.0,CABAÑA,E.E,LLAVE EN MANO,MADERA,POTABLE,757.0,23950000.0
2024-12-06,Carla Martinez,PLAN 36-60,MENDIOLAZA,87.6,AMERICANA,S.F,OBRA GRIS,PIEDRA NATURAL,POTABLE,20.0,31326000.0
2024-05-08,Luis Romero,,MENDIOLAZA,67.4,AMERICANA,W.F,LLAVE EN MANO,MADERA,NO LE INTERESA,22.0,31381000.0
2026-02-14,Maria Lopez,,ALTA GRACIA,39.9,AMERICANA,S.F,LLAVE EN MANO,PIEDRA NATURAL,NO LE INTERESA,50.0,20337000.0
2025-10-30,Pedro Perez,FINANCIACION PROPIA,CARLOS PAZ,50.2,MINIMALISTA,S.F,LLAVE EN MANO,LADRILLO,VENDIDO,35.0,24725000.0
2024-12-17,Luis Perez,PLAN 36-60,CARLOS PAZ,20.0,AMERICANA,E.E,LLAVE EN MANO,LADRILLO,NO LE INTERESA,47.0,7891000.0
2024-12-23,Luis Perez,PLAN 36-60,CARLOS PAZ,37.0,AMERICANA,E.E,OBRA GRIS,LADRILLO,NO LE INTERESA,50.0,10798000.0
2025-05-31,Luis Martinez,CONTADO,CÓRDOBA CAPITAL,47.4,CABAÑA,W.F,OBRA GRIS,PIEDRA NATURAL,NO LE INTERESA,26.0,15398000.0
2025-05-09,Carla Romero,CONTADO,CARLOS PAZ,65.9,MINIMALISTA,S.F,OBRA GRIS,LADRILLO,NO LE INTERESA,33.0,23296000.0
2024-03-26,Maria Martinez,PLAN 36-60,CARLOS PAZ,40.0,CABAÑA,E.E,LLAVE EN MANO,LADRILLO,POTABLE,41.0,15638000.0
2024-06-23,Carla Martinez,CONTADO,CÓRDOBA CAPITAL,30.1,AMERICANA,W.F,LLAVE EN MANO,PIEDRA NATURAL,POTABLE,29.0,13439000.0
2024-07-11,Luis Garcia,,ALTA GRACIA,20.0,AMERICANA,W.F,LLAVE EN MANO,PIEDRA NATURAL,NO LE INTERESA,54.0,9079000.0
2024-11-06,Jorge Lopez,CONTADO,LA PLATA,43.1,MINIMALISTA,E.E,LLAVE EN MANO,LADRILLO,POTABLE,722.0,17735000.0
2024-04-28,Maria Garcia,CONTADO,MENDIOLAZA,94.0,AMERICANA,E.E,OBRA GRIS,LADRILLO,VENDIDO,33.0,25957000.0
2024-08-05,Diego Gonzalez,CONTADO,SANTIAGO DEL ESTERO,60.4,MINIMALISTA,S.F,LLAVE EN MANO,LADRILLO,NO LE INTERESA,492.0,31831000.0
2025-03-02,Carla Martinez,CONTADO,MENDIOLAZA,73.8,CABAÑA,W.F,OBRA GRIS,MADERA,POTABLE,31.0,23420000.0
2025-02-17,Ana Garcia,NO SABE,CARLOS PAZ,37.0,MINIMALISTA,E.E,LLAVE EN MANO,PIEDRA NATURAL,NO LE INTERESA,51.0,14225000.0
2024-04-23,Ana Garcia,CONTADO,CARLOS PAZ,23.5,CABAÑA,W.F,LLAVE EN MANO,PIEDRA NATURAL,POTABLE,42.0,10501000.0
2024-05-24,Juan Rodriguez,FINANCIACION PROPIA,BUENOS AIRES,30.6,AMERICANA,S.F,OBRA GRIS,PIEDRA NATURAL,VENDIDO,671.0,11823000.0
2025-06-21,Pedro Sanchez,PLAN 36-60,MENDIOLAZA,53.1,CABAÑA,E.E,LLAVE EN MANO,PIEDRA NATURAL,VENDIDO,24.0,21708000.0
2025-10-09,Luis Sanchez,FINANCIACION PROPIA,MENDIOLAZA,,CABAÑA,W.F,LLAVE EN MANO,LADRILLO,NO LE INTERESA,21.0,9308000.0
2024-10-29,Jorge Perez,PLAN 36-60,BUENOS AIRES,34.9,CABAÑA,E.E,LLAVE EN MANO,PIEDRA NATURAL,POTABLE,680.0,15204000.0
2026-01-13,Pedro Gonzalez,,CARLOS PAZ,43.3,MINIMALISTA,S.F,LLAVE EN MANO,MADERA,POTABLE,52.0,22060000.0
2025-08-10,Diego Sanchez,CONTADO,CÓRDOBA CAPITAL,28.6,CABAÑA,S.F,OBRA GRIS,MADERA,NO LE INTERESA,21.0,10464000.0
2024-12-10,Ana Lopez,PLAN 36-60,CÓRDOBA CAPITAL,20.0,MINIMALISTA,S.F,LLAVE EN MANO,LADRILLO,NO LE INTERESA,23.0,9574000.0
2024-01-01,Diego Lopez,CONTADO,CÓRDOBA CAPITAL,,MINIMALISTA,S.F,OBRA GRIS,LADRILLO,POTABLE,21.0,21223000.0
2024-05-26,Diego Martinez,PLAN 36-60,SANTIAGO DEL ESTERO,55.9,MINIMALISTA,E.E,OBRA GRIS,PIEDRA NATURAL,POTABLE,439.0,16123000.0
2024-10-13,Diego Lopez,PLAN 36-60,LA PLATA,70.6,AMERICANA,E.E,LLAVE EN MANO,LADRILLO,POTABLE,732.0,28433000.0
2025-10-15,Maria Garcia,PLAN 36-60,CARLOS PAZ,32.8,AMERICANA,W.F,LLAVE EN MANO,LADRILLO,NO LE INTERESA,53.0,15092000.0
2024-02-22,Maria Martinez,CONTADO,ALTA GRACIA,70.2,AMERICANA,W.F,OBRA GRIS,LADRILLO,NO LE INTERESA,48.0,22454000.0
2024-10-30,Lucia Lopez,CONTADO,MENDIOLAZA,85.6,MINIMALISTA,E.E,OBRA GRIS,MADERA,POTABLE,32.0,24295000.0
2024-03-09,Elena Sanchez,PLAN 36-60,MENDIOLAZA,60.2,AMERICANA,E.E,LLAVE EN MANO,PIEDRA NATURAL,POTABLE,45.0,23387000.0
2024-12-26,Carla Perez,PLAN 36-60,CARLOS PAZ,42.8,CABAÑA,W.F,LLAVE EN MANO,LADRILLO,NO LE INTERESA,40.0,18989000.0
2025-08-24,Jorge Garcia,CONTADO,CARLOS PAZ,57.9,MINIMALISTA,E.E,OBRA GRIS,PIEDRA NATURAL,NO LE INTERESA,51.0,16049000.0
2024-08-07,Ana Garcia,NO SABE,CARLOS PAZ,41.8,AMERICANA,S.F,LLAVE EN MANO,PIEDRA NATURAL,NO LE INTERESA,52.0,21185000.0
2025-12-04,Carla Romero,NO SABE,MENDIOLAZA,38.5,MINIMALISTA,S.F,LLAVE EN MANO,PIEDRA NATURAL,NO LE INTERESA,26.0,19095000.0
2025-07-28,Maria Rodriguez,FINANCIACION PROPIA,BUENOS AIRES,68.7,AMERICANA,S.F,OBRA GRIS,MADERA,POTABLE,669.0,26236000.0
2025-08-07,Carla Rodriguez,FINANCIACION PROPIA,CARLOS PAZ,,CABAÑA,W.F,LLAVE EN MANO,PIEDRA NATURAL,POTABLE,54.0,24398000.0
2024-06-09,Lucia Martinez,CONTADO,MENDIOLAZA,79.1,MINIMALISTA,E.E,OBRA GRIS,PIEDRA NATURAL,VENDIDO,31.0,22163000.0
2025-11-11,Luis Romero,NO SABE,LA PLATA,46.2,AMERICANA,W.F,LLAVE EN MANO,LADRILLO,VENDIDO,710.0,21328000.0
2024-03-29,Lucia Martinez,PLAN 36-60,ALTA GRACIA,48.2,AMERICANA,W.F,OBRA GRIS,LADRILLO,NO LE INTERESA,47.0,15862000.0
2025-11-18,Carla Martinez,,CÓRDOBA CAPITAL,43.7,CABAÑA,E.E,OBRA GRIS,MADERA,NO LE INTERESA,20.0,12544000.0
2026-02-19,Juan Martinez,FINANCIACION PROPIA,BUENOS AIRES,32.6,CABAÑA,W.F,OBRA GRIS,PIEDRA NATURAL,VENDIDO,738.0,11563000.0
2025-08-07,Diego Romero,CONTADO,ALTA GRACIA,,AMERICANA,S.F,OBRA GRIS,MADERA,NO LE INTERESA,59.0,24367000.0
2026-01-26,Jorge Rodriguez,PLAN 36-60,CARLOS PAZ,98.7,AMERICANA,E.E,OBRA GRIS,PIEDRA NATURAL,POTABLE,53.0,27874000.0
2025-08-11,Juan Martinez,CONTADO,ALTA GRACIA,47.4,MINIMALISTA,S.F,LLAVE EN MANO,MADERA,NO LE INTERESA,59.0,22741000.0
2024-06-07,Luis Rodriguez,PLAN 36-60,CARLOS PAZ,41.4,MINIMALISTA,S.F,LLAVE EN MANO,PIEDRA NATURAL,VENDIDO,31.0,21227000.0
2025-05-03,Juan Gonzalez,PLAN 36-60,ALTA GRACIA,40.1,AMERICANA,E.E,OBRA GRIS,,NO LE INTERESA,53.0,11453000.0
2024-11-19,Carla Lopez,PLAN 36-60,SANTIAGO DEL ESTERO,41.4,CABAÑA,S.F,OBRA GRIS,MADERA,NO LE INTERESA,423.0,14810000.0
2025-09-01,Diego Perez,CONTADO,ALTA GRACIA,88.0,MINIMALISTA,S.F,OBRA GRIS,LADRILLO,NO LE INTERESA,40.0,29983000.0
2025-01-15,Carla Martinez,PLAN 36-60,CÓRDOBA CAPITAL,40.6,AMERICANA,S.F,OBRA GRIS,PIEDRA NATURAL,POTABLE,25.0,14556000.0
2024-04-11,Pedro Gonzalez,PLAN 36-60,CÓRDOBA CAPITAL,43.3,CABAÑA,E.E,OBRA GRIS,MADERA,POTABLE,15.0,12399000.0
2025-05-08,Pedro Rodriguez,CONTADO,BUENOS AIRES,30.2,CABAÑA,E.E,LLAVE EN MANO,LADRILLO,VENDIDO,752.0,13092000.0
2025-10-05,Jorge Garcia,NO SABE,ALTA GRACIA,60.9,AMERICANA,E.E,OBRA GRIS,LADRILLO,NO LE INTERESA,36.0,17302000.0
2025-09-05,Carla Gonzalez,PLAN 36-60,MENDIOLAZA,53.7,AMERICANA,W.F,LLAVE EN MANO,LADRILLO,POTABLE,40.0,24520000.0
2024-01-19,Carla Martinez,FINANCIACION PROPIA,MENDIOLAZA,32.3,MINIMALISTA,S.F,OBRA GRIS,PIEDRA NATURAL,VENDIDO,23.0,11181000.0
2025-03-29,Ana Martinez,CONTADO,MENDIOLAZA,37.1,AMERICANA,W.F,OBRA GRIS,MADERA,NO LE INTERESA,24.0,12506000.0
2025-04-26,Maria Rodriguez,CONTADO,ALTA GRACIA,85.7,MINIMALISTA,W.F,LLAVE EN MANO,LADRILLO,NO LE INTERESA,47.0,38624000.0
2025-08-16,Ana Romero,CONTADO,MENDIOLAZA,55.7,CABAÑA,S.F,OBRA GRIS,PIEDRA NATURAL,NO LE INTERESA,30.0,18603000.0
2025-01-31,Elena Rodriguez,PLAN 36-60,LA PLATA,57.0,MINIMALISTA,E.E,OBRA GRIS,PIEDRA NATURAL,POTABLE,759.0,16839000.0
2024-10-05,Jorge Perez,CONTADO,ALTA GRACIA,57.1,AMERICANA,W.F,LLAVE EN MANO,PIEDRA NATURAL,NO LE INTERESA,59.0,24874000.0
2024-12-30,Juan Gonzalez,PLAN 36-60,CÓRDOBA CAPITAL,82.9,MINIMALISTA,E.E,LLAVE EN MANO,MADERA,VENDIDO,21.0,32084000.0
2024-11-26,Maria Sanchez,CONTADO,BUENOS AIRES,34.1,CABAÑA,E.E,OBRA GRIS,PIEDRA NATURAL,POTABLE,689.0,10696000.0
2025-10-02,Maria Lopez,CONTADO,MENDIOLAZA,47.1,CABAÑA,S.F,LLAVE EN MANO,PIEDRA NATURAL,NO LE INTERESA,24.0,22012000.0
2024-12-09,Carla Sanchez,PLAN 36-60,SANTIAGO DEL ESTERO,51.6,AMERICANA,W.F,OBRA GRIS,MADERA,POTABLE,442.0,17918000.0
2025-03-30,Diego Gonzalez,NO SABE,MENDIOLAZA,20.6,MINIMALISTA,W.F,LLAVE EN MANO,MADERA,POTABLE,31.0,9436000.0
2025-08-23,Pedro Lopez,CONTADO,CÓRDOBA CAPITAL,36.7,AMERICANA,E.E,OBRA GRIS,PIEDRA NATURAL,POTABLE,20.0,10095000.0
2025-12-25,Jorge Gonzalez,FINANCIACION PROPIA,LA PLATA,75.9,AMERICANA,S.F,LLAVE EN MANO,PIEDRA NATURAL,NO LE INTERESA,737.0,37573000.0
2025-10-16,Luis Lopez,FINANCIACION PROPIA,ALTA GRACIA,70.2,CABAÑA,W.F,OBRA GRIS,LADRILLO,NO LE INTERESA,54.0,22608000.0
2024-03-05,Ana Garcia,PLAN 36-60,MENDIOLAZA,73.7,MINIMALISTA,E.E,LLAVE EN MANO,MADERA,NO LE INTERESA,22.0,28195000.0
2024-03-16,Lucia Martinez,FINANCIACION PROPIA,SANTIAGO DEL ESTERO,43.2,AMERICANA,E.E,LLAVE EN MANO,MADERA,NO LE INTERESA,456.0,16745000.0
2025-12-11,Ana Martinez,NO SABE,BUENOS AIRES,45.7,CABAÑA,E.E,OBRA GRIS,LADRILLO,POTABLE,722.0,13222000.0
2024-05-22,Maria Garcia,CONTADO,CÓRDOBA CAPITAL,20.0,AMERICANA,S.F,OBRA GRIS,PIEDRA NATURAL,POTABLE,10.0,6915000.0
2025-08-27,Pedro Martinez,PLAN 36-60,BUENOS AIRES,73.6,MINIMALISTA,S.F,OBRA GRIS,PIEDRA NATURAL,POTABLE,743.0,25865000.0
2025-04-17,Diego Rodriguez,PLAN 36-60,BUENOS AIRES,76.9,AMERICANA,E.E,LLAVE EN MANO,PIEDRA NATURAL,NO LE INTERESA,722.0,29736000.0
2025-02-20,Lucia Romero,PLAN 36-60,SANTIAGO DEL ESTERO,76.7,MINIMALISTA,E.E,OBRA GRIS,PIEDRA NATURAL,NO LE INTERESA,465.0,22970000.0
2024-10-31,Ana Sanchez,CONTADO,CARLOS PAZ,87.1,CABAÑA,S.F,OBRA GRIS,LADRILLO,NO LE INTERESA,42.0,29858000.0
2026-01-05,Diego Rodriguez,NO SABE,CÓRDOBA CAPITAL,63.4,CABAÑA,E.E,LLAVE EN MANO,MADERA,NO LE INTERESA,28.0,24903000.0
2025-05-11,Juan Romero,,CARLOS PAZ,86.1,AMERICANA,E.E,LLAVE EN MANO,MADERA,POTABLE,47.0,32737000.0
2024-10-17,Carla Perez,CONTADO,SANTIAGO DEL ESTERO,51.0,CABAÑA,S.F,OBRA GRIS,PIEDRA NATURAL,NO LE INTERESA,438.0,17668000.0
2024-04-11,Carla Romero,CONTADO,ALTA GRACIA,20.0,AMERICANA,E.E,OBRA GRIS,LADRILLO,POTABLE,41.0,5800000.0
2024-09-23,Maria Romero,NO SABE,ALTA GRACIA,72.2,AMERICANA,E.E,LLAVE EN MANO,PIEDRA NATURAL,VENDIDO,37.0,27294000.0
2025-09-13,Luis Romero,CONTADO,ALTA GRACIA,20.0,MINIMALISTA,E.E,LLAVE EN MANO,PIEDRA NATURAL,POTABLE,39.0,7524000.0
2026-02-15,Luis Rodriguez,PLAN 36-60,BUENOS AIRES,58.4,AMERICANA,S.F,OBRA GRIS,LADRILLO,POTABLE,759.0,21767000.0
2024-01-03,Ana Martinez,CONTADO,CARLOS PAZ,74.1,MINIMALISTA,S.F,LLAVE EN MANO,LADRILLO,NO LE INTERESA,40.0,34600000.0
2024-03-25,Jorge Garcia,CONTADO,BUENOS AIRES,61.5,AMERICANA,S.F,LLAVE EN MANO,MADERA,POTABLE,750.0,31061000.0
2024-11-23,Carla Lopez,CONTADO,ALTA GRACIA,100.6,MINIMALISTA,W.F,OBRA GRIS,MADERA,POTABLE,39.0,31766000.0
2025-03-25,Jorge Martinez,CONTADO,BUENOS AIRES,20.0,CABAÑA,W.F,OBRA GRIS,PIEDRA NATURAL,NO LE INTERESA,703.0,7359000.0
2025-03-29,Juan Rodriguez,CONTADO,LA PLATA,,AMERICANA,W.F,OBRA GRIS,PIEDRA NATURAL,POTABLE,806.0,17460000.0
2025-09-20,Juan Romero,PLAN 36-60,CÓRDOBA CAPITAL,55.3,MINIMALISTA,W.F,LLAVE EN MANO,MADERA,POTABLE,7.0,26098000.0
2024-08-08,Jorge Romero,PLAN 36-60,CÓRDOBA CAPITAL,28.1,AMERICANA,S.F,OBRA GRIS,LADRILLO,POTABLE,20.0,9882000.0
2024-06-02,Elena Martinez,CONTADO,BUENOS AIRES,31.9,MINIMALISTA,E.E,LLAVE EN MANO,PIEDRA NATURAL,NO LE INTERESA,752.0,13732000.0
2025-10-26,Carla Rodriguez,FINANCIACION PROPIA,SANTIAGO DEL ESTERO,38.1,MINIMALISTA,S.F,LLAVE EN MANO,PIEDRA NATURAL,POTABLE,495.0,19734000.0
2024-01-12,Carla Garcia,PLAN 36-60,MENDIOLAZA,33.0,AMERICANA,W.F,LLAVE EN MANO,LADRILLO,POTABLE,41.0,15382000.0
2024-05-12,Pedro Garcia,PLAN 36-60,CARLOS PAZ,52.8,AMERICANA,S.F,LLAVE EN MANO,PIEDRA NATURAL,NO LE INTERESA,51.0,26229000.0
2024-10-30,Maria Lopez,PLAN 36-60,CÓRDOBA CAPITAL,42.9,CABAÑA,E.E,OBRA GRIS,LADRILLO,NO LE INTERESA,21.0,12359000.0
2024-10-19,Luis Lopez,PLAN 36-60,BUENOS AIRES,61.4,CABAÑA,W.F,LLAVE EN MANO,MADERA,NO LE INTERESA,682.0,28555000.0
2024-10-26,Maria Sanchez,NO SABE,CARLOS PAZ,68.0,CABAÑA,E.E,OBRA GRIS,MADERA,POTABLE,48.0,18866000.0
2026-01-09,Elena Sanchez,PLAN 36-60,SANTIAGO DEL ESTERO,66.6,AMERICANA,E.E,LLAVE EN MANO,MADERA,POTABLE,498.0,27722000.0
2026-02-21,Jorge Sanchez,CONTADO,ALTA GRACIA,46.8,CABAÑA,E.E,LLAVE EN MANO,MADERA,NO LE INTERESA,48.0,19090000.0
2024-02-12,Luis Sanchez,FINANCIACION PROPIA,MENDIOLAZA,60.7,MINIMALISTA,W.F,OBRA GRIS,MADERA,NO LE INTERESA,27.0,18877000.0
2024-12-08,Ana Martinez,CONTADO,SANTIAGO DEL ESTERO,75.7,AMERICANA,S.F,OBRA GRIS,PIEDRA NATURAL,NO LE INTERESA,457.0,27296000.0
2024-11-21,Ana Sanchez,CONTADO,LA PLATA,63.9,MINIMALISTA,W.F,OBRA GRIS,MADERA,POTABLE,779.0,22144000.0
2025-05-12,Elena Romero,PLAN 36-60,ALTA GRACIA,92.2,MINIMALISTA,W.F,OBRA GRIS,PIEDRA NATURAL,POTABLE,40.0,28510000.0
2024-12-29,Elena Gonzalez,FINANCIACION PROPIA,ALTA GRACIA,74.6,MINIMALISTA,S.F,OBRA GRIS,PIEDRA NATURAL,VENDIDO,53.0,27315000.0
2025-03-02,Elena Perez,CONTADO,ALTA GRACIA,89.4,AMERICANA,S.F,OBRA GRIS,LADRILLO,NO LE INTERESA,50.0,31428000.0
2024-01-21,Elena Rodriguez,FINANCIACION PROPIA,SANTIAGO DEL ESTERO,20.0,AMERICANA,S.F,LLAVE EN MANO,PIEDRA NATURAL,POTABLE,461.0,10644000.0
2025-02-10,Elena Garcia,CONTADO,LA PLATA,56.9,CABAÑA,S.F,OBRA GRIS,PIEDRA NATURAL,POTABLE,741.0,20350000.0
2025-09-10,Luis Perez,CONTADO,MENDIOLAZA,48.5,CABAÑA,E.E,LLAVE EN MANO,MADERA,NO LE INTERESA,24.0,18599000.0
2024-12-01,Maria Romero,NO SABE,CARLOS PAZ,52.5,CABAÑA,W.F,LLAVE EN MANO,MADERA,POTABLE,46.0,22836000.0
2024-04-26,Jorge Sanchez,PLAN 36-60,SANTIAGO DEL ESTERO,38.9,CABAÑA,W.F,OBRA GRIS,LADRILLO,NO LE INTERESA,459.0,12902000.0
2024-05-03,Elena Romero,FINANCIACION PROPIA,CÓRDOBA CAPITAL,62.9,MINIMALISTA,W.F,LLAVE EN MANO,LADRILLO,NO LE INTERESA,13.0,28353000.0
2025-02-02,Carla Garcia,FINANCIACION PROPIA,CÓRDOBA CAPITAL,20.0,AMERICANA,S.F,LLAVE EN MANO,PIEDRA NATURAL,POTABLE,12.0,10146000.0
2025-12-15,Carla Sanchez,NO SABE,SANTIAGO DEL ESTERO,63.1,CABAÑA,W.F,OBRA GRIS,LADRILLO,POTABLE,435.0,21041000.0
2024-02-20,Diego Romero,CONTADO,CARLOS PAZ,39.6,MINIMALISTA,E.E,OBRA GRIS,MADERA,POTABLE,42.0,10866000.0
2026-02-21,Jorge Lopez,CONTADO,CÓRDOBA CAPITAL,45.0,AMERICANA,W.F,LLAVE EN MANO,MADERA,VENDIDO,29.0,19404000.0
2024-11-19,Lucia Gonzalez,FINANCIACION PROPIA,CARLOS PAZ,,AMERICANA,W.F,OBRA GRIS,MADERA,NO LE INTERESA,49.0,20869000.0
2026-02-27,Juan Martinez,PLAN 36-60,ALTA GRACIA,56.6,AMERICANA,E.E,OBRA GRIS,,NO LE INTERESA,56.0,15805000.0
2024-05-20,Diego Lopez,PLAN 36-60,SANTIAGO DEL ESTERO,76.1,MINIMALISTA,E.E,LLAVE EN MANO,PIEDRA NATURAL,NO LE INTERESA,451.0,31985000.0
2025-04-14,Lucia Sanchez,CONTADO,ALTA GRACIA,35.6,CABAÑA,W.F,OBRA GRIS,LADRILLO,VENDIDO,48.0,11858000.0
2026-02-25,Pedro Sanchez,CONTADO,CÓRDOBA CAPITAL,53.4,AMERICANA,S.F,OBRA GRIS,MADERA,VENDIDO,10.0,19282000.0
2024-11-29,Ana Martinez,PLAN 36-60,CARLOS PAZ,72.8,MINIMALISTA,S.F,OBRA GRIS,PIEDRA NATURAL,NO LE INTERESA,48.0,24306000.0
2025-01-07,Diego Romero,CONTADO,ALTA GRACIA,62.2,AMERICANA,W.F,LLAVE EN MANO,PIEDRA NATURAL,POTABLE,46.0,28890000.0
2025-07-17,Diego Perez,CONTADO,CÓRDOBA CAPITAL,63.5,MINIMALISTA,W.F,LLAVE EN MANO,LADRILLO,NO LE INTERESA,24.0,27787000.0
2025-05-08,Jorge Garcia,,BUENOS AIRES,77.2,CABAÑA,W.F,OBRA GRIS,MADERA,NO LE INTERESA,701.0,26132000.0
2025-06-22,Diego Romero,CONTADO,LA PLATA,46.9,CABAÑA,W.F,OBRA GRIS,MADERA,NO LE INTERESA,721.0,16098000.0
2025-10-30,Carla Garcia,FINANCIACION PROPIA,ALTA GRACIA,42.7,AMERICANA,S.F,OBRA GRIS,LADRILLO,NO LE INTERESA,39.0,15111000.0
2026-01-20,Juan Romero,FINANCIACION PROPIA,LA PLATA,66.5,CABAÑA,W.F,LLAVE EN MANO,LADRILLO,POTABLE,791.0,30022000.0
2024-06-04,Carla Rodriguez,CONTADO,LA PLATA,52.0,CABAÑA,E.E,LLAVE EN MANO,LADRILLO,POTABLE,736.0,21395000.0
2024-10-17,Lucia Garcia,CONTADO,MENDIOLAZA,77.4,MINIMALISTA,S.F,OBRA GRIS,LADRILLO,NO LE INTERESA,27.0,25874000.0
2025-10-09,Maria Romero,PLAN 36-60,CÓRDOBA CAPITAL,62.4,MINIMALISTA,S.F,OBRA GRIS,MADERA,POTABLE,28.0,20878000.0
2024-05-23,Carla Martinez,CONTADO,SANTIAGO DEL ESTERO,42.5,AMERICANA,E.E,LLAVE EN MANO,MADERA,NO LE INTERESA,466.0,17633000.0
2024-04-15,Elena Rodriguez,FINANCIACION PROPIA,CARLOS PAZ,61.8,MINIMALISTA,W.F,OBRA GRIS,LADRILLO,VENDIDO,33.0,20850000.0
2025-02-23,Maria Lopez,FINANCIACION PROPIA,BUENOS AIRES,36.9,CABAÑA,W.F,OBRA GRIS,PIEDRA NATURAL,NO LE INTERESA,674.0,13250000.0
2025-10-31,Diego Gonzalez,FINANCIACION PROPIA,CÓRDOBA CAPITAL,73.9,MINIMALISTA,W.F,LLAVE EN MANO,PIEDRA NATURAL,VENDIDO,12.0,33229000.0
2025-10-19,Luis Romero,PLAN 36-60,MENDIOLAZA,27.1,CABAÑA,W.F,OBRA GRIS,MADERA,NO LE INTERESA,35.0,8389000.0
2024-01-02,Diego Martinez,CONTADO,MENDIOLAZA,79.4,AMERICANA,W.F,OBRA GRIS,MADERA,NO LE INTERESA,39.0,24459000.0
2025-08-11,Jorge Martinez,PLAN 36-60,BUENOS AIRES,61.4,CABAÑA,E.E,LLAVE EN MANO,LADRILLO,NO LE INTERESA,687.0,24241000.0
2025-10-05,Elena Martinez,CONTADO,ALTA GRACIA,51.7,MINIMALISTA,W.F,OBRA GRIS,PIEDRA NATURAL,POTABLE,57.0,17529000.0
2024-03-30,Maria Lopez,CONTADO,CARLOS PAZ,70.3,MINIMALISTA,E.E,LLAVE EN MANO,MADERA,NO LE INTERESA,33.0,27327000.0
2024-12-10,Juan Garcia,CONTADO,MENDIOLAZA,65.2,MINIMALISTA,E.E,LLAVE EN MANO,PIEDRA NATURAL,POTABLE,25.0,26475000.0
2024-12-15,Diego Perez,PLAN 36-60,SANTIAGO DEL ESTERO,81.6,MINIMALISTA,E.E,LLAVE EN MANO,LADRILLO,VENDIDO,497.0,33404000.0
2025-04-03,Luis Lopez,CONTADO,CÓRDOBA CAPITAL,81.4,AMERICANA,W.F,OBRA GRIS,MADERA,POTABLE,8.0,26499000.0
2024-09-19,Diego Perez,CONTADO,SANTIAGO DEL ESTERO,62.0,CABAÑA,W.F,OBRA GRIS,MADERA,POTABLE,489.0,21624000.0
2024-12-16,Maria Lopez,PLAN 36-60,ALTA GRACIA,37.6,MINIMALISTA,S.F,OBRA GRIS,PIEDRA NATURAL,NO LE INTERESA,53.0,12883000.0
2024-04-17,Juan Romero,NO SABE,CÓRDOBA CAPITAL,44.2,CABAÑA,S.F,OBRA GRIS,PIEDRA NATURAL,NO LE INTERESA,7.0,15411000.0
2025-08-08,Lucia Rodriguez,CONTADO,ALTA GRACIA,53.6,AMERICANA,E.E,LLAVE EN MANO,MADERA,POTABLE,47.0,21851000.0
2024-02-08,Diego Lopez,PLAN 36-60,CARLOS PAZ,76.6,CABAÑA,S.F,LLAVE EN MANO,PIEDRA NATURAL,POTABLE,43.0,37793000.0
2024-06-07,Jorge Perez,,CARLOS PAZ,45.9,MINIMALISTA,E.E,LLAVE EN MANO,PIEDRA NATURAL,NO LE INTERESA,53.0,17614000.0
2025-08-05,Maria Rodriguez,NO SABE,SANTIAGO DEL ESTERO,47.5,CABAÑA,S.F,OBRA GRIS,LADRILLO,NO LE INTERESA,442.0,16785000.0
2024-11-07,Jorge Rodriguez,CONTADO,SANTIAGO DEL ESTERO,92.0,MINIMALISTA,W.F,LLAVE EN MANO,,POTABLE,445.0,43207000.0
2024-08-28,Lucia Perez,FINANCIACION PROPIA,CARLOS PAZ,52.9,MINIMALISTA,W.F,LLAVE EN MANO,,NO LE INTERESA,33.0,22733000.0
2025-03-20,Jorge Martinez,CONTADO,LA PLATA,42.3,AMERICANA,E.E,OBRA GRIS,LADRILLO,POTABLE,774.0,13544000.0
2024-10-24,Ana Sanchez,FINANCIACION PROPIA,CARLOS PAZ,70.5,AMERICANA,E.E,OBRA GRIS,MADERA,POTABLE,35.0,18839000.0
2024-02-05,Maria Perez,CONTADO,BUENOS AIRES,53.9,CABAÑA,W.F,LLAVE EN MANO,LADRILLO,VENDIDO,668.0,25632000.0
2024-03-24,Elena Garcia,CONTADO,CÓRDOBA CAPITAL,27.2,CABAÑA,W.F,OBRA GRIS,LADRILLO,POTABLE,30.0,8896000.0
2025-03-27,Elena Gonzalez,CONTADO,BUENOS AIRES,75.8,MINIMALISTA,W.F,OBRA GRIS,PIEDRA NATURAL,POTABLE,687.0,25638000.0
2026-02-13,Ana Rodriguez,CONTADO,ALTA GRACIA,40.1,MINIMALISTA,S.F,OBRA GRIS,PIEDRA NATURAL,VENDIDO,39.0,14057000.0
2025-01-19,Elena Lopez,FINANCIACION PROPIA,CARLOS PAZ,55.9,MINIMALISTA,S.F,LLAVE EN MANO,MADERA,NO LE INTERESA,47.0,28429000.0
2024-06-20,Lucia Rodriguez,PLAN 36-60,CARLOS PAZ,53.6,MINIMALISTA,S.F,LLAVE EN MANO,PIEDRA NATURAL,POTABLE,51.0,26760000.0
2025-01-10,Lucia Garcia,PLAN 36-60,MENDIOLAZA,,AMERICANA,S.F,LLAVE EN MANO,LADRILLO,NO LE INTERESA,22.0,30061000.0
2025-11-15,Juan Martinez,NO SABE,ALTA GRACIA,20.0,MINIMALISTA,E.E,LLAVE EN MANO,PIEDRA NATURAL,NO LE INTERESA,38.0,7593000.0
2024-12-27,Diego Garcia,PLAN 36-60,MENDIOLAZA,48.3,AMERICANA,E.E,LLAVE EN MANO,MADERA,POTABLE,22.0,18113000.0
2025-07-12,Luis Rodriguez,NO SABE,ALTA GRACIA,77.5,CABAÑA,S.F,LLAVE EN MANO,LADRILLO,NO LE INTERESA,36.0,36236000.0
2024-05-20,Diego Lopez,CONTADO,BUENOS AIRES,80.3,CABAÑA,E.E,LLAVE EN MANO,MADERA,NO LE INTERESA,726.0,31418000.0
2024-04-27,Maria Garcia,NO SABE,CÓRDOBA CAPITAL,35.2,AMERICANA,S.F,LLAVE EN MANO,PIEDRA NATURAL,NO LE INTERESA,20.0,17567000.0
2024-10-03,Jorge Lopez,CONTADO,ALTA GRACIA,73.4,MINIMALISTA,S.F,OBRA GRIS,LADRILLO,NO LE INTERESA,52.0,25753000.0
2025-12-26,Lucia Lopez,PLAN 36-60,SANTIAGO DEL ESTERO,39.8,CABAÑA,W.F,OBRA GRIS,MADERA,NO LE INTERESA,451.0,13832000.0
2024-08-07,Ana Lopez,PLAN 36-60,CARLOS PAZ,47.5,AMERICANA,S.F,LLAVE EN MANO,PIEDRA NATURAL,POTABLE,50.0,22630000.0
2024-01-26,Juan Gonzalez,PLAN 36-60,ALTA GRACIA,48.6,CABAÑA,E.E,OBRA GRIS,PIEDRA NATURAL,NO LE INTERESA,49.0,13499000.0
2025-06-04,Ana Garcia,PLAN 36-60,CÓRDOBA CAPITAL,57.2,MINIMALISTA,S.F,OBRA GRIS,MADERA,POTABLE,28.0,20841000.0
2026-02-21,Elena Romero,CONTADO,ALTA GRACIA,75.0,AMERICANA,W.F,LLAVE EN MANO,LADRILLO,NO LE INTERESA,47.0,35357000.0
2024-01-10,Lucia Romero,NO SABE,CARLOS PAZ,60.3,CABAÑA,E.E,LLAVE EN MANO,MADERA,NO LE INTERESA,50.0,24713000.0
2025-01-12,Lucia Lopez,NO SABE,LA PLATA,52.5,MINIMALISTA,W.F,LLAVE EN MANO,,NO LE INTERESA,751.0,25583000.0
2025-09-24,Carla Martinez,NO SABE,ALTA GRACIA,74.3,AMERICANA,S.F,OBRA GRIS,MADERA,NO LE INTERESA,46.0,26565000.0
2025-09-28,Diego Romero,NO SABE,SANTIAGO DEL ESTERO,38.9,AMERICANA,S.F,OBRA GRIS,PIEDRA NATURAL,NO LE INTERESA,485.0,14936000.0
2025-11-12,Jorge Gonzalez,FINANCIACION PROPIA,CARLOS PAZ,53.5,AMERICANA,S.F,LLAVE EN MANO,LADRILLO,POTABLE,33.0,26827000.0
2025-08-06,Jorge Romero,NO SABE,CÓRDOBA CAPITAL,74.9,AMERICANA,S.F,LLAVE EN MANO,MADERA,NO LE INTERESA,19.0,38397000.0
2024-05-31,Carla Rodriguez,,BUENOS AIRES,65.6,CABAÑA,E.E,OBRA GRIS,LADRILLO,NO LE INTERESA,733.0,18542000.0
2025-12-20,Elena Rodriguez,PLAN 36-60,BUENOS AIRES,45.7,AMERICANA,S.F,LLAVE EN MANO,MADERA,NO LE INTERESA,735.0,24486000.0
2024-02-18,Ana Gonzalez,FINANCIACION PROPIA,CARLOS PAZ,24.7,AMERICANA,W.F,LLAVE EN MANO,PIEDRA NATURAL,NO LE INTERESA,45.0,11265000.0
2024-06-02,Juan Garcia,NO SABE,MENDIOLAZA,61.2,AMERICANA,E.E,OBRA GRIS,LADRILLO,POTABLE,31.0,16515000.0
2024-10-19,Elena Gonzalez,FINANCIACION PROPIA,LA PLATA,23.4,AMERICANA,E.E,OBRA GRIS,PIEDRA NATURAL,POTABLE,736.0,7438000.0
2025-08-02,Pedro Gonzalez,PLAN 36-60,CÓRDOBA CAPITAL,50.7,AMERICANA,E.E,LLAVE EN MANO,MADERA,POTABLE,28.0,20618000.0
2024-02-19,Luis Garcia,CONTADO,LA PLATA,78.6,MINIMALISTA,W.F,OBRA GRIS,PIEDRA NATURAL,NO LE INTERESA,747.0,26446000.0
2025-10-25,Lucia Gonzalez,FINANCIACION PROPIA,BUENOS AIRES,66.9,CABAÑA,W.F,OBRA GRIS,MADERA,POTABLE,740.0,23745000.0
2025-06-14,Luis Garcia,NO SABE,LA PLATA,20.0,MINIMALISTA,W.F,LLAVE EN MANO,LADRILLO,VENDIDO,713.0,9700000.0
2025-09-03,Lucia Romero,CONTADO,SANTIAGO DEL ESTERO,59.0,CABAÑA,W.F,LLAVE EN MANO,PIEDRA NATURAL,NO LE INTERESA,423.0,26993000.0
2024-02-29,Juan Lopez,CONTADO,BUENOS AIRES,48.6,AMERICANA,S.F,LLAVE EN MANO,PIEDRA NATURAL,POTABLE,695.0,24439000.0
2024-06-15,Diego Garcia,CONTADO,ALTA GRACIA,29.5,CABAÑA,S.F,LLAVE EN MANO,MADERA,NO LE INTERESA,52.0,14556000.0
2024-07-20,Juan Gonzalez,PLAN 36-60,SANTIAGO DEL ESTERO,61.7,AMERICANA,W.F,LLAVE EN MANO,MADERA,NO LE INTERESA,432.0,28842000.0
2024-05-25,Jorge Perez,CONTADO,SANTIAGO DEL ESTERO,45.2,AMERICANA,W.F,LLAVE EN MANO,MADERA,POTABLE,404.0,21321000.0
2025-11-06,Elena Rodriguez,PLAN 36-60,MENDIOLAZA,45.3,MINIMALISTA,S.F,LLAVE EN MANO,LADRILLO,NO LE INTERESA,24.0,21124000.0
2025-03-14,Jorge Romero,NO SABE,SANTIAGO DEL ESTERO,57.5,MINIMALISTA,S.F,OBRA GRIS,PIEDRA NATURAL,NO LE INTERESA,426.0,19911000.0
2024-08-29,Carla Gonzalez,PLAN 36-60,CÓRDOBA CAPITAL,42.5,MINIMALISTA,W.F,LLAVE EN MANO,MADERA,POTABLE,9.0,18281000.0
2025-08-03,Luis Sanchez,CONTADO,ALTA GRACIA,56.9,CABAÑA,E.E,OBRA GRIS,MADERA,NO LE INTERESA,40.0,16575000.0
2025-11-17,Pedro Perez,NO SABE,ALTA GRACIA,43.1,CABAÑA,E.E,LLAVE EN MANO,PIEDRA NATURAL,VENDIDO,54.0,16659000.0
2025-07-14,Carla Sanchez,PLAN 36-60,BUENOS AIRES,44.2,MINIMALISTA,W.F,LLAVE EN MANO,LADRILLO,POTABLE,701.0,20698000.0
2025-04-27,Ana Gonzalez,CONTADO,CÓRDOBA CAPITAL,74.9,MINIMALISTA,E.E,LLAVE EN MANO,PIEDRA NATURAL,NO LE INTERESA,15.0,29237000.0
2024-04-17,Elena Perez,PLAN 36-60,SANTIAGO DEL ESTERO,76.9,AMERICANA,S.F,LLAVE EN MANO,,POTABLE,497.0,39769000.0
2024-08-13,Maria Romero,PLAN 36-60,SANTIAGO DEL ESTERO,20.8,CABAÑA,E.E,LLAVE EN MANO,PIEDRA NATURAL,NO LE INTERESA,445.0,8393000.0
2025-11-03,Pedro Garcia,FINANCIACION PROPIA,LA PLATA,69.9,AMERICANA,W.F,LLAVE EN MANO,MADERA,NO LE INTERESA,803.0,31468000.0
2025-09-22,Jorge Perez,NO SABE,BUENOS AIRES,83.0,CABAÑA,E.E,OBRA GRIS,MADERA,POTABLE,690.0,24724000.0
2025-10-22,Elena Rodriguez,CONTADO,BUENOS AIRES,86.1,MINIMALISTA,E.E,LLAVE EN MANO,PIEDRA NATURAL,NO LE INTERESA,700.0,36416000.0
2025-10-23,Jorge Martinez,CONTADO,LA PLATA,65.4,CABAÑA,E.E,LLAVE EN MANO,PIEDRA NATURAL,POTABLE,750.0,27144000.0
2025-03-07,Luis Rodriguez,CONTADO,MENDIOLAZA,33.9,CABAÑA,S.F,LLAVE EN MANO,LADRILLO,POTABLE,34.0,16264000.0
2025-10-16,Carla Gonzalez,FINANCIACION PROPIA,CARLOS PAZ,67.6,AMERICANA,S.F,OBRA GRIS,MADERA,NO LE INTERESA,45.0,23775000.0
2025-02-22,Jorge Gonzalez,FINANCIACION PROPIA,LA PLATA,37.6,MINIMALISTA,S.F,OBRA GRIS,MADERA,POTABLE,735.0,14940000.0
2025-03-30,Luis Romero,PLAN 36-60,ALTA GRACIA,48.1,MINIMALISTA,W.F,LLAVE EN MANO,MADERA,NO LE INTERESA,55.0,21827000.0
2024-06-08,Juan Gonzalez,CONTADO,CÓRDOBA CAPITAL,62.7,MINIMALISTA,E.E,LLAVE EN MANO,MADERA,NO LE INTERESA,17.0,24293000.0
2025-06-06,Elena Garcia,NO SABE,SANTIAGO DEL ESTERO,38.9,AMERICANA,S.F,LLAVE EN MANO,MADERA,POTABLE,401.0,19433000.0
2025-10-11,Elena Perez,NO SABE,CARLOS PAZ,32.1,AMERICANA,S.F,LLAVE EN MANO,PIEDRA NATURAL,POTABLE,45.0,16534000.0
2025-08-12,Carla Sanchez,CONTADO,LA PLATA,64.3,AMERICANA,E.E,LLAVE EN MANO,MADERA,NO LE INTERESA,790.0,26968000.0
2024-03-17,Luis Garcia,FINANCIACION PROPIA,BUENOS AIRES,92.3,CABAÑA,W.F,OBRA GRIS,PIEDRA NATURAL,POTABLE,685.0,31324000.0
2025-05-23,Carla Rodriguez,PLAN 36-60,CARLOS PAZ,79.9,CABAÑA,E.E,LLAVE EN MANO,LADRILLO,POTABLE,31.0,30527000.0
2025-03-16,Luis Perez,CONTADO,CÓRDOBA CAPITAL,69.1,AMERICANA,W.F,OBRA GRIS,MADERA,POTABLE,25.0,22420000.0
2024-09-10,Elena Sanchez,CONTADO,CÓRDOBA CAPITAL,74.6,AMERICANA,E.E,OBRA GRIS,LADRILLO,NO LE INTERESA,29.0,20632000.0
2026-02-08,Diego Sanchez,CONTADO,BUENOS AIRES,67.8,MINIMALISTA,S.F,LLAVE EN MANO,PIEDRA NATURAL,VENDIDO,668.0,33335000.0
2024-11-15,Maria Sanchez,CONTADO,CARLOS PAZ,64.0,CABAÑA,S.F,OBRA GRIS,PIEDRA NATURAL,POTABLE,53.0,23369000.0
2024-09-19,Pedro Martinez,PLAN 36-60,CARLOS PAZ,73.0,CABAÑA,S.F,LLAVE EN MANO,LADRILLO,POTABLE,39.0,35410000.0
2025-08-19,Carla Lopez,CONTADO,MENDIOLAZA,27.6,MINIMALISTA,W.F,OBRA GRIS,MADERA,NO LE INTERESA,44.0,8759000.0
2025-10-19,Maria Martinez,CONTADO,CARLOS PAZ,59.0,MINIMALISTA,E.E,LLAVE EN MANO,PIEDRA NATURAL,VENDIDO,46.0,24198000.0
2025-07-07,Luis Lopez,,SANTIAGO DEL ESTERO,53.4,MINIMALISTA,W.F,LLAVE EN MANO,,POTABLE,489.0,24055000.0
2025-01-08,Elena Garcia,CONTADO,ALTA GRACIA,56.6,AMERICANA,S.F,LLAVE EN MANO,PIEDRA NATURAL,NO LE INTERESA,55.0,28499000.0
2025-09-28,Pedro Lopez,FINANCIACION PROPIA,LA PLATA,45.8,AMERICANA,W.F,LLAVE EN MANO,PIEDRA NATURAL,NO LE INTERESA,713.0,22048000.0
2024-06-15,Carla Gonzalez,PLAN 36-60,BUENOS AIRES,65.4,AMERICANA,W.F,OBRA GRIS,PIEDRA NATURAL,VENDIDO,667.0,22987000.0
2026-01-22,Carla Sanchez,PLAN 36-60,LA PLATA,38.6,AMERICANA,W.F,OBRA GRIS,PIEDRA NATURAL,POTABLE,763.0,14024000.0
2025-04-03,Pedro Sanchez,NO SABE,LA PLATA,44.3,AMERICANA,E.E,OBRA GRIS,LADRILLO,VENDIDO,723.0,13765000.0
2024-10-06,Luis Romero,CONTADO,CARLOS PAZ,41.9,CABAÑA,W.F,LLAVE EN MANO,MADERA,NO LE INTERESA,42.0,18600000.0
2025-11-30,Ana Rodriguez,PLAN 36-60,BUENOS AIRES,72.3,CABAÑA,W.F,LLAVE EN MANO,MADERA,VENDIDO,755.0,33710000.0
2024-10-28,Maria Martinez,CONTADO,CARLOS PAZ,54.8,CABAÑA,W.F,OBRA GRIS,MADERA,NO LE INTERESA,37.0,18488000.0
2025-06-14,Maria Lopez,FINANCIACION PROPIA,MENDIOLAZA,45.8,MINIMALISTA,S.F,LLAVE EN MANO,MADERA,NO LE INTERESA,32.0,21418000.0
2025-08-02,Ana Martinez,FINANCIACION PROPIA,CARLOS PAZ,47.5,CABAÑA,S.F,LLAVE EN MANO,LADRILLO,NO LE INTERESA,40.0,24022000.0
2024-08-05,Elena Garcia,CONTADO,MENDIOLAZA,55.1,MINIMALISTA,E.E,OBRA GRIS,LADRILLO,NO LE INTERESA,36.0,15098000.0
2024-04-11,Elena Perez,PLAN 36-60,MENDIOLAZA,87.4,CABAÑA,S.F,LLAVE EN MANO,,NO LE INTERESA,25.0,41513000.0
2025-07-07,Jorge Martinez,CONTADO,SANTIAGO DEL ESTERO,30.3,AMERICANA,E.E,OBRA GRIS,PIEDRA NATURAL,NO LE INTERESA,426.0,8879000.0
2024-10-14,Jorge Lopez,NO SABE,SANTIAGO DEL ESTERO,68.5,CABAÑA,S.F,LLAVE EN MANO,MADERA,NO LE INTERESA,486.0,32784000.0
2024-06-15,Jorge Perez,CONTADO,SANTIAGO DEL ESTERO,64.4,AMERICANA,E.E,LLAVE EN MANO,PIEDRA NATURAL,VENDIDO,481.0,27244000.0
2025-09-12,Luis Lopez,FINANCIACION PROPIA,SANTIAGO DEL ESTERO,37.3,AMERICANA,E.E,OBRA GRIS,PIEDRA NATURAL,POTABLE,479.0,11575000.0
2024-02-05,Luis Sanchez,CONTADO,CÓRDOBA CAPITAL,84.3,CABAÑA,E.E,OBRA GRIS,LADRILLO,NO LE INTERESA,24.0,23690000.0
2026-01-13,Pedro Gonzalez,PLAN 36-60,SANTIAGO DEL ESTERO,65.8,CABAÑA,S.F,OBRA GRIS,PIEDRA NATURAL,NO LE INTERESA,446.0,24209000.0
2026-01-10,Luis Rodriguez,NO SABE,SANTIAGO DEL ESTERO,44.8,AMERICANA,W.F,OBRA GRIS,LADRILLO,NO LE INTERESA,473.0,15221000.0
2024-12-18,Jorge Sanchez,FINANCIACION PROPIA,SANTIAGO DEL ESTERO,20.0,MINIMALISTA,S.F,OBRA GRIS,MADERA,NO LE INTERESA,439.0,7897000.0
2025-11-06,Diego Perez,CONTADO,MENDIOLAZA,59.6,MINIMALISTA,W.F,LLAVE EN MANO,LADRILLO,NO LE INTERESA,23.0,27830000.0
2024-03-13,Carla Gonzalez,,LA PLATA,54.1,CABAÑA,S.F,OBRA GRIS,PIEDRA NATURAL,NO LE INTERESA,749.0,19523000.0
2025-10-09,Ana Romero,CONTADO,BUENOS AIRES,34.4,AMERICANA,W.F,LLAVE EN MANO,,NO LE INTERESA,676.0,16455000.0
2024-12-18,Maria Romero,PLAN 36-60,LA PLATA,34.1,MINIMALISTA,S.F,LLAVE EN MANO,PIEDRA NATURAL,VENDIDO,749.0,18073000.0
2024-03-10,Juan Romero,CONTADO,LA PLATA,72.4,CABAÑA,E.E,OBRA GRIS,MADERA,NO LE INTERESA,740.0,22405000.0
2025-02-28,Elena Garcia,CONTADO,ALTA GRACIA,20.0,CABAÑA,E.E,OBRA GRIS,LADRILLO,NO LE INTERESA,50.0,5779000.0
2025-12-08,Pedro Gonzalez,PLAN 36-60,CÓRDOBA CAPITAL,61.3,AMERICANA,E.E,LLAVE EN MANO,MADERA,POTABLE,14.0,25007000.0
2026-02-19,Carla Martinez,CONTADO,MENDIOLAZA,51.3,MINIMALISTA,W.F,OBRA GRIS,LADRILLO,POTABLE,38.0,17149000.0
2025-07-14,Diego Sanchez,PLAN 36-60,CARLOS PAZ,64.9,CABAÑA,W.F,OBRA GRIS,MADERA,NO LE INTERESA,43.0,21134000.0
2025-10-03,Maria Rodriguez,,MENDIOLAZA,49.1,MINIMALISTA,E.E,LLAVE EN MANO,MADERA,NO LE INTERESA,43.0,20072000.0
2025-05-31,Maria Sanchez,CONTADO,SANTIAGO DEL ESTERO,60.9,CABAÑA,W.F,LLAVE EN MANO,PIEDRA NATURAL,POTABLE,409.0,27723000.0
2025-03-03,Maria Gonzalez,FINANCIACION PROPIA,LA PLATA,40.1,CABAÑA,E.E,OBRA GRIS,MADERA,POTABLE,779.0,12247000.0
2025-06-22,Jorge Perez,CONTADO,MENDIOLAZA,54.0,MINIMALISTA,S.F,LLAVE EN MANO,MADERA,POTABLE,37.0,27260000.0
2024-06-08,Luis Lopez,CONTADO,CÓRDOBA CAPITAL,64.8,MINIMALISTA,W.F,LLAVE EN MANO,LADRILLO,NO LE INTERESA,29.0,28186000.0
2024-05-28,Lucia Gonzalez,PLAN 36-60,SANTIAGO DEL ESTERO,58.0,AMERICANA,W.F,LLAVE EN MANO,MADERA,NO LE INTERESA,437.0,26281000.0
2026-02-14,Luis Garcia,PLAN 36-60,ALTA GRACIA,62.6,AMERICANA,S.F,LLAVE EN MANO,PIEDRA NATURAL,VENDIDO,43.0,31072000.0
2024-08-17,Carla Romero,PLAN 36-60,CARLOS PAZ,36.4,AMERICANA,W.F,LLAVE EN MANO,MADERA,POTABLE,34.0,16329000.0
2025-12-12,Ana Sanchez,CONTADO,SANTIAGO DEL ESTERO,43.2,AMERICANA,W.F,LLAVE EN MANO,LADRILLO,POTABLE,427.0,21002000.0
2025-07-15,Pedro Romero,CONTADO,BUENOS AIRES,43.5,MINIMALISTA,W.F,LLAVE EN MANO,LADRILLO,NO LE INTERESA,710.0,21623000.0
2024-03-07,Carla Rodriguez,FINANCIACION PROPIA,CARLOS PAZ,49.5,AMERICANA,S.F,LLAVE EN MANO,MADERA,POTABLE,51.0,24338000.0
2025-01-15,Lucia Garcia,NO SABE,MENDIOLAZA,82.2,MINIMALISTA,E.E,LLAVE EN MANO,MADERA,NO LE INTERESA,27.0,32389000.0
2024-02-27,Jorge Romero,CONTADO,SANTIAGO DEL ESTERO,47.9,CABAÑA,E.E,LLAVE EN MANO,LADRILLO,POTABLE,416.0,19837000.0
2024-09-15,Juan Rodriguez,PLAN 36-60,ALTA GRACIA,32.1,MINIMALISTA,S.F,OBRA GRIS,PIEDRA NATURAL,POTABLE,42.0,11250000.0
2024-12-07,Jorge Rodriguez,CONTADO,MENDIOLAZA,65.8,AMERICANA,S.F,OBRA GRIS,MADERA,NO LE INTERESA,23.0,22350000.0
2024-05-09,Pedro Rodriguez,CONTADO,CÓRDOBA CAPITAL,81.9,MINIMALISTA,S.F,OBRA GRIS,PIEDRA NATURAL,POTABLE,28.0,29416000.0
2025-12-27,Lucia Romero,CONTADO,CARLOS PAZ,29.8,MINIMALISTA,E.E,LLAVE EN MANO,PIEDRA NATURAL,POTABLE,52.0,12039000.0
2024-06-20,Maria Rodriguez,PLAN 36-60,CARLOS PAZ,94.5,MINIMALISTA,S.F,LLAVE EN MANO,MADERA,NO LE INTERESA,38.0,45180000.0
2026-02-08,Maria Romero,CONTADO,CÓRDOBA CAPITAL,63.3,MINIMALISTA,E.E,LLAVE EN MANO,PIEDRA NATURAL,POTABLE,11.0,25657000.0
2025-09-05,Juan Sanchez,NO SABE,BUENOS AIRES,75.7,MINIMALISTA,S.F,LLAVE EN MANO,LADRILLO,NO LE INTERESA,751.0,38654000.0
2024-07-27,Maria Rodriguez,PLAN 36-60,CARLOS PAZ,84.3,AMERICANA,W.F,LLAVE EN MANO,PIEDRA NATURAL,POTABLE,30.0,37044000.0
2024-12-19,Luis Gonzalez,CONTADO,MENDIOLAZA,74.5,MINIMALISTA,E.E,OBRA GRIS,LADRILLO,NO LE INTERESA,35.0,21230000.0
2025-04-15,Pedro Lopez,FINANCIACION PROPIA,LA PLATA,52.8,AMERICANA,E.E,LLAVE EN MANO,,VENDIDO,802.0,21317000.0
2024-04-25,Pedro Perez,CONTADO,BUENOS AIRES,79.4,CABAÑA,S.F,OBRA GRIS,PIEDRA NATURAL,NO LE INTERESA,711.0,28179000.0
2024-09-20,Ana Gonzalez,PLAN 36-60,CÓRDOBA CAPITAL,60.1,MINIMALISTA,W.F,OBRA GRIS,LADRILLO,NO LE INTERESA,5.0,20033000.0
2025-10-23,Pedro Rodriguez,CONTADO,ALTA GRACIA,76.8,CABAÑA,E.E,OBRA GRIS,LADRILLO,VENDIDO,40.0,22490000.0
2025-03-17,Pedro Martinez,CONTADO,BUENOS AIRES,79.0,AMERICANA,S.F,LLAVE EN MANO,,POTABLE,752.0,38869000.0
2025-07-01,Carla Romero,CONTADO,SANTIAGO DEL ESTERO,33.2,MINIMALISTA,W.F,OBRA GRIS,PIEDRA NATURAL,POTABLE,402.0,11777000.0
2025-03-28,Ana Romero,CONTADO,SANTIAGO DEL ESTERO,70.9,CABAÑA,E.E,LLAVE EN MANO,LADRILLO,POTABLE,439.0,27708000.0
2025-04-21,Pedro Martinez,,CÓRDOBA CAPITAL,51.4,AMERICANA,S.F,LLAVE EN MANO,LADRILLO,NO LE INTERESA,25.0,24258000.0
2024-10-13,Pedro Lopez,CONTADO,LA PLATA,57.8,CABAÑA,W.F,OBRA GRIS,MADERA,NO LE INTERESA,794.0,18928000.0
2024-10-29,Lucia Martinez,NO SABE,MENDIOLAZA,57.5,MINIMALISTA,E.E,OBRA GRIS,PIEDRA NATURAL,POTABLE,32.0,15732000.0
2024-11-06,Juan Rodriguez,CONTADO,ALTA GRACIA,56.7,MINIMALISTA,E.E,OBRA GRIS,PIEDRA NATURAL,NO LE INTERESA,41.0,15755000.0
2024-07-26,Elena Gonzalez,CONTADO,SANTIAGO DEL ESTERO,85.5,MINIMALISTA,W.F,LLAVE EN MANO,LADRILLO,POTABLE,460.0,40911000.0
2025-09-09,Maria Perez,NO SABE,SANTIAGO DEL ESTERO,27.7,AMERICANA,S.F,LLAVE EN MANO,PIEDRA NATURAL,VENDIDO,426.0,13846000.0
2025-03-21,Pedro Perez,PLAN 36-60,MENDIOLAZA,20.6,CABAÑA,S.F,OBRA GRIS,,VENDIDO,26.0,7151000.0
2025-10-31,Lucia Romero,PLAN 36-60,LA PLATA,20.0,AMERICANA,W.F,LLAVE EN MANO,PIEDRA NATURAL,VENDIDO,791.0,10441000.0
2025-09-24,Juan Garcia,CONTADO,CARLOS PAZ,76.4,CABAÑA,E.E,LLAVE EN MANO,PIEDRA NATURAL,NO LE INTERESA,34.0,29406000.0
2024-02-24,Juan Rodriguez,PLAN 36-60,BUENOS AIRES,39.5,AMERICANA,W.F,LLAVE EN MANO,PIEDRA NATURAL,POTABLE,661.0,19145000.0
2024-01-12,Maria Lopez,CONTADO,CÓRDOBA CAPITAL,57.6,MINIMALISTA,W.F,OBRA GRIS,PIEDRA NATURAL,NO LE INTERESA,13.0,18441000.0
2025-10-18,Diego Garcia,PLAN 36-60,LA PLATA,52.7,CABAÑA,W.F,OBRA GRIS,PIEDRA NATURAL,POTABLE,759.0,17558000.0
2025-02-03,Pedro Romero,NO SABE,LA PLATA,37.3,CABAÑA,E.E,OBRA GRIS,LADRILLO,NO LE INTERESA,781.0,11887000.0
2025-10-09,Jorge Rodriguez,PLAN 36-60,LA PLATA,72.0,CABAÑA,W.F,LLAVE EN MANO,LADRILLO,POTABLE,788.0,32049000.0
2025-05-29,Diego Martinez,CONTADO,LA PLATA,52.5,AMERICANA,W.F,OBRA GRIS,PIEDRA NATURAL,POTABLE,776.0,17694000.0
2025-10-17,Ana Martinez,PLAN 36-60,CARLOS PAZ,50.2,MINIMALISTA,E.E,LLAVE EN MANO,PIEDRA NATURAL,VENDIDO,46.0,19463000.0
2025-06-25,Carla Martinez,PLAN 36-60,MENDIOLAZA,59.7,CABAÑA,E.E,LLAVE EN MANO,MADERA,POTABLE,37.0,23360000.0
2024-08-24,Luis Garcia,PLAN 36-60,ALTA GRACIA,69.4,AMERICANA,W.F,LLAVE EN MANO,LADRILLO,POTABLE,42.0,31912000.0
2024-10-05,Diego Romero,PLAN 36-60,BUENOS AIRES,35.8,CABAÑA,S.F,LLAVE EN MANO,MADERA,NO LE INTERESA,698.0,18514000.0
2024-12-13,Luis Gonzalez,PLAN 36-60,LA PLATA,72.5,MINIMALISTA,W.F,OBRA GRIS,LADRILLO,NO LE INTERESA,772.0,24734000.0
2025-09-18,Diego Lopez,PLAN 36-60,BUENOS AIRES,84.0,CABAÑA,E.E,OBRA GRIS,MADERA,NO LE INTERESA,667.0,24755000.0
2024-04-13,Lucia Garcia,NO SABE,LA PLATA,26.5,MINIMALISTA,E.E,LLAVE EN MANO,MADERA,NO LE INTERESA,740.0,11352000.0
2025-09-21,Maria Lopez,FINANCIACION PROPIA,CÓRDOBA CAPITAL,60.6,AMERICANA,E.E,OBRA GRIS,MADERA,NO LE INTERESA,15.0,17728000.0
2025-05-31,Maria Rodriguez,CONTADO,SANTIAGO DEL ESTERO,48.9,AMERICANA,S.F,OBRA GRIS,LADRILLO,POTABLE,453.0,18606000.0
2024-09-04,Diego Martinez,FINANCIACION PROPIA,CARLOS PAZ,69.0,MINIMALISTA,E.E,OBRA GRIS,LADRILLO,NO LE INTERESA,42.0,19542000.0
2024-12-29,Maria Martinez,CONTADO,LA PLATA,30.7,MINIMALISTA,S.F,OBRA GRIS,PIEDRA NATURAL,NO LE INTERESA,782.0,11408000.0
2024-11-16,Maria Perez,FINANCIACION PROPIA,ALTA GRACIA,87.6,AMERICANA,E.E,OBRA GRIS,LADRILLO,NO LE INTERESA,47.0,24577000.0
2025-09-24,Maria Sanchez,CONTADO,ALTA GRACIA,22.8,MINIMALISTA,E.E,OBRA GRIS,LADRILLO,NO LE INTERESA,58.0,6267000.0
2024-10-12,Ana Garcia,PLAN 36-60,ALTA GRACIA,50.1,MINIMALISTA,W.F,OBRA GRIS,LADRILLO,POTABLE,45.0,16173000.0
2024-05-28,Maria Lopez,FINANCIACION PROPIA,CÓRDOBA CAPITAL,63.7,CABAÑA,S.F,OBRA GRIS,LADRILLO,POTABLE,18.0,21627000.0
2024-03-24,Diego Rodriguez,CONTADO,ALTA GRACIA,,AMERICANA,W.F,OBRA GRIS,PIEDRA NATURAL,POTABLE,35.0,13623000.0
2025-02-09,Juan Perez,FINANCIACION PROPIA,MENDIOLAZA,38.1,AMERICANA,S.F,OBRA GRIS,PIEDRA NATURAL,POTABLE,28.0,12816000.0
2025-03-31,Pedro Lopez,PLAN 36-60,CÓRDOBA CAPITAL,59.4,MINIMALISTA,E.E,OBRA GRIS,LADRILLO,POTABLE,27.0,17428000.0
2026-01-12,Ana Gonzalez,CONTADO,CARLOS PAZ,56.6,MINIMALISTA,E.E,LLAVE EN MANO,MADERA,NO LE INTERESA,38.0,21567000.0
2024-06-09,Ana Sanchez,PLAN 36-60,ALTA GRACIA,55.1,MINIMALISTA,S.F,LLAVE EN MANO,MADERA,POTABLE,41.0,27495000.0
2026-02-22,Pedro Romero,NO SABE,SANTIAGO DEL ESTERO,72.2,AMERICANA,W.F,OBRA GRIS,LADRILLO,NO LE INTERESA,454.0,24927000.0
2025-04-04,Lucia Lopez,CONTADO,LA PLATA,47.1,CABAÑA,S.F,OBRA GRIS,PIEDRA NATURAL,NO LE INTERESA,718.0,17119000.0
2025-07-03,Diego Rodriguez,PLAN 36-60,CARLOS PAZ,61.4,AMERICANA,S.F,OBRA GRIS,MADERA,POTABLE,43.0,22491000.0
2025-05-14,Luis Perez,FINANCIACION PROPIA,MENDIOLAZA,44.9,CABAÑA,S.F,OBRA GRIS,PIEDRA NATURAL,NO LE INTERESA,28.0,15582000.0
2026-01-07,Elena Martinez,NO SABE,SANTIAGO DEL ESTERO,38.0,MINIMALISTA,E.E,LLAVE EN MANO,PIEDRA NATURAL,VENDIDO,438.0,16269000.0
2025-05-23,Elena Gonzalez,FINANCIACION PROPIA,CARLOS PAZ,,AMERICANA,S.F,LLAVE EN MANO,MADERA,NO LE INTERESA,50.0,25374000.0
2025-10-15,Jorge Lopez,PLAN 36-60,MENDIOLAZA,45.0,CABAÑA,E.E,OBRA GRIS,LADRILLO,VENDIDO,37.0,12261000.0
2025-04-25,Diego Rodriguez,NO SABE,ALTA GRACIA,,AMERICANA,W.F,LLAVE EN MANO,PIEDRA NATURAL,POTABLE,46.0,21495000.0
2025-10-24,Juan Rodriguez,FINANCIACION PROPIA,CARLOS PAZ,78.3,CABAÑA,E.E,OBRA GRIS,,NO LE INTERESA,44.0,21316000.0
2024-04-23,Pedro Lopez,FINANCIACION PROPIA,CARLOS PAZ,49.9,CABAÑA,W.F,LLAVE EN MANO,PIEDRA NATURAL,NO LE INTERESA,49.0,21951000.0
2026-01-18,Maria Lopez,CONTADO,CARLOS PAZ,41.7,AMERICANA,W.F,OBRA GRIS,MADERA,POTABLE,49.0,12939000.0
2025-07-31,Pedro Rodriguez,CONTADO,CÓRDOBA CAPITAL,55.6,MINIMALISTA,W.F,LLAVE EN MANO,LADRILLO,VENDIDO,10.0,24218000.0
2024-12-26,Jorge Martinez,PLAN 36-60,SANTIAGO DEL ESTERO,57.1,AMERICANA,E.E,LLAVE EN MANO,LADRILLO,VENDIDO,430.0,23333000.0
2024-12-06,Jorge Lopez,PLAN 36-60,BUENOS AIRES,31.3,MINIMALISTA,S.F,LLAVE EN MANO,LADRILLO,POTABLE,695.0,16296000.0
2026-02-08,Pedro Martinez,CONTADO,MENDIOLAZA,49.0,CABAÑA,E.E,OBRA GRIS,PIEDRA NATURAL,VENDIDO,25.0,14158000.0
2026-01-30,Juan Lopez,CONTADO,ALTA GRACIA,48.2,CABAÑA,W.F,LLAVE EN MANO,LADRILLO,POTABLE,35.0,21415000.0
2025-03-24,Luis Rodriguez,PLAN 36-60,LA PLATA,51.6,AMERICANA,S.F,OBRA GRIS,LADRILLO,NO LE INTERESA,727.0,20048000.0
2024-06-28,Elena Perez,CONTADO,ALTA GRACIA,69.5,AMERICANA,E.E,LLAVE EN MANO,LADRILLO,POTABLE,55.0,26096000.0
2025-12-02,Maria Martinez,CONTADO,ALTA GRACIA,57.7,MINIMALISTA,W.F,LLAVE EN MANO,LADRILLO,POTABLE,49.0,24945000.0
2025-02-10,Maria Rodriguez,CONTADO,CÓRDOBA CAPITAL,79.6,MINIMALISTA,W.F,OBRA GRIS,MADERA,NO LE INTERESA,14.0,26169000.0
2025-10-27,Pedro Gonzalez,FINANCIACION PROPIA,CÓRDOBA CAPITAL,54.8,AMERICANA,S.F,OBRA GRIS,MADERA,POTABLE,20.0,19954000.0
2024-07-14,Ana Rodriguez,PLAN 36-60,CARLOS PAZ,90.5,MINIMALISTA,E.E,OBRA GRIS,PIEDRA NATURAL,POTABLE,48.0,26163000.0
2025-04-10,Elena Rodriguez,CONTADO,ALTA GRACIA,45.8,MINIMALISTA,S.F,LLAVE EN MANO,MADERA,NO LE INTERESA,44.0,22485000.0
2024-11-06,Carla Sanchez,CONTADO,SANTIAGO DEL ESTERO,39.6,AMERICANA,S.F,OBRA GRIS,MADERA,POTABLE,447.0,14196000.0
2024-09-18,Elena Perez,PLAN 36-60,CÓRDOBA CAPITAL,65.9,AMERICANA,S.F,OBRA GRIS,MADERA,NO LE INTERESA,7.0,21953000.0
2025-02-22,Diego Garcia,FINANCIACION PROPIA,MENDIOLAZA,82.3,CABAÑA,S.F,OBRA GRIS,MADERA,POTABLE,35.0,28885000.0
2025-02-09,Carla Lopez,PLAN 36-60,CÓRDOBA CAPITAL,27.4,CABAÑA,E.E,LLAVE EN MANO,MADERA,NO LE INTERESA,14.0,10736000.0
2024-05-22,Pedro Garcia,CONTADO,SANTIAGO DEL ESTERO,51.1,AMERICANA,S.F,OBRA GRIS,LADRILLO,POTABLE,443.0,18261000.0
2024-12-07,Lucia Martinez,PLAN 36-60,CÓRDOBA CAPITAL,42.8,CABAÑA,W.F,OBRA GRIS,PIEDRA NATURAL,POTABLE,16.0,13913000.0
2024-11-11,Elena Romero,FINANCIACION PROPIA,BUENOS AIRES,57.9,MINIMALISTA,W.F,LLAVE EN MANO,MADERA,POTABLE,723.0,27808000.0
2024-04-10,Elena Perez,CONTADO,SANTIAGO DEL ESTERO,55.2,AMERICANA,W.F,OBRA GRIS,MADERA,NO LE INTERESA,457.0,18831000.0
2024-08-31,Ana Martinez,PLAN 36-60,BUENOS AIRES,81.9,CABAÑA,S.F,LLAVE EN MANO,PIEDRA NATURAL,POTABLE,702.0,40209000.0
2025-05-04,Elena Martinez,CONTADO,BUENOS AIRES,52.8,AMERICANA,W.F,OBRA GRIS,,NO LE INTERESA,662.0,18148000.0
2024-01-12,Carla Perez,CONTADO,LA PLATA,82.5,CABAÑA,E.E,OBRA GRIS,MADERA,POTABLE,772.0,23406000.0
2024-08-26,Jorge Gonzalez,CONTADO,SANTIAGO DEL ESTERO,48.7,AMERICANA,S.F,OBRA GRIS,PIEDRA NATURAL,NO LE INTERESA,488.0,17104000.0
2025-07-14,Elena Perez,PLAN 36-60,LA PLATA,73.5,MINIMALISTA,S.F,OBRA GRIS,LADRILLO,POTABLE,787.0,27675000.0
2024-02-11,Lucia Romero,CONTADO,MENDIOLAZA,59.6,CABAÑA,S.F,LLAVE EN MANO,LADRILLO,NO LE INTERESA,45.0,29839000.0
2025-11-08,Ana Sanchez,CONTADO,CARLOS PAZ,89.6,AMERICANA,E.E,LLAVE EN MANO,PIEDRA NATURAL,POTABLE,33.0,36115000.0
2025-08-16,Elena Garcia,CONTADO,CARLOS PAZ,25.5,MINIMALISTA,S.F,LLAVE EN MANO,LADRILLO,POTABLE,36.0,12113000.0
2025-03-04,Jorge Gonzalez,CONTADO,BUENOS AIRES,31.7,CABAÑA,S.F,LLAVE EN MANO,LADRILLO,POTABLE,714.0,17292000.0
2024-06-06,Carla Gonzalez,PLAN 36-60,CÓRDOBA CAPITAL,91.6,CABAÑA,W.F,LLAVE EN MANO,LADRILLO,POTABLE,11.0,39794000.0
2024-08-03,Pedro Lopez,CONTADO,SANTIAGO DEL ESTERO,40.3,AMERICANA,W.F,LLAVE EN MANO,LADRILLO,NO LE INTERESA,403.0,19466000.0
2025-10-31,Lucia Garcia,CONTADO,CÓRDOBA CAPITAL,,MINIMALISTA,S.F,OBRA GRIS,MADERA,VENDIDO,15.0,14367000.0
2025-04-06,Ana Garcia,FINANCIACION PROPIA,SANTIAGO DEL ESTERO,37.5,AMERICANA,E.E,OBRA GRIS,PIEDRA NATURAL,POTABLE,429.0,10704000.0
2024-05-13,Jorge Sanchez,PLAN 36-60,CÓRDOBA CAPITAL,78.0,CABAÑA,W.F,OBRA GRIS,LADRILLO,NO LE INTERESA,12.0,24598000.0
2024-03-07,Lucia Sanchez,PLAN 36-60,CARLOS PAZ,29.9,AMERICANA,S.F,LLAVE EN MANO,LADRILLO,POTABLE,54.0,14263000.0
2024-01-07,Pedro Sanchez,CONTADO,MENDIOLAZA,55.4,AMERICANA,W.F,OBRA GRIS,PIEDRA NATURAL,POTABLE,26.0,17861000.0
2025-06-09,Luis Lopez,PLAN 36-60,CARLOS PAZ,,MINIMALISTA,W.F,LLAVE EN MANO,MADERA,POTABLE,33.0,23464000.0
2024-03-13,Diego Perez,CONTADO,CÓRDOBA CAPITAL,75.7,MINIMALISTA,E.E,LLAVE EN MANO,,NO LE INTERESA,8.0,29175000.0
2025-02-02,Pedro Garcia,CONTADO,SANTIAGO DEL ESTERO,43.7,CABAÑA,S.F,OBRA GRIS,LADRILLO,POTABLE,481.0,16196000.0
2025-02-08,Juan Rodriguez,PLAN 36-60,ALTA GRACIA,63.3,MINIMALISTA,W.F,OBRA GRIS,MADERA,NO LE INTERESA,53.0,21264000.0
2025-11-05,Pedro Sanchez,NO SABE,MENDIOLAZA,31.6,AMERICANA,S.F,LLAVE EN MANO,PIEDRA NATURAL,POTABLE,23.0,15720000.0
2025-07-31,Elena Lopez,PLAN 36-60,SANTIAGO DEL ESTERO,,CABAÑA,E.E,LLAVE EN MANO,LADRILLO,POTABLE,422.0,39477000.0
2024-05-09,Diego Lopez,CONTADO,CÓRDOBA CAPITAL,50.2,MINIMALISTA,E.E,LLAVE EN MANO,LADRILLO,NO LE INTERESA,24.0,20682000.0
2025-04-10,Pedro Rodriguez,FINANCIACION PROPIA,SANTIAGO DEL ESTERO,55.2,AMERICANA,W.F,OBRA GRIS,PIEDRA NATURAL,POTABLE,427.0,17839000.0
2024-07-24,Jorge Lopez,CONTADO,LA PLATA,88.1,AMERICANA,E.E,LLAVE EN MANO,MADERA,POTABLE,808.0,35830000.0
2026-02-26,Ana Rodriguez,FINANCIACION PROPIA,SANTIAGO DEL ESTERO,43.3,CABAÑA,W.F,LLAVE EN MANO,PIEDRA NATURAL,POTABLE,454.0,20800000.0
2026-02-06,Carla Rodriguez,CONTADO,CARLOS PAZ,,CABAÑA,S.F,OBRA GRIS,LADRILLO,POTABLE,35.0,29412000.0
2024-09-22,Jorge Sanchez,CONTADO,BUENOS AIRES,46.8,MINIMALISTA,W.F,LLAVE EN MANO,MADERA,NO LE INTERESA,746.0,22665000.0
2025-06-20,Diego Rodriguez,PLAN 36-60,CARLOS PAZ,68.4,MINIMALISTA,W.F,OBRA GRIS,MADERA,POTABLE,38.0,21566000.0
2024-09-09,Luis Sanchez,NO SABE,LA PLATA,43.5,MINIMALISTA,E.E,LLAVE EN MANO,MADERA,NO LE INTERESA,739.0,17561000.0
2024-10-15,Ana Gonzalez,FINANCIACION PROPIA,MENDIOLAZA,27.9,MINIMALISTA,S.F,OBRA GRIS,PIEDRA NATURAL,POTABLE,28.0,9586000.0
2024-06-12,Elena Gonzalez,PLAN 36-60,SANTIAGO DEL ESTERO,63.3,CABAÑA,S.F,LLAVE EN MANO,PIEDRA NATURAL,NO LE INTERESA,477.0,33214000.0
2024-04-04,Diego Rodriguez,PLAN 36-60,MENDIOLAZA,67.8,AMERICANA,W.F,OBRA GRIS,PIEDRA NATURAL,NO LE INTERESA,24.0,22725000.0
2026-02-20,Diego Sanchez,PLAN 36-60,ALTA GRACIA,28.7,AMERICANA,S.F,LLAVE EN MANO,LADRILLO,POTABLE,45.0,13726000.0
2024-04-19,Ana Martinez,PLAN 36-60,SANTIAGO DEL ESTERO,48.9,MINIMALISTA,S.F,LLAVE EN MANO,,VENDIDO,403.0,23625000.0
2024-12-01,Juan Martinez,FINANCIACION PROPIA,CARLOS PAZ,79.0,CABAÑA,W.F,OBRA GRIS,MADERA,POTABLE,51.0,25168000.0
2024-08-25,Pedro Gonzalez,CONTADO,BUENOS AIRES,67.0,MINIMALISTA,W.F,OBRA GRIS,LADRILLO,NO LE INTERESA,694.0,22824000.0
2025-01-15,Luis Rodriguez,CONTADO,CARLOS PAZ,47.1,MINIMALISTA,S.F,LLAVE EN MANO,LADRILLO,NO LE INTERESA,36.0,23982000.0
2025-03-11,Ana Garcia,NO SABE,MENDIOLAZA,43.0,CABAÑA,W.F,LLAVE EN MANO,LADRILLO,POTABLE,34.0,20341000.0
2025-04-27,Jorge Garcia,NO SABE,CÓRDOBA CAPITAL,94.0,AMERICANA,E.E,LLAVE EN MANO,MADERA,VENDIDO,23.0,37809000.0
2024-01-25,Carla Sanchez,CONTADO,CARLOS PAZ,26.1,AMERICANA,S.F,LLAVE EN MANO,PIEDRA NATURAL,NO LE INTERESA,50.0,12991000.0
2025-10-14,Pedro Martinez,CONTADO,CÓRDOBA CAPITAL,53.8,MINIMALISTA,W.F,LLAVE EN MANO,MADERA,NO LE INTERESA,14.0,23406000.0
2024-04-26,Juan Sanchez,NO SABE,CARLOS PAZ,25.7,CABAÑA,S.F,LLAVE EN MANO,PIEDRA NATURAL,VENDIDO,50.0,12128000.0
2025-04-26,Pedro Gonzalez,PLAN 36-60,CARLOS PAZ,81.3,AMERICANA,S.F,LLAVE EN MANO,LADRILLO,NO LE INTERESA,42.0,40283000.0
2025-01-26,Elena Martinez,PLAN 36-60,BUENOS AIRES,54.9,AMERICANA,E.E,OBRA GRIS,LADRILLO,POTABLE,670.0,16441000.0
2025-06-20,Carla Gonzalez,CONTADO,ALTA GRACIA,58.6,CABAÑA,E.E,LLAVE EN MANO,MADERA,NO LE INTERESA,56.0,23853000.0
2024-03-19,Carla Perez,FINANCIACION PROPIA,CÓRDOBA CAPITAL,110.4,CABAÑA,S.F,OBRA GRIS,PIEDRA NATURAL,POTABLE,19.0,37983000.0
2025-08-02,Ana Martinez,,CÓRDOBA CAPITAL,43.1,AMERICANA,E.E,LLAVE EN MANO,LADRILLO,POTABLE,20.0,16146000.0
2024-06-21,Carla Lopez,CONTADO,CARLOS PAZ,90.0,MINIMALISTA,W.F,LLAVE EN MANO,MADERA,NO LE INTERESA,53.0,40341000.0
2024-01-12,Elena Martinez,CONTADO,CÓRDOBA CAPITAL,47.2,MINIMALISTA,S.F,OBRA GRIS,MADERA,VENDIDO,19.0,17325000.0
2024-05-07,Lucia Garcia,NO SABE,CARLOS PAZ,50.3,AMERICANA,E.E,LLAVE EN MANO,PIEDRA NATURAL,POTABLE,30.0,20347000.0
2025-08-30,Maria Sanchez,FINANCIACION PROPIA,CARLOS PAZ,107.8,MINIMALISTA,S.F,OBRA GRIS,PIEDRA NATURAL,NO LE INTERESA,52.0,36045000.0
2024-04-01,Jorge Garcia,FINANCIACION PROPIA,MENDIOLAZA,51.8,MINIMALISTA,S.F,LLAVE EN MANO,PIEDRA NATURAL,NO LE INTERESA,27.0,26375000.0
2025-10-14,Luis Garcia,CONTADO,SANTIAGO DEL ESTERO,27.5,CABAÑA,W.F,LLAVE EN MANO,LADRILLO,POTABLE,450.0,13035000.0
2025-06-26,Carla Sanchez,NO SABE,CÓRDOBA CAPITAL,60.6,CABAÑA,W.F,LLAVE EN MANO,MADERA,NO LE INTERESA,10.0,26964000.0
2025-06-15,Lucia Garcia,FINANCIACION PROPIA,BUENOS AIRES,51.5,CABAÑA,W.F,LLAVE EN MANO,PIEDRA NATURAL,VENDIDO,690.0,23880000.0
2025-10-19,Maria Gonzalez,FINANCIACION PROPIA,LA PLATA,62.3,MINIMALISTA,E.E,OBRA GRIS,MADERA,POTABLE,779.0,18790000.0
2025-03-22,Juan Gonzalez,NO SABE,MENDIOLAZA,52.3,CABAÑA,E.E,OBRA GRIS,LADRILLO,POTABLE,31.0,14735000.0
2025-01-24,Maria Romero,CONTADO,CÓRDOBA CAPITAL,99.3,CABAÑA,E.E,OBRA GRIS,LADRILLO,POTABLE,21.0,28271000.0
2025-11-02,Elena Rodriguez,PLAN 36-60,BUENOS AIRES,66.1,AMERICANA,W.F,LLAVE EN MANO,PIEDRA NATURAL,NO LE INTERESA,742.0,31139000.0
2024-02-12,Ana Garcia,NO SABE,CÓRDOBA CAPITAL,33.5,CABAÑA,S.F,OBRA GRIS,LADRILLO,POTABLE,14.0,11328000.0
2024-09-10,Diego Romero,FINANCIACION PROPIA,ALTA GRACIA,,AMERICANA,W.F,LLAVE EN MANO,MADERA,POTABLE,49.0,25363000.0
2024-05-09,Luis Rodriguez,PLAN 36-60,LA PLATA,39.0,MINIMALISTA,E.E,OBRA GRIS,MADERA,NO LE INTERESA,788.0,12515000.0
2024-02-29,Lucia Garcia,CONTADO,LA PLATA,50.0,CABAÑA,E.E,LLAVE EN MANO,,NO LE INTERESA,782.0,21112000.0
2025-10-24,Diego Garcia,PLAN 36-60,BUENOS AIRES,36.8,AMERICANA,E.E,OBRA GRIS,LADRILLO,POTABLE,714.0,11316000.0
2025-04-11,Carla Gonzalez,PLAN 36-60,ALTA GRACIA,97.1,AMERICANA,W.F,OBRA GRIS,LADRILLO,NO LE INTERESA,45.0,30339000.0
2024-10-13,Carla Sanchez,CONTADO,ALTA GRACIA,41.2,AMERICANA,E.E,OBRA GRIS,MADERA,VENDIDO,45.0,11032000.0
2025-05-31,Luis Sanchez,FINANCIACION PROPIA,CÓRDOBA CAPITAL,68.8,MINIMALISTA,W.F,OBRA GRIS,LADRILLO,VENDIDO,16.0,21760000.0
2025-04-11,Maria Rodriguez,CONTADO,SANTIAGO DEL ESTERO,48.5,CABAÑA,S.F,LLAVE EN MANO,PIEDRA NATURAL,POTABLE,435.0,23331000.0
2026-02-16,Jorge Gonzalez,CONTADO,BUENOS AIRES,31.8,MINIMALISTA,W.F,OBRA GRIS,PIEDRA NATURAL,VENDIDO,730.0,11315000.0
2024-12-10,Luis Sanchez,PLAN 36-60,ALTA GRACIA,,AMERICANA,E.E,OBRA GRIS,MADERA,NO LE INTERESA,38.0,17110000.0
2025-10-03,Carla Rodriguez,PLAN 36-60,LA PLATA,63.0,MINIMALISTA,S.F,OBRA GRIS,LADRILLO,POTABLE,807.0,22761000.0
2025-01-16,Juan Romero,CONTADO,BUENOS AIRES,66.2,MINIMALISTA,E.E,OBRA GRIS,LADRILLO,NO LE INTERESA,738.0,20326000.0
2026-02-17,Luis Martinez,CONTADO,LA PLATA,20.0,AMERICANA,S.F,LLAVE EN MANO,LADRILLO,POTABLE,740.0,11133000.0
2025-11-20,Pedro Rodriguez,CONTADO,CÓRDOBA CAPITAL,30.3,CABAÑA,E.E,LLAVE EN MANO,PIEDRA NATURAL,NO LE INTERESA,6.0,11441000.0
2024-09-09,Elena Rodriguez,CONTADO,BUENOS AIRES,74.2,CABAÑA,W.F,LLAVE EN MANO,PIEDRA NATURAL,NO LE INTERESA,731.0,35045000.0
2024-02-25,Ana Rodriguez,CONTADO,SANTIAGO DEL ESTERO,36.5,MINIMALISTA,E.E,OBRA GRIS,PIEDRA NATURAL,NO LE INTERESA,473.0,10549000.0
2025-04-07,Ana Lopez,CONTADO,CARLOS PAZ,59.1,CABAÑA,W.F,OBRA GRIS,PIEDRA NATURAL,POTABLE,54.0,19407000.0
2025-04-01,Jorge Sanchez,,BUENOS AIRES,29.8,AMERICANA,W.F,LLAVE EN MANO,,NO LE INTERESA,685.0,13945000.0
2024-03-23,Pedro Gonzalez,PLAN 36-60,ALTA GRACIA,69.6,CABAÑA,S.F,LLAVE EN MANO,MADERA,POTABLE,37.0,33792000.0
2024-04-08,Lucia Garcia,NO SABE,ALTA GRACIA,73.6,MINIMALISTA,W.F,LLAVE EN MANO,MADERA,VENDIDO,58.0,33487000.0
2024-05-28,Diego Perez,PLAN 36-60,CÓRDOBA CAPITAL,69.6,AMERICANA,W.F,LLAVE EN MANO,LADRILLO,NO LE INTERESA,11.0,29981000.0
2024-11-24,Ana Gonzalez,FINANCIACION PROPIA,MENDIOLAZA,75.7,AMERICANA,W.F,LLAVE EN MANO,LADRILLO,POTABLE,38.0,32997000.0
2024-06-04,Lucia Lopez,CONTADO,MENDIOLAZA,,AMERICANA,S.F,OBRA GRIS,PIEDRA NATURAL,POTABLE,22.0,29695000.0
2024-07-08,Maria Lopez,FINANCIACION PROPIA,SANTIAGO DEL ESTERO,31.5,MINIMALISTA,E.E,OBRA GRIS,LADRILLO,NO LE INTERESA,476.0,9498000.0
2025-05-08,Diego Romero,PLAN 36-60,LA PLATA,39.2,MINIMALISTA,E.E,LLAVE EN MANO,MADERA,NO LE INTERESA,723.0,17041000.0
2024-09-19,Juan Gonzalez,PLAN 36-60,LA PLATA,73.0,CABAÑA,W.F,OBRA GRIS,MADERA,NO LE INTERESA,780.0,23904000.0
2024-03-20,Diego Garcia,CONTADO,CARLOS PAZ,77.6,MINIMALISTA,W.F,OBRA GRIS,LADRILLO,POTABLE,43.0,24670000.0
2025-02-03,Pedro Sanchez,CONTADO,LA PLATA,41.5,AMERICANA,E.E,LLAVE EN MANO,PIEDRA NATURAL,NO LE INTERESA,806.0,17435000.0
2026-02-02,Pedro Romero,PLAN 36-60,MENDIOLAZA,40.1,MINIMALISTA,W.F,LLAVE EN MANO,MADERA,POTABLE,21.0,17739000.0
2025-08-31,Ana Perez,PLAN 36-60,MENDIOLAZA,42.0,MINIMALISTA,E.E,LLAVE EN MANO,LADRILLO,NO LE INTERESA,27.0,16712000.0
2024-09-16,Lucia Gonzalez,FINANCIACION PROPIA,ALTA GRACIA,22.9,CABAÑA,S.F,LLAVE EN MANO,PIEDRA NATURAL,VENDIDO,37.0,11002000.0
2026-02-10,Pedro Sanchez,CONTADO,CARLOS PAZ,29.6,AMERICANA,W.F,OBRA GRIS,LADRILLO,NO LE INTERESA,52.0,9871000.0
2025-09-06,Ana Perez,CONTADO,SANTIAGO DEL ESTERO,30.1,CABAÑA,W.F,OBRA GRIS,PIEDRA NATURAL,POTABLE,459.0,10386000.0
2025-07-05,Ana Romero,PLAN 36-60,CARLOS PAZ,49.1,CABAÑA,E.E,OBRA GRIS,PIEDRA NATURAL,VENDIDO,43.0,13241000.0
2026-02-23,Carla Sanchez,FINANCIACION PROPIA,BUENOS AIRES,60.4,CABAÑA,E.E,OBRA GRIS,MADERA,POTABLE,673.0,18149000.0
2024-04-10,Jorge Sanchez,CONTADO,SANTIAGO DEL ESTERO,63.7,AMERICANA,S.F,LLAVE EN MANO,MADERA,NO LE INTERESA,449.0,32107000.0
2024-12-24,Carla Lopez,PLAN 36-60,MENDIOLAZA,44.8,CABAÑA,W.F,OBRA GRIS,,NO LE INTERESA,30.0,14237000.0
2025-01-14,Pedro Lopez,CONTADO,LA PLATA,45.3,AMERICANA,E.E,LLAVE EN MANO,LADRILLO,POTABLE,742.0,17948000.0
2024-08-08,Pedro Martinez,PLAN 36-60,CÓRDOBA CAPITAL,57.5,CABAÑA,S.F,OBRA GRIS,,POTABLE,24.0,19558000.0
2025-02-23,Elena Rodriguez,FINANCIACION PROPIA,CARLOS PAZ,25.1,CABAÑA,E.E,OBRA GRIS,MADERA,POTABLE,32.0,7009000.0
2024-05-03,Juan Romero,FINANCIACION PROPIA,CARLOS PAZ,74.2,AMERICANA,E.E,LLAVE EN MANO,PIEDRA NATURAL,NO LE INTERESA,46.0,28280000.0
2025-02-25,Elena Garcia,CONTADO,ALTA GRACIA,80.7,MINIMALISTA,S.F,LLAVE EN MANO,PIEDRA NATURAL,NO LE INTERESA,56.0,39934000.0
2024-08-18,Ana Lopez,CONTADO,ALTA GRACIA,42.5,CABAÑA,S.F,LLAVE EN MANO,PIEDRA NATURAL,NO LE INTERESA,58.0,21356000.0
2025-11-20,Luis Martinez,PLAN 36-60,MENDIOLAZA,47.0,MINIMALISTA,S.F,OBRA GRIS,PIEDRA NATURAL,POTABLE,39.0,17096000.0
2024-03-03,Jorge Martinez,CONTADO,SANTIAGO DEL ESTERO,79.9,CABAÑA,S.F,LLAVE EN MANO,PIEDRA NATURAL,NO LE INTERESA,428.0,40378000.0
2025-04-29,Lucia Martinez,PLAN 36-60,CÓRDOBA CAPITAL,52.5,MINIMALISTA,S.F,OBRA GRIS,PIEDRA NATURAL,NO LE INTERESA,20.0,18753000.0
2025-09-19,Jorge Romero,PLAN 36-60,BUENOS AIRES,66.8,MINIMALISTA,S.F,OBRA GRIS,,NO LE INTERESA,674.0,24656000.0
2025-12-03,Luis Romero,CONTADO,ALTA GRACIA,53.2,MINIMALISTA,W.F,LLAVE EN MANO,MADERA,NO LE INTERESA,38.0,25207000.0
2025-07-27,Ana Gonzalez,FINANCIACION PROPIA,ALTA GRACIA,86.1,MINIMALISTA,S.F,OBRA GRIS,MADERA,POTABLE,51.0,29489000.0
2026-02-06,Pedro Gonzalez,CONTADO,LA PLATA,64.8,MINIMALISTA,W.F,LLAVE EN MANO,PIEDRA NATURAL,NO LE INTERESA,795.0,29694000.0
2025-04-27,Pedro Gonzalez,NO SABE,LA PLATA,66.0,AMERICANA,E.E,LLAVE EN MANO,PIEDRA NATURAL,NO LE INTERESA,717.0,25941000.0
2025-06-02,Luis Perez,FINANCIACION PROPIA,MENDIOLAZA,66.3,MINIMALISTA,E.E,OBRA GRIS,PIEDRA NATURAL,NO LE INTERESA,23.0,18572000.0
2024-06-03,Jorge Garcia,FINANCIACION PROPIA,MENDIOLAZA,43.9,AMERICANA,S.F,OBRA GRIS,MADERA,NO LE INTERESA,34.0,14793000.0
2024-04-01,Elena Perez,,ALTA GRACIA,45.7,CABAÑA,E.E,OBRA GRIS,MADERA,POTABLE,40.0,12561000.0
2025-06-09,Carla Garcia,,SANTIAGO DEL ESTERO,70.4,AMERICANA,S.F,LLAVE EN MANO,PIEDRA NATURAL,NO LE INTERESA,461.0,35127000.0
2025-03-30,Carla Rodriguez,,BUENOS AIRES,57.5,MINIMALISTA,S.F,LLAVE EN MANO,MADERA,POTABLE,681.0,30533000.0
2026-01-10,Lucia Lopez,CONTADO,CÓRDOBA CAPITAL,31.4,AMERICANA,W.F,LLAVE EN MANO,PIEDRA NATURAL,NO LE INTERESA,8.0,14824000.0
2025-08-20,Pedro Rodriguez,CONTADO,ALTA GRACIA,92.5,MINIMALISTA,E.E,OBRA GRIS,PIEDRA NATURAL,POTABLE,49.0,26607000.0
2025-10-06,Carla Perez,CONTADO,SANTIAGO DEL ESTERO,74.6,AMERICANA,S.F,LLAVE EN MANO,,POTABLE,486.0,36870000.0
2025-05-24,Ana Gonzalez,,SANTIAGO DEL ESTERO,55.8,CABAÑA,E.E,OBRA GRIS,LADRILLO,NO LE INTERESA,469.0,16924000.0
2024-07-01,Maria Rodriguez,FINANCIACION PROPIA,ALTA GRACIA,49.5,MINIMALISTA,W.F,LLAVE EN MANO,MADERA,POTABLE,55.0,23238000.0
2025-01-20,Elena Romero,NO SABE,SANTIAGO DEL ESTERO,59.0,MINIMALISTA,E.E,LLAVE EN MANO,MADERA,NO LE INTERESA,427.0,24743000.0
2025-07-27,Elena Sanchez,,CARLOS PAZ,65.4,AMERICANA,W.F,OBRA GRIS,MADERA,VENDIDO,52.0,21433000.0
2025-12-31,Elena Perez,PLAN 36-60,SANTIAGO DEL ESTERO,20.0,AMERICANA,W.F,OBRA GRIS,PIEDRA NATURAL,NO LE INTERESA,438.0,6885000.0
2025-02-08,Diego Martinez,CONTADO,ALTA GRACIA,97.2,AMERICANA,W.F,OBRA GRIS,LADRILLO,POTABLE,56.0,30099000.0
2024-09-02,Juan Perez,CONTADO,SANTIAGO DEL ESTERO,39.2,AMERICANA,S.F,LLAVE EN MANO,PIEDRA NATURAL,POTABLE,447.0,20703000.0
2026-01-11,Luis Sanchez,CONTADO,BUENOS AIRES,55.0,AMERICANA,S.F,OBRA GRIS,PIEDRA NATURAL,NO LE INTERESA,687.0,19379000.0
2025-08-13,Juan Rodriguez,PLAN 36-60,ALTA GRACIA,55.7,MINIMALISTA,E.E,OBRA GRIS,PIEDRA NATURAL,POTABLE,42.0,15339000.0
2025-10-22,Jorge Martinez,NO SABE,LA PLATA,94.9,CABAÑA,S.F,OBRA GRIS,LADRILLO,NO LE INTERESA,767.0,34321000.0
2025-10-11,Pedro Perez,NO SABE,ALTA GRACIA,53.2,AMERICANA,S.F,OBRA GRIS,PIEDRA NATURAL,NO LE INTERESA,37.0,17783000.0
2025-04-15,Diego Garcia,CONTADO,SANTIAGO DEL ESTERO,86.8,MINIMALISTA,E.E,LLAVE EN MANO,PIEDRA NATURAL,NO LE INTERESA,493.0,36180000.0
2025-02-26,Luis Romero,PLAN 36-60,ALTA GRACIA,63.1,CABAÑA,W.F,LLAVE EN MANO,LADRILLO,NO LE INTERESA,42.0,27902000.0
2024-03-05,Ana Lopez,PLAN 36-60,CÓRDOBA CAPITAL,35.8,CABAÑA,W.F,OBRA GRIS,PIEDRA NATURAL,POTABLE,13.0,11003000.0
2024-01-13,Maria Lopez,PLAN 36-60,ALTA GRACIA,57.7,AMERICANA,E.E,OBRA GRIS,PIEDRA NATURAL,NO LE INTERESA,41.0,17018000.0
2024-07-31,Luis Lopez,PLAN 36-60,ALTA GRACIA,52.6,MINIMALISTA,S.F,LLAVE EN MANO,MADERA,NO LE INTERESA,35.0,25339000.0
2024-08-29,Maria Gonzalez,CONTADO,CÓRDOBA CAPITAL,,MINIMALISTA,E.E,OBRA GRIS,LADRILLO,POTABLE,22.0,9710000.0
2025-05-07,Ana Garcia,NO SABE,CÓRDOBA CAPITAL,62.2,MINIMALISTA,E.E,OBRA GRIS,MADERA,POTABLE,20.0,17365000.0
2024-07-31,Ana Romero,FINANCIACION PROPIA,CÓRDOBA CAPITAL,55.4,MINIMALISTA,S.F,OBRA GRIS,PIEDRA NATURAL,NO LE INTERESA,25.0,19744000.0
2025-11-23,Diego Sanchez,FINANCIACION PROPIA,MENDIOLAZA,66.1,MINIMALISTA,E.E,LLAVE EN MANO,LADRILLO,NO LE INTERESA,21.0,25271000.0
2024-12-03,Pedro Romero,CONTADO,CARLOS PAZ,58.9,CABAÑA,S.F,LLAVE EN MANO,LADRILLO,NO LE INTERESA,53.0,28949000.0
2024-06-21,Elena Romero,CONTADO,MENDIOLAZA,42.0,CABAÑA,S.F,LLAVE EN MANO,PIEDRA NATURAL,NO LE INTERESA,28.0,20122000.0
2025-11-02,Carla Perez,CONTADO,ALTA GRACIA,70.4,CABAÑA,E.E,OBRA GRIS,MADERA,NO LE INTERESA,58.0,20692000.0
2024-06-12,Juan Gonzalez,FINANCIACION PROPIA,MENDIOLAZA,42.5,MINIMALISTA,W.F,OBRA GRIS,PIEDRA NATURAL,NO LE INTERESA,23.0,13117000.0
2025-04-09,Pedro Romero,NO SABE,MENDIOLAZA,20.0,CABAÑA,S.F,OBRA GRIS,LADRILLO,NO LE INTERESA,39.0,6899000.0
2025-05-11,Elena Sanchez,PLAN 36-60,CÓRDOBA CAPITAL,57.6,CABAÑA,W.F,LLAVE EN MANO,LADRILLO,POTABLE,19.0,27016000.0
2025-11-30,Juan Romero,FINANCIACION PROPIA,CÓRDOBA CAPITAL,43.9,AMERICANA,S.F,LLAVE EN MANO,PIEDRA NATURAL,POTABLE,14.0,21489000.0
2025-01-29,Diego Sanchez,PLAN 36-60,LA PLATA,62.6,CABAÑA,W.F,OBRA GRIS,PIEDRA NATURAL,NO LE INTERESA,718.0,21447000.0
2025-12-03,Elena Perez,CONTADO,MENDIOLAZA,95.0,AMERICANA,E.E,OBRA GRIS,PIEDRA NATURAL,NO LE INTERESA,35.0,27057000.0
2024-11-03,Elena Rodriguez,FINANCIACION PROPIA,CARLOS PAZ,95.6,MINIMALISTA,S.F,OBRA GRIS,PIEDRA NATURAL,POTABLE,31.0,32069000.0
2026-02-06,Ana Gonzalez,FINANCIACION PROPIA,ALTA GRACIA,51.7,MINIMALISTA,E.E,OBRA GRIS,MADERA,NO LE INTERESA,48.0,13846000.0
2024-07-01,Carla Romero,CONTADO,BUENOS AIRES,38.5,MINIMALISTA,E.E,OBRA GRIS,MADERA,POTABLE,720.0,12379000.0
2025-09-20,Jorge Sanchez,CONTADO,BUENOS AIRES,,MINIMALISTA,E.E,LLAVE EN MANO,MADERA,POTABLE,733.0,26623000.0
2025-05-24,Pedro Sanchez,PLAN 36-60,SANTIAGO DEL ESTERO,47.6,CABAÑA,S.F,LLAVE EN MANO,MADERA,NO LE INTERESA,499.0,23784000.0
2025-12-08,Jorge Martinez,CONTADO,CARLOS PAZ,62.8,AMERICANA,E.E,LLAVE EN MANO,LADRILLO,POTABLE,37.0,25122000.0
2025-06-29,Luis Sanchez,,CARLOS PAZ,41.8,MINIMALISTA,E.E,LLAVE EN MANO,LADRILLO,NO LE INTERESA,38.0,16009000.0
2025-07-17,Carla Rodriguez,PLAN 36-60,LA PLATA,60.0,MINIMALISTA,S.F,OBRA GRIS,MADERA,VENDIDO,744.0,22631000.0
2025-09-15,Lucia Romero,CONTADO,ALTA GRACIA,38.8,AMERICANA,E.E,LLAVE EN MANO,PIEDRA NATURAL,VENDIDO,53.0,15225000.0
2026-02-02,Lucia Lopez,CONTADO,ALTA GRACIA,78.7,AMERICANA,S.F,LLAVE EN MANO,,POTABLE,58.0,40028000.0
2025-08-16,Elena Perez,NO SABE,CÓRDOBA CAPITAL,43.2,AMERICANA,E.E,OBRA GRIS,PIEDRA NATURAL,NO LE INTERESA,29.0,11871000.0
2026-01-13,Diego Garcia,FINANCIACION PROPIA,CÓRDOBA CAPITAL,68.2,AMERICANA,W.F,LLAVE EN MANO,MADERA,VENDIDO,29.0,29876000.0
2024-08-14,Elena Rodriguez,FINANCIACION PROPIA,CARLOS PAZ,29.7,AMERICANA,E.E,OBRA GRIS,LADRILLO,POTABLE,52.0,8672000.0
2026-01-14,Ana Gonzalez,,LA PLATA,70.6,CABAÑA,W.F,LLAVE EN MANO,LADRILLO,NO LE INTERESA,809.0,32466000.0
2026-01-02,Lucia Garcia,FINANCIACION PROPIA,ALTA GRACIA,35.7,AMERICANA,S.F,OBRA GRIS,LADRILLO,VENDIDO,44.0,12450000.0
2025-03-11,Carla Sanchez,PLAN 36-60,LA PLATA,60.2,CABAÑA,W.F,OBRA GRIS,LADRILLO,POTABLE,805.0,21197000.0
2025-02-25,Ana Gonzalez,PLAN 36-60,SANTIAGO DEL ESTERO,75.5,AMERICANA,S.F,OBRA GRIS,MADERA,VENDIDO,476.0,27507000.0
2025-07-07,Luis Rodriguez,NO SABE,BUENOS AIRES,51.0,AMERICANA,E.E,LLAVE EN MANO,LADRILLO,NO LE INTERESA,677.0,20885000.0
2024-01-21,Lucia Sanchez,CONTADO,ALTA GRACIA,34.4,MINIMALISTA,W.F,LLAVE EN MANO,MADERA,POTABLE,36.0,15172000.0
2025-07-07,Maria Martinez,PLAN 36-60,CÓRDOBA CAPITAL,64.9,MINIMALISTA,E.E,OBRA GRIS,LADRILLO,NO LE INTERESA,10.0,18668000.0
2025-01-31,Luis Perez,CONTADO,CARLOS PAZ,38.2,MINIMALISTA,W.F,LLAVE EN MANO,MADERA,POTABLE,49.0,16741000.0
2025-09-16,Juan Perez,,LA PLATA,46.9,MINIMALISTA,S.F,OBRA GRIS,MADERA,POTABLE,773.0,18327000.0
2024-04-14,Maria Perez,CONTADO,BUENOS AIRES,60.3,MINIMALISTA,S.F,OBRA GRIS,PIEDRA NATURAL,NO LE INTERESA,682.0,21354000.0
2024-07-10,Luis Sanchez,NO SABE,BUENOS AIRES,82.2,MINIMALISTA,S.F,OBRA GRIS,MADERA,NO LE INTERESA,734.0,30782000.0
2024-01-17,Carla Lopez,CONTADO,BUENOS AIRES,55.5,AMERICANA,S.F,OBRA GRIS,,NO LE INTERESA,674.0,20281000.0
2024-04-29,Lucia Garcia,PLAN 36-60,CÓRDOBA CAPITAL,55.5,AMERICANA,E.E,OBRA GRIS,LADRILLO,POTABLE,26.0,15090000.0
2025-01-27,Carla Gonzalez,FINANCIACION PROPIA,CARLOS PAZ,69.8,MINIMALISTA,E.E,OBRA GRIS,PIEDRA NATURAL,NO LE INTERESA,50.0,19427000.0
2025-02-28,Ana Rodriguez,NO SABE,CÓRDOBA CAPITAL,,MINIMALISTA,E.E,OBRA GRIS,,NO LE INTERESA,29.0,15286000.0
2024-05-08,Maria Sanchez,PLAN 36-60,ALTA GRACIA,67.7,MINIMALISTA,E.E,LLAVE EN MANO,PIEDRA NATURAL,NO LE INTERESA,39.0,25629000.0
2024-05-09,Luis Romero,PLAN 36-60,LA PLATA,76.6,AMERICANA,E.E,LLAVE EN MANO,LADRILLO,NO LE INTERESA,801.0,30414000.0
2025-07-25,Diego Gonzalez,CONTADO,SANTIAGO DEL ESTERO,48.4,MINIMALISTA,S.F,LLAVE EN MANO,PIEDRA NATURAL,POTABLE,434.0,25262000.0
2025-07-13,Juan Garcia,CONTADO,MENDIOLAZA,20.0,MINIMALISTA,E.E,LLAVE EN MANO,MADERA,POTABLE,30.0,7574000.0
2024-01-29,Luis Rodriguez,PLAN 36-60,BUENOS AIRES,38.6,AMERICANA,E.E,LLAVE EN MANO,MADERA,VENDIDO,707.0,16957000.0
2024-04-06,Lucia Perez,CONTADO,CÓRDOBA CAPITAL,79.2,AMERICANA,E.E,LLAVE EN MANO,LADRILLO,NO LE INTERESA,21.0,29540000.0
2024-01-10,Pedro Garcia,CONTADO,MENDIOLAZA,54.3,CABAÑA,S.F,OBRA GRIS,LADRILLO,POTABLE,45.0,19374000.0
2024-08-29,Maria Rodriguez,CONTADO,LA PLATA,48.2,MINIMALISTA,S.F,LLAVE EN MANO,PIEDRA NATURAL,NO LE INTERESA,770.0,25656000.0
2024-08-19,Elena Sanchez,PLAN 36-60,ALTA GRACIA,78.3,AMERICANA,S.F,OBRA GRIS,LADRILLO,POTABLE,58.0,28685000.0
2026-02-27,Carla Martinez,PLAN 36-60,CÓRDOBA CAPITAL,53.0,CABAÑA,S.F,LLAVE EN MANO,MADERA,POTABLE,11.0,25061000.0
2024-10-10,Lucia Sanchez,CONTADO,ALTA GRACIA,,AMERICANA,E.E,OBRA GRIS,PIEDRA NATURAL,NO LE INTERESA,45.0,5780000.0
2025-12-15,Elena Gonzalez,CONTADO,SANTIAGO DEL ESTERO,24.9,CABAÑA,E.E,LLAVE EN MANO,,POTABLE,450.0,10026000.0
2026-01-28,Lucia Lopez,PLAN 36-60,BUENOS AIRES,63.4,CABAÑA,W.F,LLAVE EN MANO,PIEDRA NATURAL,VENDIDO,692.0,29182000.0
2026-02-14,Carla Gonzalez,PLAN 36-60,SANTIAGO DEL ESTERO,53.7,MINIMALISTA,E.E,LLAVE EN MANO,PIEDRA NATURAL,NO LE INTERESA,498.0,22303000.0
2025-12-26,Diego Sanchez,PLAN 36-60,BUENOS AIRES,84.1,MINIMALISTA,S.F,LLAVE EN MANO,,NO LE INTERESA,733.0,41657000.0
2024-07-18,Elena Lopez,FINANCIACION PROPIA,CARLOS PAZ,40.3,CABAÑA,S.F,LLAVE EN MANO,PIEDRA NATURAL,POTABLE,42.0,19440000.0
2024-03-19,Juan Garcia,CONTADO,CARLOS PAZ,48.8,MINIMALISTA,E.E,OBRA GRIS,PIEDRA NATURAL,POTABLE,49.0,13210000.0
2024-06-21,Diego Gonzalez,CONTADO,CARLOS PAZ,37.3,AMERICANA,W.F,OBRA GRIS,PIEDRA NATURAL,POTABLE,42.0,11550000.0
2025-04-11,Pedro Lopez,CONTADO,ALTA GRACIA,44.6,AMERICANA,S.F,LLAVE EN MANO,MADERA,NO LE INTERESA,35.0,21064000.0
2025-08-03,Luis Sanchez,PLAN 36-60,CARLOS PAZ,20.0,CABAÑA,W.F,OBRA GRIS,MADERA,POTABLE,44.0,6750000.0
2025-02-19,Carla Rodriguez,FINANCIACION PROPIA,LA PLATA,47.3,CABAÑA,S.F,OBRA GRIS,LADRILLO,NO LE INTERESA,773.0,16849000.0
2025-03-24,Pedro Perez,CONTADO,MENDIOLAZA,54.0,AMERICANA,S.F,OBRA GRIS,MADERA,NO LE INTERESA,45.0,19333000.0
2024-03-27,Pedro Perez,PLAN 36-60,MENDIOLAZA,52.3,AMERICANA,E.E,OBRA GRIS,MADERA,VENDIDO,21.0,15070000.0
2024-04-10,Luis Garcia,PLAN 36-60,ALTA GRACIA,98.0,CABAÑA,S.F,LLAVE EN MANO,LADRILLO,VENDIDO,48.0,48418000.0
2024-01-08,Pedro Martinez,NO SABE,ALTA GRACIA,91.7,AMERICANA,W.F,LLAVE EN MANO,LADRILLO,NO LE INTERESA,37.0,42349000.0
2024-07-18,Carla Lopez,FINANCIACION PROPIA,CARLOS PAZ,40.0,AMERICANA,W.F,OBRA GRIS,PIEDRA NATURAL,NO LE INTERESA,34.0,13128000.0
2025-05-19,Luis Gonzalez,PLAN 36-60,BUENOS AIRES,20.0,CABAÑA,E.E,LLAVE EN MANO,PIEDRA NATURAL,POTABLE,721.0,8882000.0
2024-03-27,Carla Perez,PLAN 36-60,MENDIOLAZA,53.0,MINIMALISTA,S.F,LLAVE EN MANO,LADRILLO,POTABLE,26.0,25704000.0
2024-02-12,Juan Lopez,NO SABE,MENDIOLAZA,62.5,AMERICANA,W.F,LLAVE EN MANO,PIEDRA NATURAL,VENDIDO,39.0,29480000.0
2025-01-19,Jorge Gonzalez,NO SABE,CARLOS PAZ,37.8,MINIMALISTA,E.E,LLAVE EN MANO,PIEDRA NATURAL,NO LE INTERESA,43.0,15584000.0
2025-09-12,Juan Romero,PLAN 36-60,ALTA GRACIA,38.8,MINIMALISTA,W.F,OBRA GRIS,PIEDRA NATURAL,POTABLE,40.0,12744000.0
2025-03-10,Diego Sanchez,PLAN 36-60,SANTIAGO DEL ESTERO,86.7,AMERICANA,E.E,OBRA GRIS,LADRILLO,NO LE INTERESA,449.0,24194000.0
2025-02-11,Luis Garcia,PLAN 36-60,BUENOS AIRES,49.8,MINIMALISTA,W.F,OBRA GRIS,MADERA,VENDIDO,660.0,16937000.0
2025-04-27,Jorge Romero,PLAN 36-60,SANTIAGO DEL ESTERO,68.2,CABAÑA,S.F,LLAVE EN MANO,MADERA,POTABLE,486.0,34135000.0
2025-10-25,Jorge Romero,PLAN 36-60,CARLOS PAZ,36.4,AMERICANA,W.F,OBRA GRIS,LADRILLO,POTABLE,30.0,12069000.0
2024-01-17,Luis Perez,CONTADO,SANTIAGO DEL ESTERO,53.9,AMERICANA,W.F,OBRA GRIS,LADRILLO,VENDIDO,401.0,18259000.0
2025-10-06,Pedro Romero,NO SABE,LA PLATA,48.3,MINIMALISTA,E.E,OBRA GRIS,,NO LE INTERESA,771.0,14702000.0
2024-05-27,Juan Lopez,PLAN 36-60,LA PLATA,41.5,AMERICANA,E.E,OBRA GRIS,LADRILLO,NO LE INTERESA,807.0,13062000.0
2024-10-03,Diego Perez,FINANCIACION PROPIA,LA PLATA,78.1,AMERICANA,E.E,LLAVE EN MANO,LADRILLO,POTABLE,796.0,30295000.0
2024-08-19,Ana Sanchez,PLAN 36-60,ALTA GRACIA,27.2,MINIMALISTA,W.F,OBRA GRIS,LADRILLO,NO LE INTERESA,41.0,9064000.0
2024-12-31,Luis Perez,FINANCIACION PROPIA,ALTA GRACIA,61.0,MINIMALISTA,E.E,LLAVE EN MANO,LADRILLO,NO LE INTERESA,40.0,23281000.0
2024-08-15,Diego Sanchez,CONTADO,ALTA GRACIA,47.9,AMERICANA,S.F,LLAVE EN MANO,PIEDRA NATURAL,NO LE INTERESA,51.0,23916000.0
2025-10-12,Elena Romero,PLAN 36-60,ALTA GRACIA,63.3,AMERICANA,E.E,OBRA GRIS,PIEDRA NATURAL,POTABLE,56.0,17121000.0
2025-03-11,Diego Romero,PLAN 36-60,ALTA GRACIA,48.2,CABAÑA,E.E,LLAVE EN MANO,LADRILLO,NO LE INTERESA,44.0,18229000.0
2025-02-02,Diego Sanchez,CONTADO,CARLOS PAZ,72.3,CABAÑA,S.F,LLAVE EN MANO,LADRILLO,POTABLE,41.0,33841000.0
2024-07-29,Diego Lopez,FINANCIACION PROPIA,SANTIAGO DEL ESTERO,36.2,AMERICANA,E.E,OBRA GRIS,MADERA,POTABLE,412.0,11195000.0
2025-01-25,Pedro Sanchez,CONTADO,CARLOS PAZ,78.2,AMERICANA,E.E,OBRA GRIS,MADERA,POTABLE,34.0,22176000.0
2025-05-13,Maria Perez,PLAN 36-60,SANTIAGO DEL ESTERO,54.4,CABAÑA,W.F,OBRA GRIS,LADRILLO,POTABLE,457.0,17951000.0
2025-06-23,Maria Lopez,CONTADO,CARLOS PAZ,28.4,MINIMALISTA,W.F,OBRA GRIS,MADERA,VENDIDO,33.0,9459000.0
2025-07-16,Ana Romero,FINANCIACION PROPIA,LA PLATA,68.6,AMERICANA,E.E,OBRA GRIS,MADERA,POTABLE,730.0,20559000.0
2025-05-05,Carla Gonzalez,CONTADO,CÓRDOBA CAPITAL,51.0,CABAÑA,S.F,LLAVE EN MANO,PIEDRA NATURAL,NO LE INTERESA,11.0,25307000.0
2025-03-17,Lucia Romero,PLAN 36-60,ALTA GRACIA,20.8,CABAÑA,E.E,OBRA GRIS,PIEDRA NATURAL,POTABLE,46.0,5885000.0
2024-09-17,Elena Rodriguez,CONTADO,CÓRDOBA CAPITAL,61.6,AMERICANA,E.E,LLAVE EN MANO,PIEDRA NATURAL,NO LE INTERESA,6.0,22968000.0
2026-02-11,Diego Martinez,PLAN 36-60,CÓRDOBA CAPITAL,75.1,AMERICANA,E.E,LLAVE EN MANO,MADERA,POTABLE,17.0,28753000.0
2024-12-15,Maria Rodriguez,FINANCIACION PROPIA,LA PLATA,80.6,CABAÑA,W.F,OBRA GRIS,LADRILLO,NO LE INTERESA,803.0,26096000.0
2024-12-17,Ana Perez,CONTADO,CÓRDOBA CAPITAL,47.4,AMERICANA,S.F,LLAVE EN MANO,PIEDRA NATURAL,NO LE INTERESA,6.0,23612000.0
2025-06-03,Pedro Perez,PLAN 36-60,CÓRDOBA CAPITAL,57.9,MINIMALISTA,S.F,LLAVE EN MANO,,VENDIDO,21.0,27689000.0
2024-11-15,Luis Gonzalez,CONTADO,LA PLATA,56.0,AMERICANA,S.F,OBRA GRIS,LADRILLO,NO LE INTERESA,794.0,20687000.0
2024-05-17,Maria Romero,PLAN 36-60,SANTIAGO DEL ESTERO,84.8,CABAÑA,W.F,OBRA GRIS,PIEDRA NATURAL,POTABLE,431.0,27542000.0
2025-07-03,Luis Lopez,PLAN 36-60,CARLOS PAZ,38.8,CABAÑA,W.F,LLAVE EN MANO,MADERA,POTABLE,33.0,16915000.0
2025-09-14,Maria Sanchez,PLAN 36-60,MENDIOLAZA,45.7,AMERICANA,E.E,LLAVE EN MANO,PIEDRA NATURAL,NO LE INTERESA,21.0,18768000.0
2025-01-02,Jorge Garcia,PLAN 36-60,CÓRDOBA CAPITAL,38.3,CABAÑA,W.F,LLAVE EN MANO,,POTABLE,21.0,18047000.0
2024-08-07,Juan Sanchez,PLAN 36-60,ALTA GRACIA,26.0,MINIMALISTA,E.E,LLAVE EN MANO,PIEDRA NATURAL,NO LE INTERESA,49.0,9839000.0
2024-12-02,Jorge Perez,,LA PLATA,60.0,AMERICANA,W.F,LLAVE EN MANO,MADERA,VENDIDO,733.0,29069000.0
2024-08-10,Juan Rodriguez,PLAN 36-60,BUENOS AIRES,87.0,AMERICANA,E.E,OBRA GRIS,LADRILLO,NO LE INTERESA,743.0,25445000.0
2025-10-09,Ana Perez,CONTADO,BUENOS AIRES,51.0,CABAÑA,W.F,OBRA GRIS,,NO LE INTERESA,734.0,18003000.0
2026-02-06,Ana Rodriguez,FINANCIACION PROPIA,CÓRDOBA CAPITAL,37.4,MINIMALISTA,S.F,OBRA GRIS,PIEDRA NATURAL,NO LE INTERESA,12.0,12651000.0
2024-12-25,Lucia Rodriguez,FINANCIACION PROPIA,MENDIOLAZA,58.7,AMERICANA,E.E,OBRA GRIS,MADERA,NO LE INTERESA,39.0,15888000.0
2024-11-24,Pedro Romero,CONTADO,SANTIAGO DEL ESTERO,66.8,CABAÑA,W.F,LLAVE EN MANO,LADRILLO,NO LE INTERESA,424.0,31951000.0
2025-04-07,Ana Garcia,CONTADO,SANTIAGO DEL ESTERO,51.9,AMERICANA,W.F,OBRA GRIS,LADRILLO,POTABLE,468.0,18107000.0
2025-07-14,Elena Garcia,CONTADO,MENDIOLAZA,83.1,MINIMALISTA,E.E,OBRA GRIS,PIEDRA NATURAL,VENDIDO,23.0,23223000.0
2025-01-16,Lucia Martinez,NO SABE,ALTA GRACIA,38.8,CABAÑA,W.F,LLAVE EN MANO,MADERA,POTABLE,52.0,18219000.0
2025-08-12,Luis Sanchez,FINANCIACION PROPIA,CÓRDOBA CAPITAL,49.3,AMERICANA,S.F,LLAVE EN MANO,PIEDRA NATURAL,NO LE INTERESA,11.0,24578000.0
2025-09-08,Lucia Sanchez,,ALTA GRACIA,60.9,CABAÑA,E.E,LLAVE EN MANO,MADERA,POTABLE,49.0,23192000.0
2024-06-17,Luis Romero,PLAN 36-60,SANTIAGO DEL ESTERO,62.9,CABAÑA,E.E,OBRA GRIS,LADRILLO,POTABLE,417.0,17926000.0
2024-08-04,Lucia Rodriguez,CONTADO,BUENOS AIRES,55.9,MINIMALISTA,E.E,OBRA GRIS,PIEDRA NATURAL,NO LE INTERESA,733.0,16142000.0
2025-01-12,Lucia Garcia,PLAN 36-60,SANTIAGO DEL ESTERO,29.4,MINIMALISTA,E.E,LLAVE EN MANO,MADERA,POTABLE,406.0,12466000.0
2024-04-28,Maria Lopez,FINANCIACION PROPIA,CARLOS PAZ,101.8,AMERICANA,E.E,LLAVE EN MANO,LADRILLO,NO LE INTERESA,34.0,41895000.0
2024-07-08,Juan Martinez,PLAN 36-60,SANTIAGO DEL ESTERO,50.3,CABAÑA,S.F,OBRA GRIS,MADERA,NO LE INTERESA,418.0,18317000.0
2026-02-05,Luis Lopez,FINANCIACION PROPIA,LA PLATA,57.2,CABAÑA,E.E,LLAVE EN MANO,PIEDRA NATURAL,NO LE INTERESA,714.0,23860000.0
2025-01-04,Juan Romero,PLAN 36-60,CARLOS PAZ,67.3,CABAÑA,S.F,LLAVE EN MANO,MADERA,POTABLE,49.0,33864000.0
2026-02-16,Maria Garcia,CONTADO,ALTA GRACIA,42.3,AMERICANA,S.F,LLAVE EN MANO,PIEDRA NATURAL,NO LE INTERESA,60.0,20243000.0
2024-05-28,Maria Sanchez,PLAN 36-60,SANTIAGO DEL ESTERO,,MINIMALISTA,S.F,OBRA GRIS,LADRILLO,NO LE INTERESA,478.0,20018000.0
2025-11-06,Luis Garcia,PLAN 36-60,MENDIOLAZA,41.5,MINIMALISTA,E.E,OBRA GRIS,MADERA,POTABLE,42.0,11581000.0
2025-10-13,Jorge Rodriguez,NO SABE,LA PLATA,63.3,CABAÑA,S.F,OBRA GRIS,LADRILLO,NO LE INTERESA,711.0,23441000.0
2025-05-02,Maria Lopez,CONTADO,CARLOS PAZ,49.5,AMERICANA,E.E,LLAVE EN MANO,,NO LE INTERESA,33.0,20135000.0
2026-02-08,Diego Lopez,PLAN 36-60,LA PLATA,60.4,CABAÑA,S.F,LLAVE EN MANO,PIEDRA NATURAL,NO LE INTERESA,766.0,29989000.0
2025-01-08,Pedro Garcia,PLAN 36-60,CARLOS PAZ,34.1,MINIMALISTA,E.E,OBRA GRIS,PIEDRA NATURAL,NO LE INTERESA,54.0,9601000.0
2026-02-19,Carla Lopez,PLAN 36-60,CARLOS PAZ,38.4,CABAÑA,W.F,LLAVE EN MANO,LADRILLO,POTABLE,47.0,17818000.0
2025-11-23,Juan Perez,CONTADO,CARLOS PAZ,,CABAÑA,W.F,LLAVE EN MANO,PIEDRA NATURAL,NO LE INTERESA,39.0,12028000.0
2024-06-08,Ana Gonzalez,NO SABE,MENDIOLAZA,40.8,CABAÑA,S.F,OBRA GRIS,LADRILLO,NO LE INTERESA,24.0,14334000.0
2024-12-16,Juan Garcia,CONTADO,ALTA GRACIA,20.0,MINIMALISTA,W.F,LLAVE EN MANO,PIEDRA NATURAL,NO LE INTERESA,39.0,8752000.0
2024-10-14,Maria Rodriguez,CONTADO,CARLOS PAZ,48.9,AMERICANA,S.F,LLAVE EN MANO,PIEDRA NATURAL,NO LE INTERESA,39.0,24114000.0
2024-10-14,Lucia Rodriguez,FINANCIACION PROPIA,CARLOS PAZ,44.3,CABAÑA,S.F,LLAVE EN MANO,MADERA,NO LE INTERESA,48.0,22362000.0
2024-08-13,Maria Sanchez,CONTADO,LA PLATA,58.0,MINIMALISTA,S.F,LLAVE EN MANO,MADERA,NO LE INTERESA,713.0,28714000.0
2025-06-06,Elena Rodriguez,CONTADO,CARLOS PAZ,55.9,CABAÑA,W.F,OBRA GRIS,PIEDRA NATURAL,NO LE INTERESA,51.0,18708000.0
2025-06-05,Lucia Martinez,PLAN 36-60,ALTA GRACIA,80.1,AMERICANA,S.F,LLAVE EN MANO,LADRILLO,NO LE INTERESA,59.0,38688000.0
2026-02-21,Carla Romero,CONTADO,BUENOS AIRES,106.9,CABAÑA,W.F,OBRA GRIS,,NO LE INTERESA,749.0,34446000.0
2024-09-29,Ana Lopez,NO SABE,MENDIOLAZA,77.8,AMERICANA,W.F,OBRA GRIS,LADRILLO,NO LE INTERESA,43.0,25029000.0
2025-02-05,Juan Lopez,PLAN 36-60,MENDIOLAZA,45.9,MINIMALISTA,E.E,OBRA GRIS,PIEDRA NATURAL,NO LE INTERESA,20.0,13366000.0
2024-07-01,Pedro Martinez,PLAN 36-60,LA PLATA,45.1,AMERICANA,W.F,OBRA GRIS,PIEDRA NATURAL,POTABLE,808.0,15056000.0
2025-10-26,Jorge Gonzalez,CONTADO,BUENOS AIRES,72.4,AMERICANA,E.E,LLAVE EN MANO,LADRILLO,POTABLE,697.0,28919000.0
2025-05-02,Carla Gonzalez,CONTADO,CARLOS PAZ,21.3,MINIMALISTA,S.F,LLAVE EN MANO,MADERA,NO LE INTERESA,52.0,10676000.0
2024-05-03,Juan Rodriguez,PLAN 36-60,LA PLATA,48.7,AMERICANA,S.F,OBRA GRIS,MADERA,NO LE INTERESA,729.0,17880000.0
2025-09-17,Juan Martinez,PLAN 36-60,MENDIOLAZA,50.2,AMERICANA,E.E,OBRA GRIS,LADRILLO,POTABLE,31.0,13497000.0
2026-02-28,Pedro Lopez,FINANCIACION PROPIA,ALTA GRACIA,66.7,MINIMALISTA,S.F,OBRA GRIS,PIEDRA NATURAL,NO LE INTERESA,36.0,23006000.0
2025-02-17,Lucia Martinez,CONTADO,LA PLATA,67.3,AMERICANA,E.E,OBRA GRIS,PIEDRA NATURAL,POTABLE,714.0,20554000.0
2025-12-25,Diego Sanchez,PLAN 36-60,ALTA GRACIA,40.1,AMERICANA,E.E,LLAVE EN MANO,LADRILLO,NO LE INTERESA,59.0,16548000.0
2024-06-20,Diego Sanchez,CONTADO,BUENOS AIRES,46.7,CABAÑA,S.F,OBRA GRIS,MADERA,NO LE INTERESA,741.0,16653000.0
2024-10-14,Lucia Perez,PLAN 36-60,BUENOS AIRES,63.9,AMERICANA,E.E,OBRA GRIS,LADRILLO,NO LE INTERESA,713.0,19093000.0
2025-03-10,Elena Sanchez,PLAN 36-60,SANTIAGO DEL ESTERO,39.0,AMERICANA,E.E,LLAVE EN MANO,LADRILLO,POTABLE,453.0,15337000.0
2025-11-16,Elena Rodriguez,CONTADO,CARLOS PAZ,79.1,AMERICANA,E.E,OBRA GRIS,LADRILLO,VENDIDO,49.0,22622000.0
2024-04-22,Ana Sanchez,PLAN 36-60,ALTA GRACIA,67.2,MINIMALISTA,S.F,LLAVE EN MANO,MADERA,NO LE INTERESA,44.0,31370000.0
2024-05-01,Carla Lopez,CONTADO,CARLOS PAZ,58.4,AMERICANA,S.F,LLAVE EN MANO,LADRILLO,NO LE INTERESA,49.0,27297000.0
2025-06-27,Pedro Sanchez,PLAN 36-60,BUENOS AIRES,62.8,MINIMALISTA,S.F,LLAVE EN MANO,MADERA,NO LE INTERESA,709.0,32717000.0
2024-08-09,Carla Garcia,PLAN 36-60,ALTA GRACIA,45.7,MINIMALISTA,S.F,OBRA GRIS,,VENDIDO,51.0,15388000.0
2025-09-22,Juan Gonzalez,CONTADO,CÓRDOBA CAPITAL,42.5,AMERICANA,S.F,LLAVE EN MANO,MADERA,NO LE INTERESA,29.0,20462000.0
2024-02-08,Juan Rodriguez,NO SABE,BUENOS AIRES,46.5,AMERICANA,W.F,LLAVE EN MANO,MADERA,NO LE INTERESA,707.0,23031000.0
2025-05-11,Lucia Rodriguez,PLAN 36-60,CÓRDOBA CAPITAL,65.0,AMERICANA,W.F,OBRA GRIS,LADRILLO,POTABLE,15.0,21969000.0
2026-02-18,Carla Rodriguez,NO SABE,CÓRDOBA CAPITAL,59.0,AMERICANA,E.E,OBRA GRIS,PIEDRA NATURAL,NO LE INTERESA,28.0,16001000.0
2024-08-20,Elena Gonzalez,CONTADO,BUENOS AIRES,46.5,AMERICANA,W.F,OBRA GRIS,LADRILLO,NO LE INTERESA,750.0,16196000.0
2025-06-13,Elena Martinez,NO SABE,ALTA GRACIA,70.0,AMERICANA,S.F,OBRA GRIS,MADERA,NO LE INTERESA,60.0,24735000.0
2024-05-28,Ana Garcia,CONTADO,MENDIOLAZA,51.5,AMERICANA,S.F,LLAVE EN MANO,MADERA,POTABLE,34.0,25166000.0
2025-01-31,Pedro Gonzalez,PLAN 36-60,MENDIOLAZA,41.1,MINIMALISTA,S.F,OBRA GRIS,LADRILLO,NO LE INTERESA,29.0,15041000.0
2025-10-22,Ana Rodriguez,NO SABE,CARLOS PAZ,60.1,CABAÑA,E.E,LLAVE EN MANO,PIEDRA NATURAL,NO LE INTERESA,36.0,24213000.0
2025-09-29,Maria Rodriguez,CONTADO,CÓRDOBA CAPITAL,34.7,MINIMALISTA,E.E,LLAVE EN MANO,MADERA,NO LE INTERESA,6.0,13971000.0
2024-10-28,Juan Rodriguez,CONTADO,CARLOS PAZ,21.3,AMERICANA,E.E,OBRA GRIS,MADERA,NO LE INTERESA,48.0,5897000.0
2024-12-25,Maria Perez,FINANCIACION PROPIA,ALTA GRACIA,54.9,CABAÑA,E.E,OBRA GRIS,MADERA,POTABLE,41.0,15332000.0
2024-08-25,Pedro Rodriguez,PLAN 36-60,CARLOS PAZ,41.9,CABAÑA,E.E,OBRA GRIS,PIEDRA NATURAL,POTABLE,45.0,11785000.0
2025-10-08,Luis Garcia,PLAN 36-60,CARLOS PAZ,49.9,AMERICANA,E.E,OBRA GRIS,LADRILLO,POTABLE,53.0,13769000.0
2025-10-24,Lucia Gonzalez,CONTADO,CÓRDOBA CAPITAL,35.7,AMERICANA,W.F,LLAVE EN MANO,PIEDRA NATURAL,POTABLE,29.0,15483000.0
2024-08-23,Ana Garcia,PLAN 36-60,BUENOS AIRES,79.2,MINIMALISTA,S.F,OBRA GRIS,PIEDRA NATURAL,POTABLE,660.0,27637000.0
2026-01-05,Ana Perez,CONTADO,MENDIOLAZA,41.8,CABAÑA,W.F,LLAVE EN MANO,MADERA,NO LE INTERESA,28.0,18282000.0
2024-07-21,Maria Lopez,NO SABE,LA PLATA,46.4,CABAÑA,E.E,LLAVE EN MANO,PIEDRA NATURAL,VENDIDO,794.0,18805000.0
2024-09-12,Luis Martinez,PLAN 36-60,SANTIAGO DEL ESTERO,62.6,AMERICANA,S.F,OBRA GRIS,MADERA,POTABLE,454.0,22009000.0
2025-08-20,Elena Sanchez,FINANCIACION PROPIA,ALTA GRACIA,27.5,AMERICANA,S.F,OBRA GRIS,PIEDRA NATURAL,NO LE INTERESA,55.0,9470000.0
2025-10-23,Carla Sanchez,CONTADO,ALTA GRACIA,26.0,CABAÑA,S.F,OBRA GRIS,PIEDRA NATURAL,NO LE INTERESA,56.0,9143000.0
2024-08-22,Ana Sanchez,FINANCIACION PROPIA,ALTA GRACIA,62.6,CABAÑA,W.F,LLAVE EN MANO,LADRILLO,VENDIDO,46.0,28316000.0
2024-12-10,Elena Lopez,PLAN 36-60,SANTIAGO DEL ESTERO,46.1,AMERICANA,S.F,LLAVE EN MANO,PIEDRA NATURAL,VENDIDO,436.0,22799000.0
2025-06-17,Diego Martinez,FINANCIACION PROPIA,LA PLATA,37.0,AMERICANA,E.E,LLAVE EN MANO,LADRILLO,POTABLE,756.0,16275000.0
2026-02-19,Lucia Garcia,CONTADO,MENDIOLAZA,67.1,AMERICANA,E.E,OBRA GRIS,MADERA,POTABLE,36.0,18942000.0
2025-04-10,Diego Romero,FINANCIACION PROPIA,CARLOS PAZ,38.8,MINIMALISTA,W.F,OBRA GRIS,MADERA,POTABLE,39.0,12913000.0
2026-02-08,Lucia Rodriguez,PLAN 36-60,MENDIOLAZA,49.5,MINIMALISTA,W.F,OBRA GRIS,LADRILLO,NO LE INTERESA,39.0,16676000.0
2025-06-24,Jorge Perez,CONTADO,ALTA GRACIA,37.1,AMERICANA,E.E,OBRA GRIS,MADERA,NO LE INTERESA,58.0,10122000.0
2024-07-31,Ana Sanchez,PLAN 36-60,CARLOS PAZ,61.1,MINIMALISTA,W.F,OBRA GRIS,MADERA,POTABLE,37.0,19587000.0
2025-04-07,Luis Rodriguez,CONTADO,CÓRDOBA CAPITAL,81.6,CABAÑA,S.F,OBRA GRIS,PIEDRA NATURAL,NO LE INTERESA,29.0,28412000.0
2025-03-11,Luis Sanchez,CONTADO,MENDIOLAZA,20.0,CABAÑA,W.F,OBRA GRIS,LADRILLO,NO LE INTERESA,36.0,6399000.0
2024-10-09,Jorge Sanchez,CONTADO,CÓRDOBA CAPITAL,57.3,AMERICANA,S.F,LLAVE EN MANO,MADERA,VENDIDO,27.0,26737000.0
2025-07-15,Jorge Martinez,PLAN 36-60,CÓRDOBA CAPITAL,72.1,CABAÑA,S.F,LLAVE EN MANO,LADRILLO,POTABLE,8.0,36458000.0
2025-08-29,Elena Perez,PLAN 36-60,BUENOS AIRES,46.6,CABAÑA,S.F,LLAVE EN MANO,PIEDRA NATURAL,POTABLE,685.0,22935000.0
2025-04-07,Elena Martinez,PLAN 36-60,MENDIOLAZA,32.4,CABAÑA,S.F,LLAVE EN MANO,MADERA,POTABLE,28.0,16707000.0
2025-02-10,Carla Romero,CONTADO,ALTA GRACIA,63.4,CABAÑA,S.F,OBRA GRIS,MADERA,POTABLE,43.0,22862000.0
2024-03-28,Jorge Garcia,FINANCIACION PROPIA,SANTIAGO DEL ESTERO,75.0,CABAÑA,E.E,OBRA GRIS,LADRILLO,NO LE INTERESA,417.0,21799000.0
2024-02-13,Juan Gonzalez,NO SABE,ALTA GRACIA,72.8,MINIMALISTA,E.E,OBRA GRIS,MADERA,POTABLE,57.0,19762000.0
2025-04-05,Lucia Lopez,CONTADO,CÓRDOBA CAPITAL,62.3,MINIMALISTA,E.E,LLAVE EN MANO,LADRILLO,NO LE INTERESA,15.0,24482000.0
2024-10-04,Diego Garcia,CONTADO,CÓRDOBA CAPITAL,57.0,AMERICANA,S.F,OBRA GRIS,MADERA,POTABLE,29.0,19516000.0
2025-11-13,Pedro Rodriguez,PLAN 36-60,ALTA GRACIA,37.0,CABAÑA,W.F,LLAVE EN MANO,PIEDRA NATURAL,POTABLE,50.0,16340000.0
2025-02-24,Luis Lopez,FINANCIACION PROPIA,SANTIAGO DEL ESTERO,72.3,MINIMALISTA,W.F,LLAVE EN MANO,PIEDRA NATURAL,NO LE INTERESA,414.0,34308000.0
2025-12-01,Luis Rodriguez,PLAN 36-60,SANTIAGO DEL ESTERO,71.2,MINIMALISTA,S.F,LLAVE EN MANO,LADRILLO,VENDIDO,455.0,35146000.0
2024-12-18,Juan Perez,PLAN 36-60,BUENOS AIRES,32.2,MINIMALISTA,W.F,OBRA GRIS,MADERA,NO LE INTERESA,759.0,11450000.0
2025-11-26,Ana Perez,CONTADO,CARLOS PAZ,62.3,CABAÑA,S.F,OBRA GRIS,MADERA,VENDIDO,44.0,22621000.0
2025-05-29,Maria Gonzalez,FINANCIACION PROPIA,LA PLATA,68.1,MINIMALISTA,W.F,LLAVE EN MANO,LADRILLO,NO LE INTERESA,710.0,30455000.0
2025-12-03,Diego Romero,PLAN 36-60,CÓRDOBA CAPITAL,,AMERICANA,S.F,LLAVE EN MANO,PIEDRA NATURAL,NO LE INTERESA,28.0,35953000.0
2025-09-21,Juan Gonzalez,CONTADO,SANTIAGO DEL ESTERO,53.5,AMERICANA,W.F,OBRA GRIS,PIEDRA NATURAL,NO LE INTERESA,423.0,18001000.0
2024-01-19,Ana Lopez,CONTADO,MENDIOLAZA,37.8,CABAÑA,W.F,LLAVE EN MANO,PIEDRA NATURAL,POTABLE,37.0,16968000.0
2024-01-23,Ana Gonzalez,PLAN 36-60,BUENOS AIRES,45.0,AMERICANA,E.E,OBRA GRIS,LADRILLO,POTABLE,712.0,14119000.0
2025-02-16,Luis Perez,PLAN 36-60,CÓRDOBA CAPITAL,34.9,MINIMALISTA,W.F,LLAVE EN MANO,PIEDRA NATURAL,NO LE INTERESA,13.0,16450000.0
2024-01-30,Ana Garcia,PLAN 36-60,LA PLATA,54.0,CABAÑA,W.F,OBRA GRIS,LADRILLO,POTABLE,738.0,18431000.0
2024-04-17,Diego Gonzalez,NO SABE,MENDIOLAZA,50.1,AMERICANA,S.F,LLAVE EN MANO,PIEDRA NATURAL,POTABLE,43.0,24506000.0
2025-01-01,Maria Garcia,,CÓRDOBA CAPITAL,97.9,CABAÑA,W.F,OBRA GRIS,PIEDRA NATURAL,POTABLE,28.0,31572000.0
2024-10-07,Jorge Garcia,NO SABE,BUENOS AIRES,72.9,MINIMALISTA,W.F,LLAVE EN MANO,LADRILLO,NO LE INTERESA,711.0,34687000.0
2024-05-07,Carla Romero,PLAN 36-60,BUENOS AIRES,74.4,AMERICANA,W.F,OBRA GRIS,MADERA,NO LE INTERESA,686.0,25406000.0
2024-08-16,Maria Romero,PLAN 36-60,SANTIAGO DEL ESTERO,64.4,MINIMALISTA,W.F,LLAVE EN MANO,MADERA,NO LE INTERESA,410.0,28825000.0
2024-04-20,Ana Perez,FINANCIACION PROPIA,CARLOS PAZ,47.7,AMERICANA,W.F,OBRA GRIS,MADERA,NO LE INTERESA,34.0,14738000.0
2024-05-15,Luis Romero,PLAN 36-60,ALTA GRACIA,,CABAÑA,E.E,LLAVE EN MANO,PIEDRA NATURAL,NO LE INTERESA,48.0,20351000.0
2024-12-27,Carla Lopez,CONTADO,BUENOS AIRES,51.3,AMERICANA,W.F,LLAVE EN MANO,PIEDRA NATURAL,NO LE INTERESA,691.0,23585000.0
2024-07-04,Luis Rodriguez,FINANCIACION PROPIA,MENDIOLAZA,58.8,AMERICANA,S.F,LLAVE EN MANO,MADERA,VENDIDO,21.0,29243000.0
2025-10-17,Diego Lopez,PLAN 36-60,ALTA GRACIA,62.8,AMERICANA,S.F,LLAVE EN MANO,PIEDRA NATURAL,NO LE INTERESA,46.0,31854000.0
2025-08-06,Juan Perez,PLAN 36-60,SANTIAGO DEL ESTERO,55.0,CABAÑA,W.F,LLAVE EN MANO,PIEDRA NATURAL,NO LE INTERESA,475.0,24997000.0
2024-05-08,Lucia Romero,FINANCIACION PROPIA,SANTIAGO DEL ESTERO,49.2,AMERICANA,W.F,LLAVE EN MANO,MADERA,NO LE INTERESA,489.0,23223000.0
2024-09-17,Pedro Gonzalez,PLAN 36-60,MENDIOLAZA,43.1,MINIMALISTA,W.F,OBRA GRIS,LADRILLO,NO LE INTERESA,35.0,13384000.0
2025-05-29,Diego Garcia,PLAN 36-60,LA PLATA,27.1,CABAÑA,E.E,OBRA GRIS,MADERA,NO LE INTERESA,782.0,9173000.0
2025-03-24,Lucia Lopez,FINANCIACION PROPIA,BUENOS AIRES,80.7,CABAÑA,S.F,LLAVE EN MANO,MADERA,POTABLE,696.0,38794000.0
2024-04-13,Maria Gonzalez,PLAN 36-60,MENDIOLAZA,99.1,MINIMALISTA,E.E,OBRA GRIS,LADRILLO,NO LE INTERESA,32.0,27624000.0
2025-04-27,Elena Romero,CONTADO,CÓRDOBA CAPITAL,79.0,CABAÑA,E.E,LLAVE EN MANO,PIEDRA NATURAL,POTABLE,23.0,31117000.0
2024-08-11,Diego Sanchez,FINANCIACION PROPIA,LA PLATA,29.8,AMERICANA,W.F,LLAVE EN MANO,MADERA,POTABLE,783.0,15033000.0
2025-05-05,Jorge Gonzalez,CONTADO,ALTA GRACIA,70.7,CABAÑA,W.F,OBRA GRIS,MADERA,NO LE INTERESA,46.0,21969000.0
2025-04-17,Ana Romero,FINANCIACION PROPIA,CÓRDOBA CAPITAL,75.5,MINIMALISTA,S.F,LLAVE EN MANO,PIEDRA NATURAL,NO LE INTERESA,19.0,36804000.0
2024-01-10,Ana Romero,NO SABE,LA PLATA,46.9,CABAÑA,W.F,LLAVE EN MANO,PIEDRA NATURAL,POTABLE,802.0,21898000.0
2025-02-08,Ana Martinez,CONTADO,ALTA GRACIA,64.8,MINIMALISTA,S.F,OBRA GRIS,LADRILLO,POTABLE,51.0,22329000.0
2024-10-28,Maria Gonzalez,CONTADO,CÓRDOBA CAPITAL,45.9,CABAÑA,E.E,LLAVE EN MANO,PIEDRA NATURAL,NO LE INTERESA,21.0,18527000.0
2024-08-18,Juan Martinez,CONTADO,CARLOS PAZ,85.6,MINIMALISTA,S.F,LLAVE EN MANO,MADERA,NO LE INTERESA,50.0,39941000.0
2025-12-31,Diego Martinez,PLAN 36-60,BUENOS AIRES,62.3,CABAÑA,S.F,OBRA GRIS,PIEDRA NATURAL,POTABLE,672.0,23381000.0
2024-03-06,Jorge Romero,NO SABE,MENDIOLAZA,36.7,AMERICANA,S.F,OBRA GRIS,,POTABLE,33.0,13295000.0
2024-04-21,Jorge Martinez,PLAN 36-60,MENDIOLAZA,68.4,MINIMALISTA,E.E,LLAVE EN MANO,LADRILLO,NO LE INTERESA,44.0,27958000.0
2024-01-13,Elena Sanchez,CONTADO,MENDIOLAZA,76.2,MINIMALISTA,E.E,LLAVE EN MANO,LADRILLO,NO LE INTERESA,29.0,30293000.0
2025-01-27,Juan Gonzalez,PLAN 36-60,CARLOS PAZ,,CABAÑA,W.F,LLAVE EN MANO,MADERA,POTABLE,37.0,26209000.0
2025-05-14,Diego Gonzalez,FINANCIACION PROPIA,BUENOS AIRES,64.6,CABAÑA,W.F,LLAVE EN MANO,MADERA,POTABLE,720.0,29982000.0
2025-08-20,Diego Rodriguez,CONTADO,LA PLATA,53.6,CABAÑA,S.F,LLAVE EN MANO,PIEDRA NATURAL,NO LE INTERESA,732.0,28647000.0
2024-08-21,Carla Romero,FINANCIACION PROPIA,BUENOS AIRES,32.3,AMERICANA,S.F,LLAVE EN MANO,MADERA,POTABLE,716.0,17545000.0
2025-08-24,Elena Martinez,CONTADO,SANTIAGO DEL ESTERO,52.0,CABAÑA,E.E,LLAVE EN MANO,MADERA,POTABLE,416.0,20931000.0
2024-11-09,Pedro Martinez,FINANCIACION PROPIA,CÓRDOBA CAPITAL,65.5,MINIMALISTA,E.E,OBRA GRIS,PIEDRA NATURAL,NO LE INTERESA,19.0,19182000.0
2025-07-19,Jorge Sanchez,CONTADO,LA PLATA,52.4,CABAÑA,E.E,LLAVE EN MANO,PIEDRA NATURAL,VENDIDO,770.0,22396000.0
2024-01-12,Elena Martinez,CONTADO,SANTIAGO DEL ESTERO,71.0,AMERICANA,S.F,LLAVE EN MANO,PIEDRA NATURAL,POTABLE,442.0,36875000.0
2024-07-27,Lucia Gonzalez,FINANCIACION PROPIA,MENDIOLAZA,47.2,CABAÑA,S.F,OBRA GRIS,LADRILLO,NO LE INTERESA,30.0,16868000.0
2024-01-14,Juan Sanchez,PLAN 36-60,MENDIOLAZA,48.5,CABAÑA,E.E,LLAVE EN MANO,LADRILLO,POTABLE,26.0,19732000.0
2025-09-24,Carla Gonzalez,CONTADO,MENDIOLAZA,71.6,MINIMALISTA,S.F,LLAVE EN MANO,PIEDRA NATURAL,NO LE INTERESA,28.0,36502000.0
2025-02-21,Juan Sanchez,NO SABE,SANTIAGO DEL ESTERO,59.4,CABAÑA,E.E,OBRA GRIS,LADRILLO,POTABLE,450.0,16601000.0
2025-03-12,Ana Martinez,PLAN 36-60,CÓRDOBA CAPITAL,46.8,AMERICANA,W.F,LLAVE EN MANO,LADRILLO,NO LE INTERESA,11.0,22096000.0
2025-01-11,Luis Lopez,CONTADO,CÓRDOBA CAPITAL,,CABAÑA,E.E,OBRA GRIS,LADRILLO,NO LE INTERESA,25.0,20880000.0
2024-01-20,Lucia Sanchez,PLAN 36-60,SANTIAGO DEL ESTERO,41.2,CABAÑA,S.F,OBRA GRIS,MADERA,VENDIDO,471.0,15036000.0
2025-08-09,Ana Lopez,FINANCIACION PROPIA,ALTA GRACIA,40.5,MINIMALISTA,S.F,OBRA GRIS,PIEDRA NATURAL,NO LE INTERESA,42.0,14654000.0
2026-01-24,Maria Martinez,PLAN 36-60,MENDIOLAZA,,CABAÑA,S.F,OBRA GRIS,PIEDRA NATURAL,POTABLE,22.0,7149000.0
2026-01-04,Elena Perez,CONTADO,LA PLATA,43.9,MINIMALISTA,S.F,OBRA GRIS,MADERA,NO LE INTERESA,710.0,17076000.0
2024-03-10,Ana Gonzalez,PLAN 36-60,CÓRDOBA CAPITAL,81.2,MINIMALISTA,E.E,OBRA GRIS,LADRILLO,POTABLE,20.0,22540000.0
2024-07-29,Elena Gonzalez,PLAN 36-60,BUENOS AIRES,20.0,CABAÑA,E.E,OBRA GRIS,PIEDRA NATURAL,NO LE INTERESA,681.0,6538000.0
2024-04-10,Diego Garcia,FINANCIACION PROPIA,SANTIAGO DEL ESTERO,36.0,MINIMALISTA,W.F,LLAVE EN MANO,LADRILLO,NO LE INTERESA,401.0,16042000.0
2025-11-28,Maria Gonzalez,CONTADO,ALTA GRACIA,63.8,MINIMALISTA,E.E,OBRA GRIS,MADERA,NO LE INTERESA,44.0,17863000.0
2024-05-11,Elena Garcia,PLAN 36-60,CARLOS PAZ,20.0,CABAÑA,W.F,OBRA GRIS,LADRILLO,NO LE INTERESA,54.0,6667000.0
2025-09-14,Pedro Garcia,CONTADO,SANTIAGO DEL ESTERO,44.8,CABAÑA,E.E,LLAVE EN MANO,MADERA,NO LE INTERESA,469.0,17902000.0
2025-01-15,Maria Perez,PLAN 36-60,BUENOS AIRES,77.8,AMERICANA,E.E,LLAVE EN MANO,MADERA,VENDIDO,746.0,31499000.0
2024-05-11,Carla Romero,NO SABE,ALTA GRACIA,95.9,AMERICANA,S.F,OBRA GRIS,LADRILLO,VENDIDO,39.0,32680000.0
2024-01-20,Luis Garcia,CONTADO,CARLOS PAZ,60.8,MINIMALISTA,W.F,OBRA GRIS,LADRILLO,NO LE INTERESA,32.0,20161000.0
2025-06-19,Juan Lopez,CONTADO,ALTA GRACIA,,MINIMALISTA,S.F,OBRA GRIS,PIEDRA NATURAL,NO LE INTERESA,35.0,12264000.0
2024-08-14,Ana Martinez,PLAN 36-60,CÓRDOBA CAPITAL,35.8,CABAÑA,S.F,OBRA GRIS,MADERA,NO LE INTERESA,29.0,12832000.0
2024-06-02,Ana Sanchez,FINANCIACION PROPIA,SANTIAGO DEL ESTERO,57.9,AMERICANA,E.E,LLAVE EN MANO,LADRILLO,POTABLE,430.0,23059000.0
2026-01-11,Carla Perez,,BUENOS AIRES,60.6,AMERICANA,E.E,LLAVE EN MANO,LADRILLO,POTABLE,706.0,23677000.0
2025-04-13,Elena Perez,PLAN 36-60,CARLOS PAZ,92.2,CABAÑA,W.F,OBRA GRIS,PIEDRA NATURAL,NO LE INTERESA,40.0,30800000.0
2025-02-08,Carla Garcia,FINANCIACION PROPIA,ALTA GRACIA,74.4,CABAÑA,W.F,LLAVE EN MANO,PIEDRA NATURAL,POTABLE,53.0,33578000.0
2024-07-20,Elena Garcia,FINANCIACION PROPIA,CARLOS PAZ,56.7,CABAÑA,E.E,LLAVE EN MANO,PIEDRA NATURAL,NO LE INTERESA,38.0,22505000.0
2024-02-07,Diego Sanchez,FINANCIACION PROPIA,LA PLATA,48.3,CABAÑA,W.F,LLAVE EN MANO,MADERA,NO LE INTERESA,764.0,23451000.0
2026-02-10,Diego Rodriguez,CONTADO,BUENOS AIRES,115.3,AMERICANA,E.E,LLAVE EN MANO,PIEDRA NATURAL,NO LE INTERESA,760.0,47056000.0
2024-07-06,Maria Perez,NO SABE,SANTIAGO DEL ESTERO,67.5,CABAÑA,E.E,OBRA GRIS,MADERA,POTABLE,444.0,20018000.0
2024-02-26,Diego Lopez,CONTADO,CÓRDOBA CAPITAL,41.6,CABAÑA,E.E,LLAVE EN MANO,,POTABLE,19.0,16764000.0
2024-01-20,Ana Perez,CONTADO,CARLOS PAZ,50.5,AMERICANA,W.F,LLAVE EN MANO,MADERA,POTABLE,43.0,23033000.0
2024-09-29,Pedro Sanchez,CONTADO,MENDIOLAZA,37.5,CABAÑA,S.F,OBRA GRIS,PIEDRA NATURAL,POTABLE,40.0,13008000.0
2024-04-28,Diego Martinez,PLAN 36-60,ALTA GRACIA,20.0,AMERICANA,W.F,LLAVE EN MANO,MADERA,VENDIDO,42.0,8846000.0
2025-08-05,Diego Gonzalez,FINANCIACION PROPIA,MENDIOLAZA,61.3,AMERICANA,S.F,OBRA GRIS,PIEDRA NATURAL,POTABLE,24.0,22357000.0
2025-05-30,Juan Rodriguez,CONTADO,CARLOS PAZ,90.6,CABAÑA,W.F,OBRA GRIS,PIEDRA NATURAL,POTABLE,49.0,30621000.0
2024-08-08,Ana Sanchez,FINANCIACION PROPIA,BUENOS AIRES,,CABAÑA,S.F,LLAVE EN MANO,LADRILLO,POTABLE,702.0,11858000.0
2025-06-09,Maria Rodriguez,FINANCIACION PROPIA,MENDIOLAZA,56.1,MINIMALISTA,S.F,LLAVE EN MANO,MADERA,NO LE INTERESA,43.0,26485000.0
2025-05-29,Juan Rodriguez,PLAN 36-60,ALTA GRACIA,40.9,MINIMALISTA,W.F,OBRA GRIS,LADRILLO,NO LE INTERESA,51.0,12879000.0
2025-12-28,Elena Perez,FINANCIACION PROPIA,CARLOS PAZ,65.4,AMERICANA,W.F,LLAVE EN MANO,MADERA,POTABLE,44.0,30053000.0
2026-01-10,Lucia Lopez,CONTADO,CÓRDOBA CAPITAL,51.6,AMERICANA,S.F,OBRA GRIS,LADRILLO,VENDIDO,7.0,17479000.0
2024-12-01,Lucia Romero,CONTADO,CÓRDOBA CAPITAL,27.8,MINIMALISTA,E.E,OBRA GRIS,PIEDRA NATURAL,NO LE INTERESA,23.0,8038000.0
2025-11-28,Juan Garcia,FINANCIACION PROPIA,SANTIAGO DEL ESTERO,35.4,AMERICANA,S.F,LLAVE EN MANO,LADRILLO,POTABLE,469.0,18813000.0
2024-02-24,Elena Martinez,,CÓRDOBA CAPITAL,38.4,MINIMALISTA,S.F,OBRA GRIS,PIEDRA NATURAL,NO LE INTERESA,21.0,14096000.0
2025-05-14,Carla Romero,CONTADO,CARLOS PAZ,81.9,CABAÑA,E.E,OBRA GRIS,MADERA,NO LE INTERESA,37.0,21860000.0
2026-02-04,Maria Gonzalez,PLAN 36-60,BUENOS AIRES,80.9,CABAÑA,S.F,LLAVE EN MANO,PIEDRA NATURAL,POTABLE,755.0,42642000.0
2025-06-19,Pedro Perez,FINANCIACION PROPIA,CARLOS PAZ,48.8,CABAÑA,E.E,LLAVE EN MANO,,NO LE INTERESA,38.0,19647000.0
2024-06-10,Elena Martinez,PLAN 36-60,CÓRDOBA CAPITAL,79.6,AMERICANA,E.E,OBRA GRIS,MADERA,POTABLE,9.0,21374000.0
2025-10-31,Maria Sanchez,CONTADO,LA PLATA,51.5,CABAÑA,W.F,LLAVE EN MANO,LADRILLO,NO LE INTERESA,809.0,24223000.0
2025-08-16,Ana Romero,PLAN 36-60,CARLOS PAZ,48.5,AMERICANA,S.F,OBRA GRIS,PIEDRA NATURAL,NO LE INTERESA,49.0,17390000.0
2024-06-07,Lucia Sanchez,FINANCIACION PROPIA,SANTIAGO DEL ESTERO,56.1,CABAÑA,S.F,LLAVE EN MANO,PIEDRA NATURAL,NO LE INTERESA,441.0,29436000.0
2024-07-06,Elena Garcia,CONTADO,LA PLATA,60.7,AMERICANA,E.E,OBRA GRIS,LADRILLO,NO LE INTERESA,804.0,17591000.0
2024-02-29,Ana Sanchez,CONTADO,CÓRDOBA CAPITAL,43.9,AMERICANA,S.F,LLAVE EN MANO,MADERA,POTABLE,7.0,20720000.0
2024-11-14,Elena Rodriguez,PLAN 36-60,BUENOS AIRES,55.4,MINIMALISTA,E.E,LLAVE EN MANO,LADRILLO,POTABLE,669.0,22657000.0
2024-07-29,Juan Martinez,PLAN 36-60,ALTA GRACIA,70.7,MINIMALISTA,S.F,LLAVE EN MANO,PIEDRA NATURAL,NO LE INTERESA,52.0,36346000.0
2025-02-09,Maria Garcia,,CARLOS PAZ,57.6,MINIMALISTA,S.F,LLAVE EN MANO,MADERA,POTABLE,34.0,29608000.0
2025-10-25,Luis Lopez,CONTADO,ALTA GRACIA,55.9,AMERICANA,E.E,LLAVE EN MANO,LADRILLO,POTABLE,58.0,21401000.0
2024-04-18,Ana Perez,CONTADO,MENDIOLAZA,64.9,MINIMALISTA,E.E,OBRA GRIS,PIEDRA NATURAL,NO LE INTERESA,41.0,17904000.0
2024-03-16,Elena Garcia,CONTADO,SANTIAGO DEL ESTERO,68.3,MINIMALISTA,S.F,OBRA GRIS,MADERA,POTABLE,431.0,25553000.0
2025-06-25,Diego Romero,CONTADO,LA PLATA,53.7,MINIMALISTA,S.F,LLAVE EN MANO,LADRILLO,POTABLE,799.0,28158000.0
2024-11-09,Diego Sanchez,PLAN 36-60,ALTA GRACIA,45.5,AMERICANA,E.E,OBRA GRIS,MADERA,POTABLE,36.0,13398000.0
2024-04-26,Jorge Gonzalez,PLAN 36-60,SANTIAGO DEL ESTERO,58.8,AMERICANA,W.F,LLAVE EN MANO,PIEDRA NATURAL,POTABLE,455.0,28258000.0
2025-12-04,Ana Perez,PLAN 36-60,ALTA GRACIA,23.1,MINIMALISTA,W.F,OBRA GRIS,LADRILLO,NO LE INTERESA,58.0,7311000.0
2024-01-19,Diego Garcia,PLAN 36-60,ALTA GRACIA,50.8,MINIMALISTA,S.F,OBRA GRIS,LADRILLO,POTABLE,56.0,18328000.0
2025-03-07,Luis Rodriguez,CONTADO,SANTIAGO DEL ESTERO,20.0,AMERICANA,S.F,OBRA GRIS,PIEDRA NATURAL,VENDIDO,436.0,7308000.0
2025-11-15,Luis Martinez,PLAN 36-60,CARLOS PAZ,21.5,AMERICANA,S.F,LLAVE EN MANO,PIEDRA NATURAL,POTABLE,35.0,10924000.0
2026-01-09,Lucia Romero,CONTADO,ALTA GRACIA,20.0,MINIMALISTA,E.E,LLAVE EN MANO,PIEDRA NATURAL,NO LE INTERESA,40.0,7980000.0
2024-12-15,Luis Garcia,CONTADO,SANTIAGO DEL ESTERO,75.9,MINIMALISTA,S.F,OBRA GRIS,LADRILLO,NO LE INTERESA,451.0,28484000.0
2024-07-01,Jorge Lopez,CONTADO,ALTA GRACIA,55.3,MINIMALISTA,S.F,OBRA GRIS,PIEDRA NATURAL,POTABLE,50.0,20324000.0
2024-04-22,Elena Sanchez,NO SABE,BUENOS AIRES,29.8,AMERICANA,S.F,OBRA GRIS,LADRILLO,NO LE INTERESA,663.0,10911000.0
2024-07-01,Carla Perez,CONTADO,CARLOS PAZ,64.8,MINIMALISTA,W.F,OBRA GRIS,LADRILLO,NO LE INTERESA,40.0,20215000.0
2025-04-25,Ana Lopez,NO SABE,BUENOS AIRES,74.8,AMERICANA,S.F,LLAVE EN MANO,MADERA,POTABLE,743.0,37707000.0
2024-05-25,Elena Lopez,CONTADO,BUENOS AIRES,65.2,CABAÑA,S.F,LLAVE EN MANO,PIEDRA NATURAL,VENDIDO,704.0,34256000.0
2025-09-19,Juan Martinez,PLAN 36-60,SANTIAGO DEL ESTERO,51.2,MINIMALISTA,E.E,OBRA GRIS,PIEDRA NATURAL,POTABLE,417.0,15432000.0
2024-04-22,Diego Sanchez,FINANCIACION PROPIA,BUENOS AIRES,59.6,CABAÑA,W.F,LLAVE EN MANO,MADERA,POTABLE,755.0,29300000.0
2026-02-01,Luis Perez,CONTADO,ALTA GRACIA,73.0,AMERICANA,E.E,OBRA GRIS,LADRILLO,NO LE INTERESA,42.0,20745000.0
2025-04-20,Elena Sanchez,CONTADO,CÓRDOBA CAPITAL,45.6,CABAÑA,S.F,LLAVE EN MANO,LADRILLO,POTABLE,25.0,21837000.0
2026-02-01,Diego Garcia,NO SABE,CARLOS PAZ,55.6,MINIMALISTA,S.F,OBRA GRIS,LADRILLO,NO LE INTERESA,35.0,18586000.0
2024-10-29,Lucia Lopez,PLAN 36-60,ALTA GRACIA,,CABAÑA,S.F,LLAVE EN MANO,PIEDRA NATURAL,NO LE INTERESA,46.0,23841000.0
2024-04-27,Diego Martinez,CONTADO,LA PLATA,22.7,CABAÑA,S.F,OBRA GRIS,LADRILLO,VENDIDO,759.0,9243000.0
2024-06-09,Pedro Perez,CONTADO,SANTIAGO DEL ESTERO,73.3,CABAÑA,S.F,LLAVE EN MANO,MADERA,NO LE INTERESA,450.0,38152000.0
2025-02-04,Pedro Rodriguez,NO SABE,ALTA GRACIA,96.1,AMERICANA,E.E,OBRA GRIS,LADRILLO,VENDIDO,48.0,26497000.0
2024-07-16,Jorge Gonzalez,FINANCIACION PROPIA,CARLOS PAZ,37.5,MINIMALISTA,S.F,LLAVE EN MANO,PIEDRA NATURAL,NO LE INTERESA,36.0,19121000.0
2024-09-16,Maria Perez,PLAN 36-60,BUENOS AIRES,74.3,AMERICANA,S.F,OBRA GRIS,PIEDRA NATURAL,POTABLE,712.0,26788000.0
2025-10-21,Ana Perez,CONTADO,CARLOS PAZ,38.2,CABAÑA,W.F,OBRA GRIS,LADRILLO,NO LE INTERESA,42.0,12126000.0
2026-01-21,Pedro Martinez,FINANCIACION PROPIA,LA PLATA,57.7,CABAÑA,W.F,LLAVE EN MANO,LADRILLO,NO LE INTERESA,731.0,27132000.0
2024-02-16,Elena Perez,CONTADO,BUENOS AIRES,85.2,AMERICANA,S.F,LLAVE EN MANO,PIEDRA NATURAL,NO LE INTERESA,759.0,42639000.0
2025-02-02,Elena Sanchez,PLAN 36-60,LA PLATA,,AMERICANA,S.F,LLAVE EN MANO,LADRILLO,NO LE INTERESA,797.0,24003000.0
2025-12-10,Diego Sanchez,PLAN 36-60,MENDIOLAZA,54.7,CABAÑA,S.F,OBRA GRIS,MADERA,NO LE INTERESA,42.0,19147000.0
2025-07-12,Luis Lopez,CONTADO,MENDIOLAZA,20.0,MINIMALISTA,S.F,OBRA GRIS,PIEDRA NATURAL,NO LE INTERESA,37.0,6898000.0
2024-03-18,Maria Sanchez,PLAN 36-60,ALTA GRACIA,41.7,AMERICANA,S.F,OBRA GRIS,,VENDIDO,39.0,15155000.0
2024-05-03,Ana Perez,FINANCIACION PROPIA,CÓRDOBA CAPITAL,20.0,CABAÑA,S.F,LLAVE EN MANO,LADRILLO,NO LE INTERESA,19.0,10319000.0
2024-03-15,Ana Lopez,FINANCIACION PROPIA,BUENOS AIRES,63.6,CABAÑA,E.E,OBRA GRIS,LADRILLO,POTABLE,742.0,19201000.0
2024-05-16,Lucia Romero,CONTADO,CARLOS PAZ,71.6,MINIMALISTA,E.E,LLAVE EN MANO,MADERA,NO LE INTERESA,31.0,27412000.0
2025-08-24,Luis Gonzalez,CONTADO,CÓRDOBA CAPITAL,50.6,CABAÑA,E.E,OBRA GRIS,PIEDRA NATURAL,POTABLE,17.0,13823000.0
2025-02-03,Carla Romero,CONTADO,BUENOS AIRES,,AMERICANA,W.F,OBRA GRIS,MADERA,NO LE INTERESA,700.0,19684000.0
2025-05-19,Juan Gonzalez,,BUENOS AIRES,48.5,CABAÑA,S.F,OBRA GRIS,LADRILLO,POTABLE,681.0,17236000.0
2025-05-14,Ana Romero,PLAN 36-60,BUENOS AIRES,69.8,CABAÑA,W.F,LLAVE EN MANO,MADERA,POTABLE,698.0,33862000.0
2025-07-26,Ana Lopez,PLAN 36-60,BUENOS AIRES,57.6,CABAÑA,W.F,OBRA GRIS,LADRILLO,POTABLE,758.0,18890000.0
2024-05-17,Maria Rodriguez,,CÓRDOBA CAPITAL,20.0,CABAÑA,W.F,OBRA GRIS,LADRILLO,POTABLE,23.0,6464000.0
2024-02-19,Juan Perez,CONTADO,ALTA GRACIA,73.8,MINIMALISTA,E.E,LLAVE EN MANO,PIEDRA NATURAL,NO LE INTERESA,42.0,29567000.0
2026-02-09,Carla Sanchez,CONTADO,SANTIAGO DEL ESTERO,47.2,AMERICANA,S.F,OBRA GRIS,PIEDRA NATURAL,POTABLE,461.0,17815000.0
2025-09-10,Luis Romero,,SANTIAGO DEL ESTERO,29.6,CABAÑA,S.F,LLAVE EN MANO,LADRILLO,NO LE INTERESA,425.0,14644000.0
2025-09-16,Lucia Garcia,PLAN 36-60,SANTIAGO DEL ESTERO,46.2,AMERICANA,W.F,OBRA GRIS,LADRILLO,NO LE INTERESA,461.0,15471000.0
2024-09-10,Maria Lopez,PLAN 36-60,LA PLATA,20.0,MINIMALISTA,E.E,OBRA GRIS,LADRILLO,POTABLE,800.0,6631000.0
2025-09-21,Ana Lopez,FINANCIACION PROPIA,BUENOS AIRES,30.0,AMERICANA,W.F,LLAVE EN MANO,PIEDRA NATURAL,NO LE INTERESA,716.0,14242000.0
2025-12-10,Jorge Gonzalez,FINANCIACION PROPIA,BUENOS AIRES,57.9,MINIMALISTA,W.F,OBRA GRIS,PIEDRA NATURAL,NO LE INTERESA,733.0,19356000.0
2025-07-16,Pedro Perez,PLAN 36-60,CARLOS PAZ,59.5,AMERICANA,S.F,LLAVE EN MANO,LADRILLO,NO LE INTERESA,41.0,29471000.0
2026-01-26,Pedro Perez,CONTADO,LA PLATA,61.1,AMERICANA,E.E,LLAVE EN MANO,PIEDRA NATURAL,NO LE INTERESA,762.0,23881000.0
2025-03-01,Luis Lopez,PLAN 36-60,CARLOS PAZ,55.1,CABAÑA,S.F,OBRA GRIS,LADRILLO,POTABLE,47.0,19179000.0
2025-06-30,Carla Martinez,CONTADO,MENDIOLAZA,41.1,AMERICANA,W.F,OBRA GRIS,MADERA,NO LE INTERESA,40.0,12878000.0
2024-10-28,Elena Gonzalez,CONTADO,CARLOS PAZ,53.9,CABAÑA,S.F,OBRA GRIS,PIEDRA NATURAL,POTABLE,46.0,19818000.0
2025-08-03,Jorge Romero,NO SABE,CARLOS PAZ,46.3,CABAÑA,W.F,OBRA GRIS,LADRILLO,NO LE INTERESA,54.0,15114000.0
2024-12-14,Pedro Perez,CONTADO,ALTA GRACIA,22.5,AMERICANA,E.E,OBRA GRIS,MADERA,VENDIDO,55.0,6617000.0
2024-02-18,Lucia Sanchez,PLAN 36-60,SANTIAGO DEL ESTERO,39.6,CABAÑA,S.F,LLAVE EN MANO,LADRILLO,POTABLE,478.0,19509000.0
2024-03-14,Carla Perez,,BUENOS AIRES,72.8,AMERICANA,S.F,LLAVE EN MANO,MADERA,NO LE INTERESA,745.0,37930000.0
2025-12-04,Maria Romero,CONTADO,LA PLATA,86.8,CABAÑA,S.F,LLAVE EN MANO,PIEDRA NATURAL,POTABLE,738.0,43267000.0
2024-09-17,Diego Romero,CONTADO,MENDIOLAZA,68.0,CABAÑA,S.F,LLAVE EN MANO,PIEDRA NATURAL,POTABLE,31.0,32291000.0
2024-12-21,Juan Sanchez,PLAN 36-60,LA PLATA,85.9,MINIMALISTA,S.F,LLAVE EN MANO,LADRILLO,NO LE INTERESA,766.0,44370000.0
2025-08-04,Jorge Martinez,CONTADO,BUENOS AIRES,56.7,MINIMALISTA,E.E,OBRA GRIS,PIEDRA NATURAL,NO LE INTERESA,706.0,17379000.0
2025-08-24,Lucia Sanchez,CONTADO,ALTA GRACIA,89.8,AMERICANA,E.E,LLAVE EN MANO,PIEDRA NATURAL,NO LE INTERESA,56.0,37035000.0
2024-09-16,Elena Sanchez,NO SABE,CARLOS PAZ,96.1,CABAÑA,S.F,LLAVE EN MANO,MADERA,POTABLE,31.0,48460000.0
2025-09-29,Elena Sanchez,PLAN 36-60,MENDIOLAZA,20.3,MINIMALISTA,W.F,OBRA GRIS,PIEDRA NATURAL,NO LE INTERESA,25.0,6341000.0
2026-01-12,Maria Romero,CONTADO,SANTIAGO DEL ESTERO,59.4,MINIMALISTA,W.F,OBRA GRIS,MADERA,POTABLE,488.0,19506000.0
2024-10-21,Juan Martinez,CONTADO,BUENOS AIRES,56.7,MINIMALISTA,S.F,OBRA GRIS,MADERA,POTABLE,666.0,20743000.0
2025-10-02,Maria Romero,PLAN 36-60,CÓRDOBA CAPITAL,46.5,CABAÑA,S.F,OBRA GRIS,MADERA,NO LE INTERESA,11.0,15683000.0
2024-11-08,Elena Romero,,CÓRDOBA CAPITAL,64.8,AMERICANA,E.E,LLAVE EN MANO,PIEDRA NATURAL,VENDIDO,14.0,26155000.0
2025-09-03,Diego Romero,CONTADO,ALTA GRACIA,55.8,CABAÑA,E.E,OBRA GRIS,LADRILLO,NO LE INTERESA,54.0,15747000.0
2024-06-30,Carla Garcia,PLAN 36-60,SANTIAGO DEL ESTERO,40.3,CABAÑA,S.F,LLAVE EN MANO,LADRILLO,NO LE INTERESA,456.0,21339000.0
2025-11-16,Jorge Perez,CONTADO,CÓRDOBA CAPITAL,54.5,MINIMALISTA,S.F,OBRA GRIS,PIEDRA NATURAL,POTABLE,29.0,19289000.0
2024-12-29,Elena Garcia,PLAN 36-60,CÓRDOBA CAPITAL,79.1,CABAÑA,W.F,OBRA GRIS,MADERA,POTABLE,11.0,25545000.0
2024-07-06,Juan Romero,PLAN 36-60,BUENOS AIRES,58.7,CABAÑA,E.E,LLAVE EN MANO,PIEDRA NATURAL,NO LE INTERESA,747.0,23097000.0
2025-07-22,Lucia Perez,CONTADO,MENDIOLAZA,67.5,MINIMALISTA,S.F,LLAVE EN MANO,LADRILLO,VENDIDO,27.0,31954000.0
2025-06-26,Lucia Romero,CONTADO,MENDIOLAZA,49.5,MINIMALISTA,E.E,OBRA GRIS,MADERA,POTABLE,26.0,14385000.0
2025-08-18,Lucia Rodriguez,PLAN 36-60,BUENOS AIRES,64.0,CABAÑA,S.F,LLAVE EN MANO,PIEDRA NATURAL,POTABLE,710.0,34016000.0
2025-10-25,Diego Sanchez,PLAN 36-60,LA PLATA,30.8,MINIMALISTA,S.F,OBRA GRIS,MADERA,POTABLE,717.0,11755000.0
2025-07-01,Elena Martinez,CONTADO,BUENOS AIRES,45.0,AMERICANA,S.F,OBRA GRIS,MADERA,POTABLE,698.0,17318000.0
2025-12-25,Jorge Martinez,CONTADO,SANTIAGO DEL ESTERO,52.9,AMERICANA,S.F,LLAVE EN MANO,LADRILLO,NO LE INTERESA,436.0,26914000.0
2025-02-11,Maria Lopez,NO SABE,CÓRDOBA CAPITAL,,AMERICANA,W.F,LLAVE EN MANO,MADERA,NO LE INTERESA,9.0,13923000.0
2025-09-09,Jorge Rodriguez,CONTADO,MENDIOLAZA,38.4,AMERICANA,S.F,LLAVE EN MANO,PIEDRA NATURAL,NO LE INTERESA,42.0,18385000.0
2025-02-17,Pedro Perez,NO SABE,BUENOS AIRES,61.3,AMERICANA,W.F,OBRA GRIS,MADERA,NO LE INTERESA,699.0,20880000.0
2024-12-07,Maria Gonzalez,CONTADO,MENDIOLAZA,57.6,MINIMALISTA,W.F,LLAVE EN MANO,MADERA,NO LE INTERESA,45.0,25796000.0
2024-08-07,Ana Gonzalez,CONTADO,MENDIOLAZA,71.1,MINIMALISTA,S.F,LLAVE EN MANO,PIEDRA NATURAL,POTABLE,42.0,35048000.0
2024-06-11,Maria Gonzalez,PLAN 36-60,LA PLATA,,AMERICANA,E.E,OBRA GRIS,,NO LE INTERESA,729.0,12830000.0
2024-08-07,Juan Rodriguez,,SANTIAGO DEL ESTERO,56.2,AMERICANA,E.E,LLAVE EN MANO,LADRILLO,VENDIDO,451.0,22702000.0
2024-09-26,Luis Garcia,CONTADO,CARLOS PAZ,41.6,AMERICANA,S.F,LLAVE EN MANO,PIEDRA NATURAL,POTABLE,45.0,20707000.0
2025-09-23,Luis Martinez,CONTADO,MENDIOLAZA,69.1,MINIMALISTA,S.F,LLAVE EN MANO,MADERA,NO LE INTERESA,40.0,32499000.0
2025-02-03,Elena Garcia,NO SABE,SANTIAGO DEL ESTERO,78.8,MINIMALISTA,S.F,LLAVE EN MANO,PIEDRA NATURAL,NO LE INTERESA,489.0,40302000.0
2024-06-30,Elena Perez,CONTADO,ALTA GRACIA,64.7,CABAÑA,E.E,OBRA GRIS,PIEDRA NATURAL,POTABLE,51.0,18568000.0
2025-09-09,Pedro Martinez,PLAN 36-60,LA PLATA,76.2,CABAÑA,E.E,LLAVE EN MANO,PIEDRA NATURAL,POTABLE,714.0,32119000.0
2025-12-29,Ana Garcia,FINANCIACION PROPIA,CARLOS PAZ,55.6,CABAÑA,S.F,OBRA GRIS,,NO LE INTERESA,42.0,19378000.0
2024-07-23,Pedro Lopez,FINANCIACION PROPIA,MENDIOLAZA,71.1,CABAÑA,E.E,OBRA GRIS,MADERA,NO LE INTERESA,42.0,19096000.0
2025-08-04,Juan Gonzalez,PLAN 36-60,BUENOS AIRES,56.5,MINIMALISTA,W.F,LLAVE EN MANO,PIEDRA NATURAL,NO LE INTERESA,731.0,26464000.0
2025-07-09,Jorge Lopez,CONTADO,MENDIOLAZA,34.5,MINIMALISTA,E.E,OBRA GRIS,LADRILLO,POTABLE,42.0,9371000.0
2024-08-15,Juan Garcia,CONTADO,LA PLATA,59.9,MINIMALISTA,E.E,LLAVE EN MANO,LADRILLO,NO LE INTERESA,777.0,25010000.0
2025-11-26,Juan Romero,CONTADO,LA PLATA,35.1,MINIMALISTA,S.F,OBRA GRIS,MADERA,POTABLE,714.0,12751000.0
2025-09-10,Maria Rodriguez,CONTADO,CÓRDOBA CAPITAL,101.8,AMERICANA,W.F,LLAVE EN MANO,PIEDRA NATURAL,POTABLE,29.0,45356000.0
2025-08-18,Carla Sanchez,CONTADO,MENDIOLAZA,48.3,CABAÑA,S.F,OBRA GRIS,MADERA,POTABLE,43.0,16262000.0
2024-09-06,Juan Lopez,CONTADO,SANTIAGO DEL ESTERO,67.9,MINIMALISTA,E.E,OBRA GRIS,PIEDRA NATURAL,NO LE INTERESA,413.0,18657000.0
2025-03-16,Maria Romero,NO SABE,LA PLATA,54.8,MINIMALISTA,W.F,OBRA GRIS,LADRILLO,POTABLE,721.0,19590000.0
2025-06-16,Jorge Gonzalez,NO SABE,LA PLATA,30.3,CABAÑA,S.F,OBRA GRIS,LADRILLO,POTABLE,764.0,12334000.0
2024-07-14,Maria Rodriguez,CONTADO,ALTA GRACIA,20.0,MINIMALISTA,E.E,OBRA GRIS,MADERA,POTABLE,54.0,5713000.0
2025-11-20,Elena Sanchez,CONTADO,ALTA GRACIA,70.0,AMERICANA,W.F,OBRA GRIS,PIEDRA NATURAL,POTABLE,45.0,22017000.0
2025-06-02,Jorge Perez,CONTADO,ALTA GRACIA,86.0,MINIMALISTA,S.F,LLAVE EN MANO,MADERA,POTABLE,38.0,43932000.0
2024-03-10,Ana Gonzalez,CONTADO,LA PLATA,40.3,CABAÑA,W.F,OBRA GRIS,PIEDRA NATURAL,NO LE INTERESA,761.0,14715000.0
2025-09-30,Jorge Perez,CONTADO,CARLOS PAZ,21.9,AMERICANA,E.E,LLAVE EN MANO,MADERA,NO LE INTERESA,38.0,8948000.0
2025-02-02,Elena Martinez,NO SABE,SANTIAGO DEL ESTERO,48.5,AMERICANA,S.F,OBRA GRIS,LADRILLO,NO LE INTERESA,435.0,17706000.0
2025-11-02,Jorge Garcia,CONTADO,LA PLATA,36.3,CABAÑA,E.E,LLAVE EN MANO,MADERA,NO LE INTERESA,774.0,14736000.0
2026-01-29,Diego Perez,CONTADO,BUENOS AIRES,42.0,CABAÑA,W.F,OBRA GRIS,PIEDRA NATURAL,POTABLE,749.0,14045000.0
2024-07-21,Elena Garcia,CONTADO,BUENOS AIRES,67.2,AMERICANA,E.E,OBRA GRIS,MADERA,VENDIDO,716.0,20679000.0
2024-05-27,Luis Romero,NO SABE,CÓRDOBA CAPITAL,54.0,MINIMALISTA,W.F,OBRA GRIS,PIEDRA NATURAL,POTABLE,22.0,18076000.0
2025-04-16,Luis Martinez,NO SABE,BUENOS AIRES,38.4,CABAÑA,S.F,OBRA GRIS,MADERA,NO LE INTERESA,726.0,14434000.0
2025-10-16,Lucia Rodriguez,FINANCIACION PROPIA,MENDIOLAZA,66.8,AMERICANA,E.E,OBRA GRIS,PIEDRA NATURAL,VENDIDO,34.0,18433000.0
2024-07-17,Ana Garcia,PLAN 36-60,CARLOS PAZ,68.3,CABAÑA,S.F,OBRA GRIS,PIEDRA NATURAL,NO LE INTERESA,38.0,24307000.0
2025-03-01,Diego Sanchez,CONTADO,CARLOS PAZ,48.3,MINIMALISTA,S.F,OBRA GRIS,PIEDRA NATURAL,POTABLE,39.0,17484000.0
2025-10-27,Pedro Martinez,CONTADO,SANTIAGO DEL ESTERO,57.8,MINIMALISTA,S.F,OBRA GRIS,MADERA,POTABLE,432.0,21362000.0
2025-05-06,Diego Lopez,PLAN 36-60,CARLOS PAZ,65.4,AMERICANA,S.F,LLAVE EN MANO,MADERA,POTABLE,53.0,32497000.0
2024-05-21,Luis Martinez,FINANCIACION PROPIA,SANTIAGO DEL ESTERO,63.5,MINIMALISTA,E.E,LLAVE EN MANO,LADRILLO,NO LE INTERESA,483.0,24929000.0
2024-11-08,Pedro Garcia,CONTADO,BUENOS AIRES,55.8,MINIMALISTA,E.E,OBRA GRIS,PIEDRA NATURAL,NO LE INTERESA,718.0,16304000.0
2024-06-13,Diego Perez,CONTADO,CARLOS PAZ,83.7,MINIMALISTA,S.F,LLAVE EN MANO,LADRILLO,NO LE INTERESA,53.0,42013000.0
2024-11-09,Elena Sanchez,PLAN 36-60,MENDIOLAZA,66.7,CABAÑA,S.F,OBRA GRIS,LADRILLO,POTABLE,42.0,24116000.0
2024-01-21,Diego Sanchez,CONTADO,SANTIAGO DEL ESTERO,46.0,AMERICANA,W.F,LLAVE EN MANO,PIEDRA NATURAL,NO LE INTERESA,493.0,20652000.0
2024-03-22,Maria Gonzalez,PLAN 36-60,ALTA GRACIA,46.1,AMERICANA,S.F,OBRA GRIS,LADRILLO,NO LE INTERESA,41.0,15690000.0
2025-08-03,Ana Rodriguez,CONTADO,ALTA GRACIA,43.8,AMERICANA,W.F,LLAVE EN MANO,MADERA,POTABLE,53.0,20182000.0
2024-05-10,Lucia Sanchez,CONTADO,CARLOS PAZ,67.6,MINIMALISTA,W.F,LLAVE EN MANO,LADRILLO,POTABLE,45.0,30203000.0
2025-08-21,Juan Rodriguez,PLAN 36-60,CARLOS PAZ,42.5,CABAÑA,S.F,OBRA GRIS,MADERA,NO LE INTERESA,48.0,15042000.0
2025-12-30,Maria Martinez,NO SABE,BUENOS AIRES,46.5,AMERICANA,E.E,LLAVE EN MANO,PIEDRA NATURAL,NO LE INTERESA,686.0,19478000.0
2024-10-31,Pedro Garcia,CONTADO,SANTIAGO DEL ESTERO,76.2,CABAÑA,W.F,OBRA GRIS,PIEDRA NATURAL,POTABLE,469.0,25937000.0
2025-01-05,Maria Romero,CONTADO,BUENOS AIRES,58.8,AMERICANA,E.E,OBRA GRIS,PIEDRA NATURAL,POTABLE,701.0,18051000.0
2025-01-18,Jorge Gonzalez,,SANTIAGO DEL ESTERO,79.0,MINIMALISTA,S.F,LLAVE EN MANO,LADRILLO,NO LE INTERESA,483.0,38567000.0
2025-03-20,Juan Garcia,PLAN 36-60,MENDIOLAZA,71.0,AMERICANA,S.F,OBRA GRIS,PIEDRA NATURAL,POTABLE,40.0,25013000.0
2025-02-28,Diego Rodriguez,FINANCIACION PROPIA,LA PLATA,31.5,AMERICANA,S.F,LLAVE EN MANO,PIEDRA NATURAL,POTABLE,731.0,15909000.0
2024-06-09,Maria Gonzalez,CONTADO,ALTA GRACIA,53.0,MINIMALISTA,S.F,LLAVE EN MANO,MADERA,NO LE INTERESA,40.0,26920000.0
2024-06-26,Luis Martinez,CONTADO,LA PLATA,74.8,MINIMALISTA,W.F,LLAVE EN MANO,LADRILLO,NO LE INTERESA,782.0,36098000.0
2025-09-20,Elena Rodriguez,NO SABE,LA PLATA,30.6,AMERICANA,W.F,LLAVE EN MANO,LADRILLO,NO LE INTERESA,765.0,14642000.0
2025-12-08,Pedro Martinez,FINANCIACION PROPIA,CÓRDOBA CAPITAL,63.4,CABAÑA,E.E,LLAVE EN MANO,PIEDRA NATURAL,NO LE INTERESA,19.0,24037000.0
2025-05-04,Elena Martinez,PLAN 36-60,SANTIAGO DEL ESTERO,54.2,MINIMALISTA,E.E,LLAVE EN MANO,,NO LE INTERESA,475.0,21015000.0
2024-11-22,Maria Gonzalez,CONTADO,CÓRDOBA CAPITAL,20.0,AMERICANA,W.F,OBRA GRIS,PIEDRA NATURAL,NO LE INTERESA,26.0,6528000.0
2025-08-20,Luis Gonzalez,CONTADO,CÓRDOBA CAPITAL,57.4,MINIMALISTA,S.F,LLAVE EN MANO,MADERA,VENDIDO,11.0,26993000.0
2024-10-15,Elena Garcia,FINANCIACION PROPIA,LA PLATA,38.3,CABAÑA,E.E,LLAVE EN MANO,LADRILLO,POTABLE,766.0,16454000.0
2025-08-15,Carla Lopez,PLAN 36-60,CÓRDOBA CAPITAL,31.6,AMERICANA,W.F,LLAVE EN MANO,LADRILLO,POTABLE,26.0,14539000.0
2025-10-25,Maria Sanchez,PLAN 36-60,MENDIOLAZA,55.2,AMERICANA,E.E,OBRA GRIS,MADERA,POTABLE,42.0,15696000.0
2025-07-26,Ana Sanchez,CONTADO,SANTIAGO DEL ESTERO,20.0,CABAÑA,W.F,OBRA GRIS,LADRILLO,NO LE INTERESA,429.0,7350000.0
2025-07-26,Luis Gonzalez,PLAN 36-60,LA PLATA,41.5,CABAÑA,S.F,OBRA GRIS,PIEDRA NATURAL,NO LE INTERESA,720.0,15415000.0
2024-12-19,Luis Rodriguez,FINANCIACION PROPIA,SANTIAGO DEL ESTERO,106.0,AMERICANA,W.F,LLAVE EN MANO,LADRILLO,POTABLE,423.0,50367000.0
2024-01-28,Luis Lopez,NO SABE,MENDIOLAZA,68.0,CABAÑA,E.E,LLAVE EN MANO,LADRILLO,POTABLE,44.0,25485000.0
2024-02-12,Ana Gonzalez,CONTADO,CARLOS PAZ,37.4,CABAÑA,W.F,LLAVE EN MANO,MADERA,POTABLE,42.0,16268000.0
2025-11-11,Maria Martinez,PLAN 36-60,CÓRDOBA CAPITAL,83.1,AMERICANA,E.E,OBRA GRIS,MADERA,POTABLE,15.0,23086000.0
2025-02-26,Jorge Romero,PLAN 36-60,LA PLATA,35.2,MINIMALISTA,E.E,OBRA GRIS,PIEDRA NATURAL,VENDIDO,711.0,11025000.0
2025-08-20,Pedro Garcia,FINANCIACION PROPIA,ALTA GRACIA,43.9,CABAÑA,E.E,OBRA GRIS,LADRILLO,NO LE INTERESA,36.0,11769000.0
2024-06-25,Juan Perez,FINANCIACION PROPIA,SANTIAGO DEL ESTERO,32.0,MINIMALISTA,S.F,LLAVE EN MANO,LADRILLO,POTABLE,467.0,16491000.0
2025-06-12,Pedro Martinez,NO SABE,BUENOS AIRES,60.1,MINIMALISTA,S.F,LLAVE EN MANO,MADERA,POTABLE,719.0,29940000.0
2025-09-01,Juan Romero,NO SABE,MENDIOLAZA,82.4,MINIMALISTA,W.F,OBRA GRIS,PIEDRA NATURAL,POTABLE,34.0,27613000.0
2025-05-08,Juan Gonzalez,CONTADO,CÓRDOBA CAPITAL,35.0,CABAÑA,W.F,LLAVE EN MANO,LADRILLO,NO LE INTERESA,8.0,15843000.0
2024-07-16,Carla Sanchez,FINANCIACION PROPIA,SANTIAGO DEL ESTERO,20.0,AMERICANA,E.E,OBRA GRIS,PIEDRA NATURAL,NO LE INTERESA,435.0,6307000.0
2025-09-01,Maria Sanchez,PLAN 36-60,MENDIOLAZA,,AMERICANA,S.F,OBRA GRIS,LADRILLO,VENDIDO,40.0,28141000.0
2025-07-30,Diego Romero,CONTADO,SANTIAGO DEL ESTERO,86.1,AMERICANA,W.F,OBRA GRIS,MADERA,NO LE INTERESA,417.0,29099000.0
2025-05-31,Juan Martinez,CONTADO,CARLOS PAZ,20.0,AMERICANA,W.F,LLAVE EN MANO,MADERA,NO LE INTERESA,52.0,9038000.0
2025-05-28,Ana Gonzalez,CONTADO,BUENOS AIRES,64.2,AMERICANA,S.F,OBRA GRIS,MADERA,NO LE INTERESA,672.0,23424000.0
2024-01-22,Juan Garcia,FINANCIACION PROPIA,MENDIOLAZA,59.5,AMERICANA,E.E,OBRA GRIS,MADERA,NO LE INTERESA,24.0,16943000.0
2024-04-21,Diego Garcia,CONTADO,SANTIAGO DEL ESTERO,39.3,MINIMALISTA,W.F,LLAVE EN MANO,MADERA,POTABLE,448.0,17837000.0
2024-02-26,Juan Romero,FINANCIACION PROPIA,BUENOS AIRES,27.1,MINIMALISTA,E.E,LLAVE EN MANO,MADERA,NO LE INTERESA,755.0,11272000.0
2024-03-06,Maria Perez,PLAN 36-60,CARLOS PAZ,74.8,MINIMALISTA,S.F,OBRA GRIS,PIEDRA NATURAL,NO LE INTERESA,38.0,25742000.0
2024-04-07,Carla Rodriguez,PLAN 36-60,CARLOS PAZ,58.6,CABAÑA,S.F,LLAVE EN MANO,MADERA,NO LE INTERESA,46.0,29584000.0
2024-05-23,Jorge Martinez,,CARLOS PAZ,,CABAÑA,W.F,LLAVE EN MANO,PIEDRA NATURAL,POTABLE,45.0,26501000.0
2025-03-10,Diego Perez,PLAN 36-60,CÓRDOBA CAPITAL,42.6,CABAÑA,W.F,LLAVE EN MANO,MADERA,POTABLE,9.0,18508000.0
2025-09-28,Pedro Romero,PLAN 36-60,MENDIOLAZA,39.0,AMERICANA,S.F,LLAVE EN MANO,LADRILLO,POTABLE,26.0,18611000.0
2025-11-09,Diego Garcia,CONTADO,SANTIAGO DEL ESTERO,20.0,MINIMALISTA,E.E,OBRA GRIS,LADRILLO,POTABLE,493.0,6453000.0
2024-03-26,Pedro Garcia,FINANCIACION PROPIA,SANTIAGO DEL ESTERO,50.4,CABAÑA,E.E,LLAVE EN MANO,LADRILLO,VENDIDO,418.0,20616000.0
2025-08-10,Maria Martinez,PLAN 36-60,BUENOS AIRES,83.8,MINIMALISTA,S.F,OBRA GRIS,PIEDRA NATURAL,NO LE INTERESA,730.0,30998000.0
2024-12-09,Juan Lopez,CONTADO,BUENOS AIRES,37.2,AMERICANA,W.F,LLAVE EN MANO,MADERA,NO LE INTERESA,756.0,17585000.0
2024-10-20,Luis Romero,FINANCIACION PROPIA,MENDIOLAZA,24.6,MINIMALISTA,S.F,LLAVE EN MANO,PIEDRA NATURAL,NO LE INTERESA,23.0,12573000.0
2025-07-24,Elena Perez,CONTADO,CARLOS PAZ,63.7,AMERICANA,W.F,OBRA GRIS,MADERA,NO LE INTERESA,40.0,20472000.0
2025-10-11,Maria Romero,PLAN 36-60,SANTIAGO DEL ESTERO,67.4,CABAÑA,E.E,LLAVE EN MANO,LADRILLO,VENDIDO,422.0,27091000.0
2025-09-02,Pedro Romero,PLAN 36-60,SANTIAGO DEL ESTERO,43.3,AMERICANA,W.F,LLAVE EN MANO,,POTABLE,422.0,21057000.0
2025-12-04,Elena Perez,CONTADO,CARLOS PAZ,48.0,AMERICANA,E.E,OBRA GRIS,MADERA,NO LE INTERESA,33.0,14136000.0
2024-08-30,Luis Martinez,PLAN 36-60,ALTA GRACIA,60.3,MINIMALISTA,S.F,OBRA GRIS,PIEDRA NATURAL,POTABLE,51.0,21524000.0
2025-07-14,Luis Rodriguez,PLAN 36-60,ALTA GRACIA,51.9,AMERICANA,W.F,OBRA GRIS,PIEDRA NATURAL,NO LE INTERESA,54.0,17540000.0
2024-02-01,Carla Martinez,PLAN 36-60,CARLOS PAZ,75.0,CABAÑA,E.E,LLAVE EN MANO,LADRILLO,NO LE INTERESA,47.0,29593000.0
2025-01-25,Diego Perez,CONTADO,BUENOS AIRES,103.7,CABAÑA,W.F,LLAVE EN MANO,LADRILLO,VENDIDO,752.0,46953000.0
2024-10-03,Jorge Garcia,CONTADO,CÓRDOBA CAPITAL,20.8,AMERICANA,E.E,LLAVE EN MANO,LADRILLO,POTABLE,9.0,8016000.0
2025-06-15,Ana Romero,CONTADO,BUENOS AIRES,79.6,MINIMALISTA,E.E,OBRA GRIS,LADRILLO,POTABLE,692.0,23463000.0
2024-06-02,Jorge Gonzalez,NO SABE,BUENOS AIRES,57.1,CABAÑA,S.F,LLAVE EN MANO,LADRILLO,POTABLE,694.0,29325000.0
2025-01-17,Lucia Martinez,CONTADO,SANTIAGO DEL ESTERO,82.8,CABAÑA,S.F,OBRA GRIS,MADERA,NO LE INTERESA,423.0,29436000.0
2024-03-08,Juan Martinez,PLAN 36-60,BUENOS AIRES,69.5,AMERICANA,W.F,OBRA GRIS,MADERA,NO LE INTERESA,674.0,24288000.0
2024-08-01,Jorge Gonzalez,FINANCIACION PROPIA,SANTIAGO DEL ESTERO,56.2,AMERICANA,E.E,OBRA GRIS,LADRILLO,POTABLE,449.0,16289000.0
2025-10-16,Juan Garcia,FINANCIACION PROPIA,ALTA GRACIA,70.2,CABAÑA,S.F,OBRA GRIS,LADRILLO,NO LE INTERESA,56.0,24095000.0
2025-01-10,Ana Perez,FINANCIACION PROPIA,BUENOS AIRES,47.1,AMERICANA,W.F,OBRA GRIS,LADRILLO,POTABLE,755.0,15497000.0
2026-01-13,Pedro Sanchez,NO SABE,CARLOS PAZ,39.5,AMERICANA,S.F,LLAVE EN MANO,PIEDRA NATURAL,NO LE INTERESA,33.0,20318000.0
2024-07-31,Pedro Garcia,CONTADO,MENDIOLAZA,71.2,CABAÑA,W.F,OBRA GRIS,LADRILLO,POTABLE,41.0,23733000.0
2024-03-19,Elena Rodriguez,CONTADO,MENDIOLAZA,38.1,MINIMALISTA,S.F,OBRA GRIS,MADERA,POTABLE,41.0,13551000.0
2025-12-26,Elena Gonzalez,CONTADO,BUENOS AIRES,67.8,MINIMALISTA,S.F,OBRA GRIS,MADERA,NO LE INTERESA,699.0,25598000.0
2025-09-19,Ana Garcia,CONTADO,CÓRDOBA CAPITAL,55.6,CABAÑA,E.E,OBRA GRIS,PIEDRA NATURAL,NO LE INTERESA,8.0,16063000.0
2025-08-26,Juan Martinez,PLAN 36-60,BUENOS AIRES,20.0,AMERICANA,E.E,LLAVE EN MANO,MADERA,POTABLE,759.0,9366000.0
2026-02-20,Lucia Sanchez,CONTADO,CARLOS PAZ,43.5,CABAÑA,S.F,LLAVE EN MANO,LADRILLO,NO LE INTERESA,46.0,21140000.0
2025-01-15,Lucia Gonzalez,FINANCIACION PROPIA,ALTA GRACIA,61.7,CABAÑA,E.E,LLAVE EN MANO,PIEDRA NATURAL,NO LE INTERESA,60.0,24410000.0
2025-11-10,Ana Perez,CONTADO,ALTA GRACIA,46.9,AMERICANA,S.F,OBRA GRIS,PIEDRA NATURAL,NO LE INTERESA,47.0,15824000.0
2024-02-27,Pedro Lopez,CONTADO,BUENOS AIRES,20.0,MINIMALISTA,W.F,LLAVE EN MANO,MADERA,NO LE INTERESA,700.0,10534000.0
2024-01-26,Lucia Martinez,PLAN 36-60,SANTIAGO DEL ESTERO,81.4,MINIMALISTA,S.F,LLAVE EN MANO,LADRILLO,NO LE INTERESA,425.0,42489000.0
2025-03-22,Pedro Martinez,CONTADO,LA PLATA,58.4,AMERICANA,S.F,OBRA GRIS,LADRILLO,VENDIDO,808.0,22278000.0
2024-03-06,Carla Lopez,FINANCIACION PROPIA,CÓRDOBA CAPITAL,63.9,CABAÑA,W.F,OBRA GRIS,LADRILLO,NO LE INTERESA,11.0,20498000.0
2026-01-29,Diego Sanchez,NO SABE,CÓRDOBA CAPITAL,45.5,AMERICANA,W.F,OBRA GRIS,PIEDRA NATURAL,VENDIDO,6.0,14655000.0
2024-09-10,Ana Romero,FINANCIACION PROPIA,LA PLATA,65.6,CABAÑA,E.E,OBRA GRIS,MADERA,NO LE INTERESA,761.0,19383000.0
2024-02-13,Diego Rodriguez,CONTADO,MENDIOLAZA,91.7,AMERICANA,W.F,OBRA GRIS,MADERA,NO LE INTERESA,29.0,28960000.0
2024-04-06,Lucia Garcia,,MENDIOLAZA,40.3,AMERICANA,E.E,LLAVE EN MANO,MADERA,NO LE INTERESA,27.0,15882000.0
2025-07-07,Luis Sanchez,CONTADO,MENDIOLAZA,88.3,MINIMALISTA,S.F,LLAVE EN MANO,LADRILLO,POTABLE,36.0,41386000.0
2024-08-14,Ana Romero,FINANCIACION PROPIA,ALTA GRACIA,63.0,MINIMALISTA,W.F,LLAVE EN MANO,PIEDRA NATURAL,VENDIDO,44.0,29867000.0
2026-02-12,Ana Gonzalez,CONTADO,CARLOS PAZ,37.6,AMERICANA,S.F,LLAVE EN MANO,PIEDRA NATURAL,NO LE INTERESA,40.0,18344000.0
2025-11-09,Ana Perez,CONTADO,CÓRDOBA CAPITAL,99.2,AMERICANA,E.E,LLAVE EN MANO,MADERA,POTABLE,6.0,40558000.0
2025-03-11,Ana Romero,NO SABE,LA PLATA,62.8,MINIMALISTA,W.F,OBRA GRIS,MADERA,POTABLE,769.0,21854000.0
2025-08-23,Diego Sanchez,CONTADO,SANTIAGO DEL ESTERO,,CABAÑA,E.E,LLAVE EN MANO,PIEDRA NATURAL,NO LE INTERESA,412.0,26893000.0
2025-01-13,Luis Gonzalez,,BUENOS AIRES,49.6,MINIMALISTA,E.E,LLAVE EN MANO,MADERA,NO LE INTERESA,681.0,19896000.0
2024-06-26,Luis Sanchez,CONTADO,SANTIAGO DEL ESTERO,39.1,CABAÑA,W.F,LLAVE EN MANO,PIEDRA NATURAL,POTABLE,472.0,19243000.0
2025-03-02,Elena Romero,FINANCIACION PROPIA,BUENOS AIRES,58.4,MINIMALISTA,W.F,LLAVE EN MANO,PIEDRA NATURAL,POTABLE,691.0,28108000.0
2025-12-09,Diego Perez,NO SABE,ALTA GRACIA,86.6,MINIMALISTA,E.E,LLAVE EN MANO,MADERA,NO LE INTERESA,39.0,33154000.0
2024-11-02,Diego Perez,PLAN 36-60,CÓRDOBA CAPITAL,48.8,CABAÑA,W.F,OBRA GRIS,PIEDRA NATURAL,POTABLE,19.0,15061000.0
2026-02-17,Diego Sanchez,PLAN 36-60,CARLOS PAZ,54.5,AMERICANA,E.E,OBRA GRIS,PIEDRA NATURAL,NO LE INTERESA,35.0,15614000.0
2025-05-18,Elena Perez,PLAN 36-60,CÓRDOBA CAPITAL,84.1,MINIMALISTA,S.F,LLAVE EN MANO,MADERA,NO LE INTERESA,12.0,40415000.0
2024-09-24,Maria Perez,NO SABE,BUENOS AIRES,49.0,MINIMALISTA,S.F,OBRA GRIS,MADERA,NO LE INTERESA,722.0,17725000.0
2025-08-08,Elena Rodriguez,CONTADO,MENDIOLAZA,65.2,MINIMALISTA,W.F,LLAVE EN MANO,MADERA,POTABLE,38.0,30141000.0
2024-01-08,Elena Sanchez,PLAN 36-60,SANTIAGO DEL ESTERO,72.5,AMERICANA,W.F,LLAVE EN MANO,PIEDRA NATURAL,POTABLE,474.0,33993000.0
2025-05-22,Elena Sanchez,CONTADO,CÓRDOBA CAPITAL,51.1,MINIMALISTA,S.F,OBRA GRIS,MADERA,NO LE INTERESA,17.0,17877000.0
2025-04-20,Diego Gonzalez,CONTADO,SANTIAGO DEL ESTERO,61.2,AMERICANA,E.E,OBRA GRIS,MADERA,NO LE INTERESA,445.0,18592000.0
2024-10-23,Juan Perez,CONTADO,LA PLATA,68.2,MINIMALISTA,E.E,OBRA GRIS,PIEDRA NATURAL,POTABLE,789.0,20644000.0
2024-06-12,Maria Gonzalez,PLAN 36-60,LA PLATA,47.0,CABAÑA,E.E,LLAVE EN MANO,PIEDRA NATURAL,POTABLE,729.0,20285000.0
2025-04-29,Jorge Romero,,SANTIAGO DEL ESTERO,71.3,MINIMALISTA,W.F,LLAVE EN MANO,MADERA,NO LE INTERESA,415.0,31751000.0
2025-08-19,Lucia Rodriguez,CONTADO,CARLOS PAZ,44.1,MINIMALISTA,E.E,LLAVE EN MANO,MADERA,VENDIDO,47.0,17005000.0
2024-03-12,Juan Perez,PLAN 36-60,CARLOS PAZ,41.5,AMERICANA,W.F,OBRA GRIS,PIEDRA NATURAL,NO LE INTERESA,40.0,12892000.0
2025-07-20,Jorge Romero,PLAN 36-60,CÓRDOBA CAPITAL,24.5,AMERICANA,W.F,OBRA GRIS,PIEDRA NATURAL,POTABLE,23.0,7769000.0
2025-07-12,Lucia Lopez,PLAN 36-60,SANTIAGO DEL ESTERO,44.9,AMERICANA,W.F,LLAVE EN MANO,LADRILLO,POTABLE,426.0,21865000.0
2024-08-25,Ana Sanchez,NO SABE,ALTA GRACIA,38.7,CABAÑA,S.F,OBRA GRIS,PIEDRA NATURAL,POTABLE,43.0,14239000.0
2024-04-13,Pedro Perez,CONTADO,CARLOS PAZ,47.0,CABAÑA,E.E,OBRA GRIS,PIEDRA NATURAL,POTABLE,52.0,13583000.0
2024-07-28,Jorge Sanchez,CONTADO,BUENOS AIRES,67.2,AMERICANA,W.F,LLAVE EN MANO,LADRILLO,NO LE INTERESA,702.0,31413000.0
2025-07-07,Lucia Sanchez,CONTADO,CARLOS PAZ,20.5,CABAÑA,E.E,OBRA GRIS,MADERA,NO LE INTERESA,45.0,5971000.0
2025-04-12,Elena Martinez,FINANCIACION PROPIA,MENDIOLAZA,20.0,AMERICANA,S.F,OBRA GRIS,LADRILLO,POTABLE,23.0,7072000.0
2025-03-29,Maria Gonzalez,NO SABE,LA PLATA,40.0,CABAÑA,E.E,LLAVE EN MANO,PIEDRA NATURAL,NO LE INTERESA,728.0,15939000.0
2024-09-24,Lucia Romero,CONTADO,CARLOS PAZ,64.2,AMERICANA,S.F,LLAVE EN MANO,LADRILLO,NO LE INTERESA,31.0,31509000.0
2025-01-20,Carla Perez,CONTADO,BUENOS AIRES,60.8,AMERICANA,W.F,LLAVE EN MANO,LADRILLO,NO LE INTERESA,702.0,28743000.0
2026-02-13,Lucia Garcia,PLAN 36-60,CARLOS PAZ,39.7,CABAÑA,W.F,OBRA GRIS,LADRILLO,VENDIDO,55.0,12565000.0
2025-01-21,Juan Garcia,FINANCIACION PROPIA,BUENOS AIRES,78.4,MINIMALISTA,S.F,LLAVE EN MANO,LADRILLO,NO LE INTERESA,747.0,38363000.0
2024-09-15,Maria Perez,PLAN 36-60,MENDIOLAZA,41.8,AMERICANA,W.F,OBRA GRIS,LADRILLO,VENDIDO,36.0,13208000.0
2024-10-09,Juan Romero,NO SABE,BUENOS AIRES,64.2,AMERICANA,E.E,LLAVE EN MANO,LADRILLO,POTABLE,746.0,26610000.0
2025-09-17,Lucia Romero,FINANCIACION PROPIA,CARLOS PAZ,47.7,MINIMALISTA,E.E,LLAVE EN MANO,MADERA,POTABLE,45.0,18102000.0
2024-02-09,Ana Romero,FINANCIACION PROPIA,MENDIOLAZA,37.6,AMERICANA,S.F,LLAVE EN MANO,LADRILLO,NO LE INTERESA,29.0,18874000.0
2025-04-30,Diego Gonzalez,PLAN 36-60,SANTIAGO DEL ESTERO,42.9,AMERICANA,E.E,OBRA GRIS,,NO LE INTERESA,417.0,12540000.0
2024-08-07,Maria Gonzalez,CONTADO,SANTIAGO DEL ESTERO,69.7,CABAÑA,W.F,LLAVE EN MANO,LADRILLO,POTABLE,465.0,31647000.0
2024-05-08,Elena Martinez,FINANCIACION PROPIA,LA PLATA,62.2,MINIMALISTA,W.F,LLAVE EN MANO,LADRILLO,NO LE INTERESA,729.0,30028000.0
2025-06-03,Pedro Garcia,,CÓRDOBA CAPITAL,74.4,AMERICANA,W.F,OBRA GRIS,PIEDRA NATURAL,POTABLE,15.0,23994000.0
2025-09-04,Luis Rodriguez,CONTADO,MENDIOLAZA,62.2,AMERICANA,E.E,OBRA GRIS,LADRILLO,NO LE INTERESA,41.0,17265000.0
2025-11-18,Lucia Martinez,CONTADO,CARLOS PAZ,22.8,MINIMALISTA,W.F,LLAVE EN MANO,,NO LE INTERESA,33.0,10718000.0
2025-09-10,Jorge Sanchez,PLAN 36-60,CÓRDOBA CAPITAL,97.3,MINIMALISTA,E.E,LLAVE EN MANO,LADRILLO,NO LE INTERESA,8.0,37651000.0
2025-09-04,Juan Garcia,PLAN 36-60,SANTIAGO DEL ESTERO,62.5,CABAÑA,S.F,LLAVE EN MANO,MADERA,NO LE INTERESA,422.0,32380000.0
2024-09-16,Juan Rodriguez,PLAN 36-60,CARLOS PAZ,65.3,CABAÑA,W.F,OBRA GRIS,LADRILLO,VENDIDO,44.0,21101000.0
2024-12-31,Juan Martinez,CONTADO,CÓRDOBA CAPITAL,47.5,CABAÑA,S.F,OBRA GRIS,PIEDRA NATURAL,POTABLE,11.0,16156000.0
2026-01-27,Elena Garcia,PLAN 36-60,MENDIOLAZA,77.3,AMERICANA,E.E,LLAVE EN MANO,MADERA,VENDIDO,33.0,30694000.0
2026-02-25,Ana Gonzalez,CONTADO,MENDIOLAZA,33.1,MINIMALISTA,E.E,LLAVE EN MANO,PIEDRA NATURAL,POTABLE,28.0,12738000.0
2025-06-27,Ana Sanchez,,CÓRDOBA CAPITAL,67.2,CABAÑA,S.F,LLAVE EN MANO,MADERA,NO LE INTERESA,18.0,31792000.0
2025-10-10,Jorge Sanchez,PLAN 36-60,BUENOS AIRES,20.0,MINIMALISTA,W.F,LLAVE EN MANO,MADERA,NO LE INTERESA,688.0,9633000.0
2025-06-07,Juan Garcia,FINANCIACION PROPIA,MENDIOLAZA,68.5,AMERICANA,W.F,OBRA GRIS,LADRILLO,NO LE INTERESA,45.0,21553000.0
2024-01-16,Ana Martinez,FINANCIACION PROPIA,ALTA GRACIA,33.4,AMERICANA,W.F,OBRA GRIS,LADRILLO,NO LE INTERESA,47.0,11081000.0
2024-05-08,Juan Perez,FINANCIACION PROPIA,SANTIAGO DEL ESTERO,60.5,MINIMALISTA,S.F,OBRA GRIS,MADERA,NO LE INTERESA,474.0,22626000.0
2025-07-28,Elena Rodriguez,FINANCIACION PROPIA,LA PLATA,82.1,MINIMALISTA,E.E,LLAVE EN MANO,LADRILLO,POTABLE,780.0,34560000.0
2024-04-18,Luis Romero,PLAN 36-60,LA PLATA,71.5,CABAÑA,S.F,LLAVE EN MANO,LADRILLO,NO LE INTERESA,759.0,35342000.0
2025-06-16,Pedro Romero,CONTADO,ALTA GRACIA,79.5,MINIMALISTA,E.E,OBRA GRIS,MADERA,POTABLE,41.0,22681000.0
2025-10-31,Jorge Sanchez,PLAN 36-60,CÓRDOBA CAPITAL,77.4,CABAÑA,W.F,LLAVE EN MANO,MADERA,POTABLE,18.0,33977000.0
2024-09-25,Jorge Garcia,PLAN 36-60,MENDIOLAZA,44.5,MINIMALISTA,W.F,OBRA GRIS,PIEDRA NATURAL,POTABLE,37.0,14561000.0
2024-06-10,Luis Martinez,PLAN 36-60,ALTA GRACIA,,MINIMALISTA,E.E,LLAVE EN MANO,MADERA,NO LE INTERESA,46.0,27353000.0
2024-09-16,Pedro Martinez,CONTADO,ALTA GRACIA,20.5,MINIMALISTA,W.F,LLAVE EN MANO,PIEDRA NATURAL,NO LE INTERESA,37.0,8870000.0
2024-04-11,Ana Lopez,NO SABE,MENDIOLAZA,41.3,AMERICANA,S.F,LLAVE EN MANO,PIEDRA NATURAL,POTABLE,20.0,21250000.0
2025-05-20,Diego Rodriguez,CONTADO,SANTIAGO DEL ESTERO,82.9,AMERICANA,E.E,OBRA GRIS,LADRILLO,POTABLE,433.0,24642000.0
2026-01-04,Lucia Lopez,CONTADO,MENDIOLAZA,47.3,AMERICANA,W.F,LLAVE EN MANO,LADRILLO,NO LE INTERESA,24.0,21918000.0
2025-07-24,Elena Gonzalez,NO SABE,MENDIOLAZA,20.0,CABAÑA,W.F,LLAVE EN MANO,MADERA,VENDIDO,43.0,9254000.0
2024-09-03,Elena Sanchez,FINANCIACION PROPIA,BUENOS AIRES,95.3,CABAÑA,W.F,OBRA GRIS,MADERA,NO LE INTERESA,678.0,32560000.0
2025-10-01,Pedro Lopez,CONTADO,CARLOS PAZ,66.2,AMERICANA,W.F,LLAVE EN MANO,PIEDRA NATURAL,NO LE INTERESA,40.0,31382000.0
2025-06-20,Pedro Martinez,NO SABE,CÓRDOBA CAPITAL,70.3,AMERICANA,E.E,LLAVE EN MANO,PIEDRA NATURAL,NO LE INTERESA,23.0,28338000.0
2024-05-10,Ana Perez,CONTADO,LA PLATA,35.4,MINIMALISTA,E.E,OBRA GRIS,LADRILLO,NO LE INTERESA,792.0,10935000.0
2024-12-18,Luis Romero,FINANCIACION PROPIA,LA PLATA,60.7,MINIMALISTA,W.F,LLAVE EN MANO,MADERA,VENDIDO,758.0,28825000.0
2024-07-14,Luis Lopez,PLAN 36-60,ALTA GRACIA,60.2,CABAÑA,S.F,OBRA GRIS,MADERA,NO LE INTERESA,40.0,20785000.0
2025-10-27,Luis Romero,PLAN 36-60,BUENOS AIRES,38.6,CABAÑA,S.F,LLAVE EN MANO,MADERA,NO LE INTERESA,687.0,20882000.0
2025-01-16,Elena Rodriguez,FINANCIACION PROPIA,ALTA GRACIA,51.6,MINIMALISTA,S.F,LLAVE EN MANO,MADERA,NO LE INTERESA,45.0,26366000.0
2025-10-06,Luis Romero,CONTADO,ALTA GRACIA,25.0,CABAÑA,S.F,OBRA GRIS,LADRILLO,VENDIDO,44.0,8876000.0
2024-08-14,Diego Rodriguez,CONTADO,CÓRDOBA CAPITAL,48.1,AMERICANA,E.E,LLAVE EN MANO,LADRILLO,POTABLE,14.0,19407000.0
2025-12-01,Carla Sanchez,PLAN 36-60,ALTA GRACIA,74.5,MINIMALISTA,E.E,OBRA GRIS,PIEDRA NATURAL,NO LE INTERESA,38.0,21774000.0
2025-04-20,Luis Garcia,CONTADO,ALTA GRACIA,40.1,MINIMALISTA,S.F,LLAVE EN MANO,LADRILLO,NO LE INTERESA,58.0,19230000.0
2025-04-21,Ana Perez,NO SABE,CARLOS PAZ,93.1,CABAÑA,E.E,OBRA GRIS,PIEDRA NATURAL,NO LE INTERESA,31.0,26322000.0
2024-09-21,Elena Sanchez,PLAN 36-60,CÓRDOBA CAPITAL,,MINIMALISTA,S.F,LLAVE EN MANO,LADRILLO,NO LE INTERESA,16.0,12887000.0
2025-01-06,Juan Perez,CONTADO,SANTIAGO DEL ESTERO,49.8,MINIMALISTA,W.F,LLAVE EN MANO,LADRILLO,NO LE INTERESA,498.0,23827000.0
2025-04-30,Lucia Sanchez,,BUENOS AIRES,41.9,AMERICANA,W.F,LLAVE EN MANO,MADERA,POTABLE,726.0,19736000.0
2025-03-09,Lucia Sanchez,CONTADO,SANTIAGO DEL ESTERO,51.4,MINIMALISTA,S.F,LLAVE EN MANO,PIEDRA NATURAL,POTABLE,436.0,26380000.0
2025-10-07,Lucia Rodriguez,CONTADO,MENDIOLAZA,,MINIMALISTA,E.E,LLAVE EN MANO,PIEDRA NATURAL,VENDIDO,24.0,32023000.0
2024-07-29,Pedro Garcia,PLAN 36-60,CARLOS PAZ,35.3,MINIMALISTA,S.F,OBRA GRIS,PIEDRA NATURAL,NO LE INTERESA,54.0,11952000.0
2025-07-25,Juan Romero,NO SABE,LA PLATA,46.0,MINIMALISTA,E.E,LLAVE EN MANO,,NO LE INTERESA,711.0,18348000.0
2025-01-11,Lucia Romero,PLAN 36-60,MENDIOLAZA,68.1,AMERICANA,W.F,OBRA GRIS,MADERA,NO LE INTERESA,37.0,21146000.0
2025-01-29,Diego Gonzalez,CONTADO,SANTIAGO DEL ESTERO,56.9,MINIMALISTA,E.E,OBRA GRIS,LADRILLO,NO LE INTERESA,488.0,15885000.0
2025-03-25,Luis Martinez,PLAN 36-60,CÓRDOBA CAPITAL,58.5,AMERICANA,S.F,LLAVE EN MANO,MADERA,NO LE INTERESA,6.0,28769000.0
2024-12-29,Elena Rodriguez,CONTADO,LA PLATA,35.7,AMERICANA,W.F,LLAVE EN MANO,LADRILLO,POTABLE,783.0,17565000.0
2025-04-01,Elena Perez,CONTADO,ALTA GRACIA,53.6,AMERICANA,W.F,LLAVE EN MANO,PIEDRA NATURAL,NO LE INTERESA,60.0,23348000.0
2025-12-25,Elena Perez,FINANCIACION PROPIA,CÓRDOBA CAPITAL,77.6,CABAÑA,E.E,OBRA GRIS,LADRILLO,NO LE INTERESA,21.0,22003000.0
2025-12-28,Juan Gonzalez,NO SABE,LA PLATA,22.8,CABAÑA,W.F,LLAVE EN MANO,PIEDRA NATURAL,NO LE INTERESA,751.0,11516000.0
2024-08-13,Luis Perez,CONTADO,SANTIAGO DEL ESTERO,41.1,MINIMALISTA,W.F,LLAVE EN MANO,MADERA,POTABLE,487.0,18579000.0
2024-05-10,Ana Martinez,PLAN 36-60,MENDIOLAZA,20.0,AMERICANA,E.E,LLAVE EN MANO,PIEDRA NATURAL,POTABLE,34.0,7815000.0
2025-08-10,Diego Garcia,NO SABE,ALTA GRACIA,65.7,CABAÑA,W.F,LLAVE EN MANO,PIEDRA NATURAL,POTABLE,54.0,30456000.0
2025-04-20,Lucia Lopez,CONTADO,ALTA GRACIA,79.5,MINIMALISTA,S.F,LLAVE EN MANO,PIEDRA NATURAL,NO LE INTERESA,50.0,37144000.0
2024-10-03,Lucia Gonzalez,CONTADO,BUENOS AIRES,51.3,CABAÑA,E.E,LLAVE EN MANO,PIEDRA NATURAL,VENDIDO,664.0,20360000.0
2024-06-04,Carla Rodriguez,NO SABE,CÓRDOBA CAPITAL,34.9,AMERICANA,E.E,OBRA GRIS,MADERA,VENDIDO,10.0,10272000.0
2026-01-29,Pedro Gonzalez,FINANCIACION PROPIA,MENDIOLAZA,35.5,MINIMALISTA,E.E,LLAVE EN MANO,LADRILLO,POTABLE,22.0,14275000.0
2024-08-05,Maria Lopez,CONTADO,ALTA GRACIA,49.1,AMERICANA,E.E,OBRA GRIS,LADRILLO,POTABLE,38.0,13755000.0
2024-07-08,Ana Perez,CONTADO,LA PLATA,49.0,AMERICANA,S.F,OBRA GRIS,LADRILLO,POTABLE,712.0,18454000.0
2025-02-20,Luis Rodriguez,CONTADO,BUENOS AIRES,73.2,CABAÑA,E.E,LLAVE EN MANO,LADRILLO,POTABLE,702.0,30777000.0
2025-11-05,Ana Gonzalez,PLAN 36-60,BUENOS AIRES,41.6,MINIMALISTA,S.F,LLAVE EN MANO,PIEDRA NATURAL,NO LE INTERESA,678.0,22134000.0
2025-11-22,Maria Martinez,FINANCIACION PROPIA,CARLOS PAZ,63.7,MINIMALISTA,E.E,OBRA GRIS,MADERA,VENDIDO,51.0,17598000.0
2025-06-29,Luis Gonzalez,PLAN 36-60,SANTIAGO DEL ESTERO,48.9,MINIMALISTA,E.E,LLAVE EN MANO,MADERA,POTABLE,475.0,19864000.0
2024-02-10,Diego Garcia,PLAN 36-60,CÓRDOBA CAPITAL,40.1,CABAÑA,W.F,LLAVE EN MANO,,POTABLE,19.0,18356000.0
2024-11-02,Ana Lopez,CONTADO,MENDIOLAZA,48.4,MINIMALISTA,W.F,LLAVE EN MANO,LADRILLO,POTABLE,32.0,20931000.0
2024-12-03,Luis Romero,CONTADO,CARLOS PAZ,61.7,CABAÑA,S.F,LLAVE EN MANO,MADERA,POTABLE,36.0,31637000.0
2024-11-09,Lucia Garcia,CONTADO,CARLOS PAZ,73.3,MINIMALISTA,W.F,OBRA GRIS,MADERA,NO LE INTERESA,42.0,23506000.0
2024-03-15,Luis Rodriguez,FINANCIACION PROPIA,CÓRDOBA CAPITAL,50.0,CABAÑA,E.E,OBRA GRIS,PIEDRA NATURAL,NO LE INTERESA,21.0,13850000.0
2024-10-05,Juan Garcia,PLAN 36-60,LA PLATA,30.9,MINIMALISTA,S.F,OBRA GRIS,MADERA,NO LE INTERESA,788.0,12485000.0
2024-06-24,Maria Rodriguez,CONTADO,MENDIOLAZA,75.0,CABAÑA,W.F,LLAVE EN MANO,MADERA,NO LE INTERESA,22.0,32551000.0
2025-10-23,Jorge Martinez,PLAN 36-60,SANTIAGO DEL ESTERO,37.0,AMERICANA,E.E,OBRA GRIS,PIEDRA NATURAL,POTABLE,471.0,10557000.0
2024-09-29,Pedro Lopez,FINANCIACION PROPIA,CÓRDOBA CAPITAL,60.2,AMERICANA,W.F,OBRA GRIS,PIEDRA NATURAL,POTABLE,24.0,19780000.0
2025-09-11,Juan Martinez,PLAN 36-60,MENDIOLAZA,54.5,AMERICANA,W.F,OBRA GRIS,PIEDRA NATURAL,POTABLE,34.0,17398000.0
2025-10-12,Maria Perez,CONTADO,CARLOS PAZ,51.8,MINIMALISTA,W.F,LLAVE EN MANO,MADERA,NO LE INTERESA,35.0,24023000.0
2026-02-21,Jorge Gonzalez,CONTADO,CARLOS PAZ,45.3,CABAÑA,W.F,LLAVE EN MANO,MADERA,NO LE INTERESA,43.0,19602000.0
2024-10-15,Ana Gonzalez,CONTADO,CÓRDOBA CAPITAL,67.4,AMERICANA,E.E,LLAVE EN MANO,MADERA,NO LE INTERESA,18.0,26140000.0
2025-12-24,Luis Garcia,FINANCIACION PROPIA,MENDIOLAZA,20.0,MINIMALISTA,W.F,LLAVE EN MANO,PIEDRA NATURAL,POTABLE,32.0,8824000.0
2024-09-28,Diego Romero,,CARLOS PAZ,77.7,CABAÑA,S.F,LLAVE EN MANO,MADERA,NO LE INTERESA,42.0,39050000.0
2024-03-06,Ana Lopez,FINANCIACION PROPIA,CÓRDOBA CAPITAL,36.7,AMERICANA,S.F,OBRA GRIS,MADERA,POTABLE,8.0,12506000.0
2025-04-27,Lucia Perez,,BUENOS AIRES,63.2,AMERICANA,W.F,OBRA GRIS,PIEDRA NATURAL,POTABLE,678.0,21278000.0
2024-09-04,Luis Gonzalez,NO SABE,CÓRDOBA CAPITAL,62.1,MINIMALISTA,S.F,LLAVE EN MANO,LADRILLO,NO LE INTERESA,7.0,31410000.0
2024-06-04,Diego Perez,CONTADO,SANTIAGO DEL ESTERO,80.5,CABAÑA,W.F,LLAVE EN MANO,LADRILLO,NO LE INTERESA,424.0,38459000.0
2024-02-16,Pedro Gonzalez,CONTADO,CÓRDOBA CAPITAL,59.0,MINIMALISTA,E.E,OBRA GRIS,MADERA,NO LE INTERESA,12.0,16906000.0
2025-03-29,Jorge Sanchez,PLAN 36-60,BUENOS AIRES,38.4,AMERICANA,E.E,OBRA GRIS,PIEDRA NATURAL,NO LE INTERESA,685.0,11696000.0
2024-07-19,Ana Sanchez,CONTADO,MENDIOLAZA,22.9,MINIMALISTA,S.F,LLAVE EN MANO,PIEDRA NATURAL,POTABLE,25.0,11340000.0
2025-10-21,Luis Lopez,FINANCIACION PROPIA,MENDIOLAZA,48.0,MINIMALISTA,S.F,LLAVE EN MANO,MADERA,POTABLE,38.0,24024000.0
2024-05-03,Maria Gonzalez,FINANCIACION PROPIA,CARLOS PAZ,20.0,AMERICANA,W.F,LLAVE EN MANO,MADERA,POTABLE,50.0,9432000.0
2024-01-01,Carla Romero,PLAN 36-60,ALTA GRACIA,42.4,AMERICANA,W.F,OBRA GRIS,LADRILLO,POTABLE,43.0,14250000.0
2026-01-28,Diego Romero,CONTADO,SANTIAGO DEL ESTERO,49.1,CABAÑA,W.F,OBRA GRIS,PIEDRA NATURAL,POTABLE,431.0,17166000.0
2025-10-01,Carla Romero,CONTADO,MENDIOLAZA,41.2,CABAÑA,E.E,LLAVE EN MANO,MADERA,NO LE INTERESA,41.0,16716000.0
2024-07-09,Diego Rodriguez,CONTADO,CARLOS PAZ,55.8,AMERICANA,W.F,LLAVE EN MANO,,POTABLE,46.0,24333000.0
2025-08-01,Carla Garcia,FINANCIACION PROPIA,CARLOS PAZ,50.3,AMERICANA,E.E,OBRA GRIS,MADERA,NO LE INTERESA,37.0,14490000.0
2025-05-30,Carla Martinez,CONTADO,SANTIAGO DEL ESTERO,48.4,CABAÑA,S.F,OBRA GRIS,LADRILLO,NO LE INTERESA,471.0,18202000.0
2025-03-17,Diego Lopez,CONTADO,SANTIAGO DEL ESTERO,20.0,MINIMALISTA,E.E,OBRA GRIS,MADERA,POTABLE,434.0,6487000.0
2024-05-22,Luis Garcia,CONTADO,CARLOS PAZ,29.1,AMERICANA,S.F,LLAVE EN MANO,LADRILLO,NO LE INTERESA,45.0,14935000.0
2024-07-09,Elena Lopez,NO SABE,BUENOS AIRES,67.9,AMERICANA,E.E,LLAVE EN MANO,LADRILLO,NO LE INTERESA,759.0,27781000.0
2025-06-16,Lucia Garcia,PLAN 36-60,ALTA GRACIA,71.1,MINIMALISTA,E.E,LLAVE EN MANO,MADERA,NO LE INTERESA,43.0,28369000.0
2024-08-14,Jorge Sanchez,NO SABE,BUENOS AIRES,20.0,CABAÑA,W.F,LLAVE EN MANO,MADERA,POTABLE,753.0,9648000.0
2024-11-08,Elena Rodriguez,FINANCIACION PROPIA,LA PLATA,38.7,CABAÑA,S.F,OBRA GRIS,LADRILLO,VENDIDO,742.0,14765000.0
2025-09-20,Ana Gonzalez,PLAN 36-60,BUENOS AIRES,76.4,MINIMALISTA,E.E,OBRA GRIS,PIEDRA NATURAL,POTABLE,714.0,22403000.0
2024-10-28,Pedro Gonzalez,CONTADO,CARLOS PAZ,40.6,AMERICANA,E.E,LLAVE EN MANO,PIEDRA NATURAL,VENDIDO,41.0,16715000.0
2025-10-15,Juan Perez,CONTADO,SANTIAGO DEL ESTERO,52.8,MINIMALISTA,S.F,LLAVE EN MANO,LADRILLO,POTABLE,478.0,27657000.0
2025-04-04,Elena Rodriguez,PLAN 36-60,CÓRDOBA CAPITAL,83.8,AMERICANA,E.E,LLAVE EN MANO,LADRILLO,NO LE INTERESA,7.0,33838000.0
2025-02-04,Jorge Garcia,FINANCIACION PROPIA,CÓRDOBA CAPITAL,47.8,CABAÑA,S.F,LLAVE EN MANO,MADERA,NO LE INTERESA,21.0,22414000.0
2025-07-04,Jorge Romero,CONTADO,SANTIAGO DEL ESTERO,44.9,AMERICANA,S.F,LLAVE EN MANO,MADERA,NO LE INTERESA,476.0,22492000.0
2025-01-27,Diego Lopez,CONTADO,BUENOS AIRES,51.9,AMERICANA,S.F,LLAVE EN MANO,LADRILLO,POTABLE,707.0,27011000.0
2026-02-02,Elena Rodriguez,PLAN 36-60,SANTIAGO DEL ESTERO,92.1,AMERICANA,E.E,LLAVE EN MANO,,POTABLE,411.0,34993000.0
2024-07-25,Carla Romero,CONTADO,LA PLATA,63.9,AMERICANA,E.E,LLAVE EN MANO,PIEDRA NATURAL,NO LE INTERESA,734.0,25459000.0
2024-07-28,Maria Romero,PLAN 36-60,MENDIOLAZA,55.4,AMERICANA,W.F,LLAVE EN MANO,PIEDRA NATURAL,NO LE INTERESA,37.0,26000000.0
2024-04-24,Luis Gonzalez,CONTADO,SANTIAGO DEL ESTERO,44.5,CABAÑA,S.F,LLAVE EN MANO,PIEDRA NATURAL,NO LE INTERESA,490.0,21706000.0
2026-01-06,Carla Lopez,CONTADO,CÓRDOBA CAPITAL,65.8,MINIMALISTA,E.E,OBRA GRIS,LADRILLO,POTABLE,16.0,17620000.0
2025-10-07,Maria Romero,CONTADO,ALTA GRACIA,68.2,CABAÑA,E.E,OBRA GRIS,LADRILLO,POTABLE,49.0,19324000.0
2024-09-07,Carla Lopez,PLAN 36-60,SANTIAGO DEL ESTERO,33.5,AMERICANA,S.F,OBRA GRIS,PIEDRA NATURAL,NO LE INTERESA,423.0,12911000.0
2024-08-06,Maria Sanchez,PLAN 36-60,LA PLATA,68.7,MINIMALISTA,S.F,OBRA GRIS,PIEDRA NATURAL,POTABLE,751.0,26014000.0
2025-02-10,Juan Perez,CONTADO,ALTA GRACIA,52.0,AMERICANA,S.F,LLAVE EN MANO,MADERA,POTABLE,43.0,26757000.0
2025-03-18,Lucia Garcia,FINANCIACION PROPIA,LA PLATA,55.5,CABAÑA,W.F,OBRA GRIS,MADERA,NO LE INTERESA,776.0,19518000.0
2025-08-25,Luis Lopez,CONTADO,ALTA GRACIA,37.3,CABAÑA,W.F,OBRA GRIS,LADRILLO,NO LE INTERESA,60.0,12025000.0
2024-12-19,Carla Romero,CONTADO,SANTIAGO DEL ESTERO,47.0,AMERICANA,W.F,OBRA GRIS,MADERA,POTABLE,481.0,16564000.0
2025-07-11,Pedro Perez,PLAN 36-60,CÓRDOBA CAPITAL,34.4,AMERICANA,S.F,OBRA GRIS,LADRILLO,POTABLE,10.0,11967000.0
2025-07-03,Diego Rodriguez,CONTADO,ALTA GRACIA,33.4,MINIMALISTA,E.E,OBRA GRIS,LADRILLO,NO LE INTERESA,49.0,9284000.0
2024-05-21,Diego Rodriguez,PLAN 36-60,CARLOS PAZ,62.5,MINIMALISTA,S.F,LLAVE EN MANO,LADRILLO,POTABLE,32.0,30514000.0
2025-09-03,Luis Sanchez,NO SABE,MENDIOLAZA,47.9,AMERICANA,E.E,OBRA GRIS,PIEDRA NATURAL,NO LE INTERESA,26.0,13873000.0
2025-05-15,Pedro Perez,PLAN 36-60,LA PLATA,29.0,MINIMALISTA,W.F,OBRA GRIS,MADERA,POTABLE,727.0,10864000.0
2025-12-02,Ana Garcia,PLAN 36-60,ALTA GRACIA,98.5,AMERICANA,W.F,LLAVE EN MANO,MADERA,POTABLE,43.0,43835000.0
2025-06-30,Pedro Garcia,PLAN 36-60,LA PLATA,32.5,AMERICANA,W.F,OBRA GRIS,MADERA,NO LE INTERESA,778.0,11588000.0
2025-10-20,Elena Gonzalez,CONTADO,CÓRDOBA CAPITAL,76.8,AMERICANA,E.E,LLAVE EN MANO,MADERA,NO LE INTERESA,17.0,31331000.0
2025-06-25,Lucia Rodriguez,PLAN 36-60,LA PLATA,25.5,CABAÑA,E.E,OBRA GRIS,PIEDRA NATURAL,POTABLE,803.0,7967000.0
2025-05-21,Pedro Sanchez,CONTADO,LA PLATA,,AMERICANA,S.F,LLAVE EN MANO,MADERA,NO LE INTERESA,731.0,33428000.0
2025-08-18,Elena Martinez,NO SABE,CARLOS PAZ,50.0,AMERICANA,S.F,LLAVE EN MANO,MADERA,POTABLE,39.0,24446000.0
2024-10-07,Jorge Perez,CONTADO,LA PLATA,42.4,AMERICANA,S.F,LLAVE EN MANO,PIEDRA NATURAL,NO LE INTERESA,743.0,21620000.0
2025-02-27,Diego Perez,PLAN 36-60,ALTA GRACIA,58.9,MINIMALISTA,W.F,OBRA GRIS,MADERA,POTABLE,41.0,18926000.0
2024-09-26,Juan Martinez,NO SABE,LA PLATA,56.2,AMERICANA,S.F,OBRA GRIS,MADERA,NO LE INTERESA,809.0,20714000.0
2024-06-02,Elena Lopez,FINANCIACION PROPIA,SANTIAGO DEL ESTERO,38.8,CABAÑA,W.F,LLAVE EN MANO,PIEDRA NATURAL,NO LE INTERESA,439.0,18615000.0
2025-09-05,Carla Perez,NO SABE,LA PLATA,37.8,CABAÑA,E.E,LLAVE EN MANO,PIEDRA NATURAL,NO LE INTERESA,804.0,16709000.0
2025-12-27,Elena Perez,PLAN 36-60,SANTIAGO DEL ESTERO,23.5,AMERICANA,W.F,LLAVE EN MANO,PIEDRA NATURAL,NO LE INTERESA,439.0,11243000.0
2025-10-23,Luis Lopez,CONTADO,MENDIOLAZA,61.1,AMERICANA,W.F,LLAVE EN MANO,PIEDRA NATURAL,NO LE INTERESA,25.0,28499000.0
2024-03-23,Maria Lopez,FINANCIACION PROPIA,LA PLATA,29.9,AMERICANA,W.F,LLAVE EN MANO,LADRILLO,NO LE INTERESA,722.0,14900000.0
2025-09-13,Jorge Lopez,CONTADO,BUENOS AIRES,55.1,CABAÑA,E.E,LLAVE EN MANO,PIEDRA NATURAL,POTABLE,746.0,22334000.0
2025-03-01,Pedro Garcia,CONTADO,MENDIOLAZA,66.8,MINIMALISTA,E.E,LLAVE EN MANO,MADERA,POTABLE,21.0,26446000.0
2024-10-01,Maria Lopez,FINANCIACION PROPIA,BUENOS AIRES,59.2,MINIMALISTA,S.F,LLAVE EN MANO,MADERA,NO LE INTERESA,756.0,30645000.0
2025-12-13,Pedro Rodriguez,PLAN 36-60,LA PLATA,40.5,AMERICANA,S.F,LLAVE EN MANO,MADERA,NO LE INTERESA,752.0,19974000.0
2024-10-10,Lucia Perez,FINANCIACION PROPIA,ALTA GRACIA,73.2,MINIMALISTA,S.F,LLAVE EN MANO,MADERA,POTABLE,41.0,35556000.0
2024-06-21,Diego Garcia,NO SABE,BUENOS AIRES,46.8,CABAÑA,E.E,OBRA GRIS,LADRILLO,NO LE INTERESA,722.0,14886000.0
2024-11-22,Carla Rodriguez,FINANCIACION PROPIA,SANTIAGO DEL ESTERO,28.3,AMERICANA,E.E,LLAVE EN MANO,LADRILLO,NO LE INTERESA,413.0,11874000.0
2025-12-18,Carla Lopez,CONTADO,MENDIOLAZA,49.3,MINIMALISTA,E.E,OBRA GRIS,LADRILLO,NO LE INTERESA,22.0,13608000.0
2024-03-03,Diego Lopez,PLAN 36-60,MENDIOLAZA,66.7,AMERICANA,E.E,LLAVE EN MANO,MADERA,POTABLE,41.0,25553000.0
2024-03-13,Jorge Lopez,FINANCIACION PROPIA,SANTIAGO DEL ESTERO,41.5,AMERICANA,E.E,OBRA GRIS,MADERA,POTABLE,442.0,11926000.0
2026-02-01,Diego Martinez,NO SABE,CARLOS PAZ,72.6,CABAÑA,W.F,LLAVE EN MANO,PIEDRA NATURAL,NO LE INTERESA,43.0,32470000.0
2025-09-27,Ana Romero,CONTADO,LA PLATA,39.6,CABAÑA,S.F,OBRA GRIS,PIEDRA NATURAL,POTABLE,728.0,14493000.0
2025-01-09,Maria Romero,CONTADO,LA PLATA,42.3,MINIMALISTA,W.F,LLAVE EN MANO,MADERA,NO LE INTERESA,716.0,19408000.0
2025-09-24,Jorge Gonzalez,FINANCIACION PROPIA,ALTA GRACIA,34.1,CABAÑA,S.F,LLAVE EN MANO,PIEDRA NATURAL,VENDIDO,44.0,16547000.0
2025-05-22,Lucia Perez,CONTADO,CARLOS PAZ,68.7,AMERICANA,W.F,LLAVE EN MANO,PIEDRA NATURAL,NO LE INTERESA,43.0,31367000.0
2026-02-25,Elena Garcia,PLAN 36-60,CARLOS PAZ,53.9,CABAÑA,E.E,OBRA GRIS,MADERA,NO LE INTERESA,49.0,14629000.0
2025-02-01,Diego Garcia,CONTADO,BUENOS AIRES,35.4,MINIMALISTA,S.F,LLAVE EN MANO,LADRILLO,NO LE INTERESA,710.0,17572000.0
2024-04-29,Diego Perez,PLAN 36-60,ALTA GRACIA,47.1,MINIMALISTA,W.F,LLAVE EN MANO,MADERA,POTABLE,55.0,20323000.0
2025-03-12,Maria Romero,FINANCIACION PROPIA,MENDIOLAZA,20.0,MINIMALISTA,S.F,LLAVE EN MANO,MADERA,VENDIDO,23.0,9606000.0
2025-11-06,Maria Lopez,CONTADO,SANTIAGO DEL ESTERO,,CABAÑA,E.E,OBRA GRIS,PIEDRA NATURAL,VENDIDO,406.0,19746000.0
2025-04-09,Pedro Garcia,PLAN 36-60,MENDIOLAZA,51.6,CABAÑA,E.E,OBRA GRIS,PIEDRA NATURAL,NO LE INTERESA,24.0,14541000.0
2024-10-12,Luis Gonzalez,CONTADO,CÓRDOBA CAPITAL,20.0,CABAÑA,S.F,LLAVE EN MANO,MADERA,POTABLE,24.0,9792000.0
2024-09-21,Elena Gonzalez,CONTADO,ALTA GRACIA,25.9,CABAÑA,S.F,LLAVE EN MANO,LADRILLO,POTABLE,54.0,12548000.0
2024-11-15,Jorge Perez,CONTADO,SANTIAGO DEL ESTERO,46.6,CABAÑA,E.E,OBRA GRIS,MADERA,POTABLE,414.0,14125000.0
2025-11-03,Carla Lopez,FINANCIACION PROPIA,MENDIOLAZA,28.7,MINIMALISTA,E.E,OBRA GRIS,LADRILLO,NO LE INTERESA,21.0,8071000.0
2025-01-10,Luis Rodriguez,CONTADO,MENDIOLAZA,70.9,MINIMALISTA,E.E,LLAVE EN MANO,LADRILLO,POTABLE,37.0,26711000.0
2024-03-29,Diego Lopez,PLAN 36-60,CARLOS PAZ,63.4,CABAÑA,W.F,LLAVE EN MANO,,NO LE INTERESA,51.0,28072000.0
2025-10-15,Maria Gonzalez,PLAN 36-60,ALTA GRACIA,62.2,AMERICANA,S.F,LLAVE EN MANO,MADERA,NO LE INTERESA,54.0,32005000.0
2024-07-21,Pedro Gonzalez,PLAN 36-60,CÓRDOBA CAPITAL,20.0,MINIMALISTA,E.E,OBRA GRIS,MADERA,POTABLE,10.0,5883000.0
2026-01-08,Jorge Lopez,PLAN 36-60,LA PLATA,44.5,AMERICANA,S.F,OBRA GRIS,LADRILLO,NO LE INTERESA,768.0,16317000.0
2024-11-29,Elena Garcia,PLAN 36-60,ALTA GRACIA,41.0,AMERICANA,W.F,LLAVE EN MANO,PIEDRA NATURAL,POTABLE,54.0,17946000.0
2024-08-09,Ana Rodriguez,CONTADO,CÓRDOBA CAPITAL,35.9,MINIMALISTA,W.F,OBRA GRIS,LADRILLO,NO LE INTERESA,11.0,11571000.0
2024-02-10,Luis Rodriguez,PLAN 36-60,CÓRDOBA CAPITAL,46.7,AMERICANA,E.E,OBRA GRIS,LADRILLO,POTABLE,18.0,13079000.0
2025-12-08,Maria Garcia,CONTADO,ALTA GRACIA,32.5,AMERICANA,S.F,LLAVE EN MANO,LADRILLO,POTABLE,43.0,15846000.0
2024-03-08,Lucia Rodriguez,FINANCIACION PROPIA,SANTIAGO DEL ESTERO,59.3,MINIMALISTA,W.F,LLAVE EN MANO,PIEDRA NATURAL,POTABLE,423.0,27447000.0
2026-02-14,Pedro Sanchez,FINANCIACION PROPIA,ALTA GRACIA,70.3,MINIMALISTA,S.F,LLAVE EN MANO,LADRILLO,VENDIDO,59.0,33611000.0
2025-05-28,Maria Martinez,CONTADO,MENDIOLAZA,68.6,CABAÑA,S.F,OBRA GRIS,LADRILLO,NO LE INTERESA,43.0,23147000.0
2025-09-28,Juan Lopez,PLAN 36-60,BUENOS AIRES,52.2,MINIMALISTA,E.E,OBRA GRIS,LADRILLO,NO LE INTERESA,705.0,15784000.0
2025-09-13,Luis Rodriguez,NO SABE,CARLOS PAZ,95.0,AMERICANA,W.F,LLAVE EN MANO,PIEDRA NATURAL,POTABLE,33.0,44730000.0
2025-08-20,Juan Romero,CONTADO,MENDIOLAZA,77.8,MINIMALISTA,W.F,OBRA GRIS,LADRILLO,NO LE INTERESA,38.0,24199000.0
2025-09-23,Ana Perez,FINANCIACION PROPIA,CÓRDOBA CAPITAL,53.0,CABAÑA,W.F,OBRA GRIS,PIEDRA NATURAL,POTABLE,11.0,17432000.0
2024-05-06,Ana Sanchez,CONTADO,CÓRDOBA CAPITAL,45.4,MINIMALISTA,S.F,OBRA GRIS,PIEDRA NATURAL,VENDIDO,9.0,15805000.0
2024-09-11,Diego Perez,PLAN 36-60,LA PLATA,81.8,AMERICANA,W.F,OBRA GRIS,MADERA,VENDIDO,748.0,26896000.0
2025-11-25,Jorge Rodriguez,FINANCIACION PROPIA,CÓRDOBA CAPITAL,75.2,MINIMALISTA,W.F,LLAVE EN MANO,MADERA,NO LE INTERESA,18.0,35125000.0
2024-01-16,Elena Romero,PLAN 36-60,BUENOS AIRES,26.8,AMERICANA,S.F,OBRA GRIS,MADERA,VENDIDO,670.0,10340000.0
2025-04-21,Lucia Lopez,PLAN 36-60,LA PLATA,76.7,MINIMALISTA,W.F,LLAVE EN MANO,PIEDRA NATURAL,POTABLE,767.0,36025000.0
2024-03-02,Elena Perez,NO SABE,CÓRDOBA CAPITAL,,CABAÑA,W.F,OBRA GRIS,MADERA,POTABLE,5.0,16624000.0
2025-03-07,Ana Perez,FINANCIACION PROPIA,CÓRDOBA CAPITAL,37.8,CABAÑA,S.F,LLAVE EN MANO,MADERA,POTABLE,27.0,17785000.0
2025-10-31,Carla Gonzalez,PLAN 36-60,ALTA GRACIA,20.0,MINIMALISTA,W.F,OBRA GRIS,MADERA,POTABLE,58.0,6589000.0
2024-09-24,Juan Lopez,PLAN 36-60,ALTA GRACIA,49.6,AMERICANA,E.E,LLAVE EN MANO,PIEDRA NATURAL,VENDIDO,53.0,19364000.0
2024-02-04,Diego Romero,PLAN 36-60,CARLOS PAZ,54.8,CABAÑA,S.F,LLAVE EN MANO,LADRILLO,POTABLE,42.0,25803000.0
2026-02-17,Maria Lopez,FINANCIACION PROPIA,MENDIOLAZA,86.7,AMERICANA,W.F,OBRA GRIS,MADERA,NO LE INTERESA,26.0,28224000.0
2025-07-29,Ana Perez,NO SABE,SANTIAGO DEL ESTERO,74.1,MINIMALISTA,E.E,OBRA GRIS,MADERA,NO LE INTERESA,474.0,20407000.0
2025-05-08,Luis Lopez,FINANCIACION PROPIA,CARLOS PAZ,43.3,CABAÑA,S.F,LLAVE EN MANO,MADERA,POTABLE,53.0,20676000.0
2025-07-15,Luis Romero,FINANCIACION PROPIA,CÓRDOBA CAPITAL,62.8,CABAÑA,W.F,OBRA GRIS,MADERA,POTABLE,9.0,20804000.0
2025-04-13,Lucia Perez,CONTADO,CARLOS PAZ,71.5,AMERICANA,S.F,LLAVE EN MANO,PIEDRA NATURAL,POTABLE,42.0,33476000.0
2026-02-05,Maria Perez,FINANCIACION PROPIA,ALTA GRACIA,56.7,CABAÑA,E.E,LLAVE EN MANO,LADRILLO,POTABLE,43.0,22618000.0
2025-10-22,Ana Garcia,FINANCIACION PROPIA,MENDIOLAZA,43.3,AMERICANA,S.F,LLAVE EN MANO,LADRILLO,NO LE INTERESA,29.0,22217000.0
2024-11-20,Elena Rodriguez,FINANCIACION PROPIA,CÓRDOBA CAPITAL,,AMERICANA,W.F,LLAVE EN MANO,MADERA,NO LE INTERESA,15.0,19379000.0
2024-10-30,Lucia Garcia,CONTADO,CÓRDOBA CAPITAL,62.7,MINIMALISTA,E.E,OBRA GRIS,LADRILLO,NO LE INTERESA,29.0,17454000.0
2024-10-02,Carla Lopez,NO SABE,CARLOS PAZ,63.3,AMERICANA,S.F,OBRA GRIS,MADERA,NO LE INTERESA,36.0,22377000.0
2025-11-14,Elena Gonzalez,CONTADO,MENDIOLAZA,49.1,CABAÑA,W.F,OBRA GRIS,MADERA,POTABLE,32.0,15780000.0
2024-07-19,Juan Rodriguez,CONTADO,BUENOS AIRES,20.0,AMERICANA,W.F,OBRA GRIS,LADRILLO,POTABLE,755.0,7664000.0
2025-03-20,Pedro Garcia,PLAN 36-60,LA PLATA,29.2,CABAÑA,E.E,OBRA GRIS,LADRILLO,NO LE INTERESA,758.0,9224000.0
2024-11-19,Luis Rodriguez,PLAN 36-60,BUENOS AIRES,67.4,AMERICANA,E.E,LLAVE EN MANO,PIEDRA NATURAL,POTABLE,746.0,26572000.0
2024-02-04,Elena Martinez,CONTADO,SANTIAGO DEL ESTERO,20.0,MINIMALISTA,S.F,OBRA GRIS,MADERA,POTABLE,406.0,7296000.0
2025-04-26,Maria Rodriguez,FINANCIACION PROPIA,MENDIOLAZA,78.7,MINIMALISTA,W.F,OBRA GRIS,LADRILLO,NO LE INTERESA,44.0,26028000.0
2025-12-28,Luis Gonzalez,CONTADO,CARLOS PAZ,75.7,AMERICANA,E.E,OBRA GRIS,PIEDRA NATURAL,VENDIDO,35.0,20693000.0
2025-04-24,Juan Lopez,CONTADO,BUENOS AIRES,55.8,AMERICANA,W.F,LLAVE EN MANO,LADRILLO,VENDIDO,758.0,27205000.0
2024-03-05,Luis Garcia,CONTADO,CARLOS PAZ,67.0,AMERICANA,S.F,OBRA GRIS,LADRILLO,POTABLE,34.0,24072000.0
2024-01-08,Elena Romero,FINANCIACION PROPIA,SANTIAGO DEL ESTERO,65.6,MINIMALISTA,E.E,OBRA GRIS,MADERA,NO LE INTERESA,444.0,18176000.0
2024-10-27,Juan Romero,CONTADO,CÓRDOBA CAPITAL,52.7,AMERICANA,S.F,OBRA GRIS,PIEDRA NATURAL,POTABLE,13.0,17913000.0
2024-12-08,Juan Garcia,CONTADO,CÓRDOBA CAPITAL,27.5,AMERICANA,S.F,OBRA GRIS,MADERA,VENDIDO,16.0,9448000.0
2025-03-06,Carla Garcia,PLAN 36-60,LA PLATA,74.3,CABAÑA,E.E,OBRA GRIS,,POTABLE,735.0,22113000.0
2025-02-27,Lucia Gonzalez,PLAN 36-60,CARLOS PAZ,83.1,MINIMALISTA,S.F,LLAVE EN MANO,PIEDRA NATURAL,POTABLE,54.0,42064000.0
2024-11-27,Diego Sanchez,FINANCIACION PROPIA,SANTIAGO DEL ESTERO,30.8,MINIMALISTA,W.F,OBRA GRIS,MADERA,NO LE INTERESA,431.0,10100000.0
2025-03-13,Diego Perez,FINANCIACION PROPIA,CARLOS PAZ,26.8,AMERICANA,E.E,OBRA GRIS,PIEDRA NATURAL,VENDIDO,46.0,7383000.0
2025-08-10,Lucia Garcia,FINANCIACION PROPIA,ALTA GRACIA,52.3,AMERICANA,W.F,OBRA GRIS,LADRILLO,NO LE INTERESA,38.0,16688000.0
2024-06-22,Maria Sanchez,CONTADO,CARLOS PAZ,42.5,CABAÑA,S.F,LLAVE EN MANO,PIEDRA NATURAL,POTABLE,51.0,20240000.0
2025-07-12,Maria Perez,PLAN 36-60,CARLOS PAZ,57.9,AMERICANA,E.E,OBRA GRIS,LADRILLO,NO LE INTERESA,44.0,16352000.0
2025-06-10,Maria Rodriguez,PLAN 36-60,ALTA GRACIA,79.2,MINIMALISTA,W.F,OBRA GRIS,MADERA,NO LE INTERESA,59.0,25535000.0
2025-10-20,Carla Rodriguez,CONTADO,ALTA GRACIA,,CABAÑA,W.F,LLAVE EN MANO,LADRILLO,NO LE INTERESA,46.0,8918000.0
2024-01-26,Juan Sanchez,CONTADO,BUENOS AIRES,86.6,MINIMALISTA,W.F,OBRA GRIS,LADRILLO,POTABLE,680.0,28954000.0
2025-08-27,Pedro Perez,PLAN 36-60,SANTIAGO DEL ESTERO,46.9,AMERICANA,W.F,LLAVE EN MANO,PIEDRA NATURAL,POTABLE,435.0,21481000.0
2025-02-09,Ana Gonzalez,CONTADO,BUENOS AIRES,65.2,CABAÑA,W.F,OBRA GRIS,PIEDRA NATURAL,NO LE INTERESA,734.0,21749000.0
2024-08-19,Carla Gonzalez,NO SABE,CÓRDOBA CAPITAL,67.4,MINIMALISTA,S.F,LLAVE EN MANO,MADERA,NO LE INTERESA,21.0,32282000.0
2025-06-16,Ana Garcia,FINANCIACION PROPIA,LA PLATA,69.7,MINIMALISTA,S.F,LLAVE EN MANO,PIEDRA NATURAL,NO LE INTERESA,788.0,35478000.0
2025-07-03,Carla Perez,CONTADO,BUENOS AIRES,56.2,MINIMALISTA,S.F,LLAVE EN MANO,MADERA,POTABLE,667.0,28379000.0
2026-02-26,Maria Perez,CONTADO,ALTA GRACIA,60.9,AMERICANA,S.F,LLAVE EN MANO,LADRILLO,NO LE INTERESA,50.0,29008000.0
2025-05-19,Diego Romero,NO SABE,CÓRDOBA CAPITAL,60.8,AMERICANA,S.F,OBRA GRIS,LADRILLO,VENDIDO,28.0,20284000.0
2025-10-30,Lucia Romero,CONTADO,SANTIAGO DEL ESTERO,42.4,AMERICANA,S.F,LLAVE EN MANO,PIEDRA NATURAL,POTABLE,411.0,20646000.0
2024-06-27,Jorge Rodriguez,FINANCIACION PROPIA,MENDIOLAZA,20.0,AMERICANA,S.F,LLAVE EN MANO,LADRILLO,NO LE INTERESA,22.0,9383000.0
2024-05-11,Pedro Rodriguez,PLAN 36-60,CARLOS PAZ,30.6,MINIMALISTA,W.F,OBRA GRIS,LADRILLO,POTABLE,48.0,9857000.0
2025-03-30,Diego Sanchez,FINANCIACION PROPIA,SANTIAGO DEL ESTERO,52.9,CABAÑA,S.F,OBRA GRIS,MADERA,POTABLE,432.0,18636000.0
2024-12-13,Juan Romero,FINANCIACION PROPIA,SANTIAGO DEL ESTERO,39.3,AMERICANA,W.F,LLAVE EN MANO,PIEDRA NATURAL,NO LE INTERESA,466.0,18269000.0
2025-06-23,Ana Gonzalez,CONTADO,ALTA GRACIA,39.3,CABAÑA,E.E,LLAVE EN MANO,MADERA,NO LE INTERESA,49.0,15215000.0
2026-02-10,Carla Lopez,CONTADO,LA PLATA,91.0,MINIMALISTA,S.F,OBRA GRIS,LADRILLO,NO LE INTERESA,809.0,33189000.0
2025-02-09,Luis Rodriguez,PLAN 36-60,BUENOS AIRES,72.2,AMERICANA,W.F,LLAVE EN MANO,LADRILLO,POTABLE,749.0,34425000.0
2024-03-16,Luis Garcia,NO SABE,ALTA GRACIA,50.0,MINIMALISTA,E.E,OBRA GRIS,LADRILLO,POTABLE,52.0,14049000.0
2025-08-01,Pedro Lopez,CONTADO,CARLOS PAZ,68.4,AMERICANA,E.E,OBRA GRIS,PIEDRA NATURAL,VENDIDO,37.0,18366000.0
2025-05-06,Juan Gonzalez,PLAN 36-60,ALTA GRACIA,46.6,AMERICANA,W.F,LLAVE EN MANO,LADRILLO,POTABLE,42.0,20054000.0
2024-07-12,Diego Garcia,CONTADO,CARLOS PAZ,57.2,CABAÑA,W.F,OBRA GRIS,LADRILLO,NO LE INTERESA,52.0,17966000.0
2024-06-10,Diego Martinez,FINANCIACION PROPIA,ALTA GRACIA,63.8,MINIMALISTA,W.F,OBRA GRIS,MADERA,POTABLE,50.0,20464000.0
2024-12-12,Jorge Sanchez,FINANCIACION PROPIA,MENDIOLAZA,46.6,MINIMALISTA,S.F,LLAVE EN MANO,PIEDRA NATURAL,VENDIDO,40.0,21852000.0
2024-12-26,Luis Sanchez,CONTADO,LA PLATA,41.3,MINIMALISTA,E.E,OBRA GRIS,LADRILLO,VENDIDO,755.0,12478000.0
2026-02-07,Jorge Rodriguez,CONTADO,MENDIOLAZA,79.5,CABAÑA,S.F,OBRA GRIS,MADERA,POTABLE,23.0,28938000.0
2025-08-06,Carla Garcia,CONTADO,CÓRDOBA CAPITAL,67.3,CABAÑA,S.F,LLAVE EN MANO,LADRILLO,NO LE INTERESA,13.0,31644000.0
2024-03-27,Carla Garcia,PLAN 36-60,LA PLATA,20.0,MINIMALISTA,S.F,OBRA GRIS,MADERA,POTABLE,726.0,8452000.0
2024-09-18,Ana Perez,PLAN 36-60,BUENOS AIRES,41.6,MINIMALISTA,E.E,OBRA GRIS,LADRILLO,POTABLE,738.0,13210000.0
2024-08-01,Lucia Romero,CONTADO,ALTA GRACIA,39.4,AMERICANA,E.E,LLAVE EN MANO,PIEDRA NATURAL,NO LE INTERESA,53.0,16039000.0
2025-10-26,Luis Sanchez,NO SABE,SANTIAGO DEL ESTERO,42.6,AMERICANA,E.E,OBRA GRIS,PIEDRA NATURAL,NO LE INTERESA,409.0,12998000.0
2025-12-22,Luis Romero,PLAN 36-60,CÓRDOBA CAPITAL,72.2,CABAÑA,W.F,OBRA GRIS,MADERA,POTABLE,21.0,22302000.0
2025-07-26,Elena Lopez,FINANCIACION PROPIA,SANTIAGO DEL ESTERO,55.4,AMERICANA,S.F,OBRA GRIS,LADRILLO,NO LE INTERESA,487.0,19419000.0
2026-02-18,Lucia Romero,CONTADO,MENDIOLAZA,27.2,MINIMALISTA,W.F,OBRA GRIS,PIEDRA NATURAL,POTABLE,37.0,8492000.0
2024-09-18,Juan Gonzalez,CONTADO,BUENOS AIRES,47.3,MINIMALISTA,W.F,LLAVE EN MANO,LADRILLO,POTABLE,711.0,21519000.0
2025-12-30,Luis Martinez,PLAN 36-60,LA PLATA,65.8,AMERICANA,S.F,OBRA GRIS,,NO LE INTERESA,741.0,23726000.0
2024-10-09,Luis Romero,PLAN 36-60,BUENOS AIRES,50.6,AMERICANA,E.E,LLAVE EN MANO,MADERA,NO LE INTERESA,749.0,21651000.0
2025-10-09,Juan Sanchez,PLAN 36-60,CÓRDOBA CAPITAL,42.1,CABAÑA,S.F,OBRA GRIS,PIEDRA NATURAL,NO LE INTERESA,16.0,14393000.0
2025-04-11,Diego Gonzalez,FINANCIACION PROPIA,MENDIOLAZA,61.6,AMERICANA,W.F,LLAVE EN MANO,LADRILLO,NO LE INTERESA,41.0,27119000.0
2025-01-14,Jorge Rodriguez,PLAN 36-60,ALTA GRACIA,87.4,CABAÑA,E.E,OBRA GRIS,LADRILLO,NO LE INTERESA,55.0,24986000.0
2024-12-27,Pedro Martinez,CONTADO,SANTIAGO DEL ESTERO,64.2,AMERICANA,E.E,LLAVE EN MANO,LADRILLO,NO LE INTERESA,482.0,24846000.0
2025-03-24,Juan Sanchez,NO SABE,ALTA GRACIA,81.0,AMERICANA,W.F,LLAVE EN MANO,MADERA,POTABLE,60.0,36093000.0
2025-03-16,Diego Perez,PLAN 36-60,CARLOS PAZ,43.4,AMERICANA,E.E,OBRA GRIS,MADERA,NO LE INTERESA,49.0,11975000.0
2024-04-02,Elena Lopez,CONTADO,BUENOS AIRES,,AMERICANA,E.E,OBRA GRIS,LADRILLO,NO LE INTERESA,663.0,16906000.0
2025-09-12,Pedro Lopez,CONTADO,CÓRDOBA CAPITAL,54.4,MINIMALISTA,S.F,LLAVE EN MANO,,NO LE INTERESA,10.0,26710000.0
2026-01-22,Lucia Garcia,FINANCIACION PROPIA,SANTIAGO DEL ESTERO,57.4,MINIMALISTA,S.F,LLAVE EN MANO,PIEDRA NATURAL,NO LE INTERESA,404.0,29153000.0
2025-02-27,Elena Gonzalez,FINANCIACION PROPIA,LA PLATA,63.8,MINIMALISTA,W.F,LLAVE EN MANO,PIEDRA NATURAL,POTABLE,729.0,28747000.0
2024-05-21,Maria Rodriguez,CONTADO,LA PLATA,36.6,AMERICANA,W.F,LLAVE EN MANO,PIEDRA NATURAL,POTABLE,716.0,18327000.0
2024-10-17,Elena Garcia,CONTADO,LA PLATA,67.9,CABAÑA,W.F,LLAVE EN MANO,LADRILLO,NO LE INTERESA,760.0,31186000.0
2025-03-07,Jorge Perez,FINANCIACION PROPIA,MENDIOLAZA,22.4,AMERICANA,E.E,LLAVE EN MANO,PIEDRA NATURAL,POTABLE,21.0,8995000.0
2026-01-18,Jorge Perez,NO SABE,LA PLATA,28.3,MINIMALISTA,W.F,OBRA GRIS,LADRILLO,NO LE INTERESA,757.0,10714000.0
2025-11-19,Maria Garcia,CONTADO,SANTIAGO DEL ESTERO,97.7,CABAÑA,S.F,OBRA GRIS,MADERA,NO LE INTERESA,490.0,34960000.0
2025-10-14,Lucia Lopez,FINANCIACION PROPIA,BUENOS AIRES,44.8,CABAÑA,E.E,LLAVE EN MANO,PIEDRA NATURAL,NO LE INTERESA,735.0,18678000.0
2025-12-01,Juan Sanchez,CONTADO,BUENOS AIRES,69.6,MINIMALISTA,W.F,LLAVE EN MANO,LADRILLO,NO LE INTERESA,754.0,31262000.0
2024-02-18,Lucia Martinez,CONTADO,BUENOS AIRES,89.0,AMERICANA,E.E,OBRA GRIS,LADRILLO,POTABLE,683.0,25660000.0
2024-10-28,Juan Romero,CONTADO,MENDIOLAZA,20.0,CABAÑA,E.E,LLAVE EN MANO,MADERA,VENDIDO,33.0,8168000.0
2024-07-08,Juan Garcia,CONTADO,CARLOS PAZ,77.5,CABAÑA,E.E,LLAVE EN MANO,MADERA,NO LE INTERESA,38.0,29326000.0
2024-05-15,Jorge Martinez,CONTADO,LA PLATA,68.0,MINIMALISTA,W.F,OBRA GRIS,MADERA,NO LE INTERESA,759.0,23996000.0
2025-07-08,Jorge Lopez,NO SABE,BUENOS AIRES,87.8,CABAÑA,E.E,OBRA GRIS,MADERA,POTABLE,716.0,26087000.0
2025-02-07,Ana Gonzalez,CONTADO,LA PLATA,31.4,CABAÑA,E.E,LLAVE EN MANO,PIEDRA NATURAL,POTABLE,714.0,13274000.0
2025-08-24,Carla Garcia,CONTADO,MENDIOLAZA,84.0,CABAÑA,E.E,OBRA GRIS,MADERA,NO LE INTERESA,26.0,23669000.0
2024-12-06,Ana Perez,,LA PLATA,40.2,AMERICANA,S.F,LLAVE EN MANO,LADRILLO,POTABLE,780.0,20139000.0
2026-01-26,Carla Gonzalez,FINANCIACION PROPIA,CARLOS PAZ,76.1,AMERICANA,W.F,OBRA GRIS,LADRILLO,POTABLE,49.0,23883000.0
2025-12-04,Juan Rodriguez,NO SABE,MENDIOLAZA,54.3,MINIMALISTA,S.F,LLAVE EN MANO,LADRILLO,POTABLE,34.0,26089000.0
2024-11-13,Lucia Martinez,CONTADO,MENDIOLAZA,70.4,AMERICANA,E.E,LLAVE EN MANO,LADRILLO,NO LE INTERESA,27.0,27319000.0
2025-09-09,Elena Sanchez,PLAN 36-60,CÓRDOBA CAPITAL,56.0,CABAÑA,E.E,LLAVE EN MANO,LADRILLO,NO LE INTERESA,15.0,22888000.0
2024-12-28,Ana Romero,CONTADO,MENDIOLAZA,20.0,AMERICANA,S.F,LLAVE EN MANO,MADERA,NO LE INTERESA,22.0,9703000.0
2025-01-16,Jorge Garcia,PLAN 36-60,LA PLATA,20.0,CABAÑA,E.E,OBRA GRIS,LADRILLO,NO LE INTERESA,805.0,6824000.0
2024-08-20,Ana Gonzalez,CONTADO,MENDIOLAZA,59.2,CABAÑA,S.F,OBRA GRIS,MADERA,POTABLE,42.0,20081000.0
2026-02-15,Lucia Perez,PLAN 36-60,LA PLATA,49.7,AMERICANA,E.E,OBRA GRIS,MADERA,NO LE INTERESA,717.0,15345000.0
2024-12-09,Juan Sanchez,FINANCIACION PROPIA,LA PLATA,63.0,AMERICANA,E.E,LLAVE EN MANO,MADERA,POTABLE,727.0,25942000.0
2025-07-02,Diego Garcia,PLAN 36-60,BUENOS AIRES,50.0,AMERICANA,E.E,OBRA GRIS,MADERA,NO LE INTERESA,718.0,14986000.0
2025-07-06,Pedro Romero,CONTADO,MENDIOLAZA,,AMERICANA,E.E,LLAVE EN MANO,PIEDRA NATURAL,NO LE INTERESA,26.0,39110000.0
2025-06-12,Jorge Lopez,CONTADO,CÓRDOBA CAPITAL,59.6,MINIMALISTA,W.F,LLAVE EN MANO,PIEDRA NATURAL,POTABLE,28.0,27961000.0
2026-02-27,Juan Garcia,PLAN 36-60,LA PLATA,46.1,AMERICANA,W.F,OBRA GRIS,PIEDRA NATURAL,POTABLE,786.0,16279000.0
2025-07-24,Diego Gonzalez,PLAN 36-60,BUENOS AIRES,61.7,MINIMALISTA,W.F,OBRA GRIS,PIEDRA NATURAL,NO LE INTERESA,687.0,21779000.0
2024-07-01,Juan Romero,,CÓRDOBA CAPITAL,46.4,CABAÑA,S.F,LLAVE EN MANO,PIEDRA NATURAL,POTABLE,5.0,22891000.0
2024-02-10,Carla Perez,FINANCIACION PROPIA,CÓRDOBA CAPITAL,56.9,MINIMALISTA,S.F,LLAVE EN MANO,LADRILLO,NO LE INTERESA,25.0,28831000.0
2025-07-04,Carla Perez,PLAN 36-60,MENDIOLAZA,30.7,CABAÑA,S.F,OBRA GRIS,PIEDRA NATURAL,VENDIDO,31.0,10694000.0
2025-01-31,Ana Sanchez,CONTADO,ALTA GRACIA,54.8,MINIMALISTA,S.F,OBRA GRIS,LADRILLO,NO LE INTERESA,51.0,18461000.0
2025-12-04,Diego Martinez,CONTADO,BUENOS AIRES,45.4,MINIMALISTA,W.F,OBRA GRIS,LADRILLO,NO LE INTERESA,689.0,16426000.0
2026-02-17,Jorge Martinez,NO SABE,ALTA GRACIA,32.5,CABAÑA,S.F,OBRA GRIS,MADERA,NO LE INTERESA,39.0,11051000.0
2025-05-08,Juan Gonzalez,CONTADO,LA PLATA,94.5,MINIMALISTA,S.F,OBRA GRIS,MADERA,POTABLE,778.0,33391000.0
2025-10-20,Elena Lopez,NO SABE,SANTIAGO DEL ESTERO,33.3,CABAÑA,S.F,LLAVE EN MANO,MADERA,POTABLE,445.0,16412000.0
2024-11-28,Diego Martinez,PLAN 36-60,ALTA GRACIA,55.1,AMERICANA,E.E,LLAVE EN MANO,PIEDRA NATURAL,NO LE INTERESA,41.0,21309000.0
2024-05-06,Ana Gonzalez,CONTADO,BUENOS AIRES,38.9,CABAÑA,S.F,LLAVE EN MANO,LADRILLO,NO LE INTERESA,674.0,19649000.0
2025-07-11,Juan Garcia,FINANCIACION PROPIA,MENDIOLAZA,,MINIMALISTA,E.E,OBRA GRIS,PIEDRA NATURAL,POTABLE,35.0,17277000.0
2025-07-10,Elena Rodriguez,CONTADO,BUENOS AIRES,29.5,AMERICANA,S.F,LLAVE EN MANO,MADERA,POTABLE,733.0,16327000.0
2024-01-01,Maria Garcia,CONTADO,MENDIOLAZA,71.8,MINIMALISTA,S.F,OBRA GRIS,MADERA,POTABLE,27.0,24044000.0
2024-06-16,Lucia Perez,CONTADO,ALTA GRACIA,95.7,AMERICANA,E.E,OBRA GRIS,LADRILLO,NO LE INTERESA,53.0,27624000.0
2025-09-11,Carla Rodriguez,FINANCIACION PROPIA,SANTIAGO DEL ESTERO,38.2,CABAÑA,S.F,OBRA GRIS,LADRILLO,NO LE INTERESA,418.0,13476000.0
2024-01-19,Elena Garcia,PLAN 36-60,CARLOS PAZ,79.3,AMERICANA,E.E,LLAVE EN MANO,MADERA,VENDIDO,38.0,29647000.0
2024-11-27,Luis Sanchez,CONTADO,LA PLATA,47.4,AMERICANA,S.F,LLAVE EN MANO,PIEDRA NATURAL,VENDIDO,784.0,24740000.0
2025-08-06,Ana Sanchez,CONTADO,BUENOS AIRES,85.1,AMERICANA,S.F,LLAVE EN MANO,PIEDRA NATURAL,NO LE INTERESA,726.0,44385000.0
2025-03-31,Carla Romero,PLAN 36-60,CARLOS PAZ,98.8,MINIMALISTA,E.E,LLAVE EN MANO,,NO LE INTERESA,37.0,37530000.0
2024-04-18,Juan Sanchez,CONTADO,CARLOS PAZ,50.3,AMERICANA,W.F,OBRA GRIS,MADERA,POTABLE,33.0,15989000.0
2024-09-24,Lucia Garcia,CONTADO,CÓRDOBA CAPITAL,24.6,CABAÑA,E.E,OBRA GRIS,PIEDRA NATURAL,POTABLE,6.0,6669000.0
2025-03-20,Lucia Sanchez,CONTADO,CÓRDOBA CAPITAL,74.0,CABAÑA,W.F,LLAVE EN MANO,LADRILLO,NO LE INTERESA,26.0,34756000.0
2024-08-27,Pedro Rodriguez,PLAN 36-60,LA PLATA,59.5,CABAÑA,E.E,LLAVE EN MANO,LADRILLO,POTABLE,718.0,23841000.0
2024-10-27,Pedro Martinez,CONTADO,SANTIAGO DEL ESTERO,65.0,AMERICANA,W.F,OBRA GRIS,,POTABLE,411.0,21427000.0
2025-08-24,Ana Perez,PLAN 36-60,CÓRDOBA CAPITAL,48.2,CABAÑA,S.F,LLAVE EN MANO,PIEDRA NATURAL,NO LE INTERESA,11.0,24567000.0
2024-04-12,Diego Martinez,PLAN 36-60,BUENOS AIRES,37.3,MINIMALISTA,W.F,LLAVE EN MANO,LADRILLO,NO LE INTERESA,705.0,17967000.0
2024-09-06,Ana Romero,NO SABE,BUENOS AIRES,,CABAÑA,S.F,OBRA GRIS,PIEDRA NATURAL,NO LE INTERESA,739.0,29711000.0
2025-03-28,Elena Perez,FINANCIACION PROPIA,ALTA GRACIA,61.4,AMERICANA,E.E,LLAVE EN MANO,LADRILLO,POTABLE,41.0,25159000.0
2025-06-03,Jorge Perez,PLAN 36-60,BUENOS AIRES,26.1,CABAÑA,W.F,LLAVE EN MANO,PIEDRA NATURAL,POTABLE,714.0,12788000.0
2024-06-01,Carla Perez,FINANCIACION PROPIA,LA PLATA,68.7,AMERICANA,S.F,LLAVE EN MANO,MADERA,NO LE INTERESA,719.0,35028000.0
2024-06-22,Pedro Garcia,NO SABE,MENDIOLAZA,64.7,AMERICANA,E.E,OBRA GRIS,PIEDRA NATURAL,VENDIDO,32.0,17674000.0
2024-12-08,Elena Rodriguez,PLAN 36-60,CARLOS PAZ,48.5,CABAÑA,W.F,LLAVE EN MANO,MADERA,NO LE INTERESA,34.0,22990000.0
2025-10-31,Luis Romero,PLAN 36-60,BUENOS AIRES,87.4,MINIMALISTA,S.F,LLAVE EN MANO,LADRILLO,POTABLE,681.0,42875000.0
2025-03-06,Elena Rodriguez,CONTADO,LA PLATA,42.6,MINIMALISTA,W.F,OBRA GRIS,PIEDRA NATURAL,POTABLE,747.0,15258000.0
2025-12-27,Pedro Romero,FINANCIACION PROPIA,MENDIOLAZA,51.6,CABAÑA,W.F,OBRA GRIS,LADRILLO,VENDIDO,39.0,16362000.0
2025-11-19,Elena Sanchez,CONTADO,MENDIOLAZA,70.4,AMERICANA,S.F,OBRA GRIS,MADERA,POTABLE,39.0,24237000.0
2025-11-17,Juan Lopez,,CÓRDOBA CAPITAL,56.5,CABAÑA,S.F,OBRA GRIS,LADRILLO,POTABLE,15.0,19013000.0
2025-10-19,Maria Lopez,PLAN 36-60,MENDIOLAZA,27.3,AMERICANA,E.E,OBRA GRIS,LADRILLO,POTABLE,23.0,7724000.0
2024-11-19,Pedro Martinez,FINANCIACION PROPIA,SANTIAGO DEL ESTERO,,AMERICANA,S.F,OBRA GRIS,LADRILLO,NO LE INTERESA,428.0,20646000.0
2025-11-03,Lucia Gonzalez,PLAN 36-60,MENDIOLAZA,46.7,AMERICANA,S.F,OBRA GRIS,MADERA,NO LE INTERESA,33.0,15818000.0
2025-09-30,Lucia Lopez,FINANCIACION PROPIA,MENDIOLAZA,72.1,MINIMALISTA,W.F,LLAVE EN MANO,MADERA,POTABLE,42.0,31676000.0
2025-02-23,Carla Sanchez,FINANCIACION PROPIA,CARLOS PAZ,58.0,MINIMALISTA,S.F,OBRA GRIS,,NO LE INTERESA,54.0,19874000.0
2025-08-16,Maria Lopez,PLAN 36-60,SANTIAGO DEL ESTERO,56.9,CABAÑA,W.F,OBRA GRIS,PIEDRA NATURAL,POTABLE,464.0,19026000.0
2025-04-29,Ana Romero,PLAN 36-60,LA PLATA,34.0,MINIMALISTA,W.F,OBRA GRIS,PIEDRA NATURAL,NO LE INTERESA,745.0,11928000.0
2025-10-20,Jorge Romero,PLAN 36-60,SANTIAGO DEL ESTERO,50.4,AMERICANA,S.F,LLAVE EN MANO,PIEDRA NATURAL,NO LE INTERESA,469.0,24321000.0
2026-01-20,Ana Gonzalez,NO SABE,SANTIAGO DEL ESTERO,74.4,AMERICANA,S.F,LLAVE EN MANO,LADRILLO,NO LE INTERESA,434.0,37241000.0
2025-02-15,Luis Rodriguez,,LA PLATA,39.5,CABAÑA,S.F,OBRA GRIS,MADERA,POTABLE,773.0,15416000.0
2024-03-24,Lucia Perez,NO SABE,CARLOS PAZ,54.3,AMERICANA,S.F,OBRA GRIS,MADERA,NO LE INTERESA,36.0,19200000.0
2024-04-22,Elena Sanchez,CONTADO,BUENOS AIRES,,CABAÑA,E.E,OBRA GRIS,LADRILLO,NO LE INTERESA,687.0,11726000.0
2026-01-06,Carla Perez,CONTADO,MENDIOLAZA,31.3,CABAÑA,W.F,LLAVE EN MANO,PIEDRA NATURAL,NO LE INTERESA,22.0,13576000.0
2024-11-27,Luis Romero,CONTADO,SANTIAGO DEL ESTERO,53.3,AMERICANA,E.E,OBRA GRIS,,NO LE INTERESA,442.0,16088000.0
2025-01-12,Luis Lopez,PLAN 36-60,SANTIAGO DEL ESTERO,58.5,MINIMALISTA,E.E,LLAVE EN MANO,LADRILLO,NO LE INTERESA,462.0,23638000.0
2026-01-24,Diego Gonzalez,FINANCIACION PROPIA,BUENOS AIRES,94.9,AMERICANA,W.F,LLAVE EN MANO,LADRILLO,POTABLE,739.0,43984000.0
2025-10-16,Elena Gonzalez,CONTADO,LA PLATA,45.9,AMERICANA,E.E,OBRA GRIS,PIEDRA NATURAL,POTABLE,791.0,14065000.0
2024-02-10,Diego Sanchez,CONTADO,ALTA GRACIA,54.0,CABAÑA,S.F,LLAVE EN MANO,PIEDRA NATURAL,POTABLE,60.0,26086000.0
2026-02-08,Maria Garcia,CONTADO,BUENOS AIRES,30.0,MINIMALISTA,S.F,OBRA GRIS,MADERA,NO LE INTERESA,669.0,11302000.0
2024-04-14,Lucia Sanchez,PLAN 36-60,SANTIAGO DEL ESTERO,67.2,CABAÑA,S.F,LLAVE EN MANO,MADERA,NO LE INTERESA,449.0,34045000.0
2024-07-20,Luis Rodriguez,CONTADO,CÓRDOBA CAPITAL,63.0,AMERICANA,S.F,LLAVE EN MANO,PIEDRA NATURAL,NO LE INTERESA,18.0,29490000.0
2025-03-25,Carla Romero,CONTADO,MENDIOLAZA,84.8,CABAÑA,W.F,LLAVE EN MANO,MADERA,NO LE INTERESA,40.0,38628000.0
2024-09-22,Diego Romero,FINANCIACION PROPIA,MENDIOLAZA,77.2,CABAÑA,S.F,OBRA GRIS,PIEDRA NATURAL,NO LE INTERESA,27.0,27668000.0
2024-07-28,Lucia Martinez,CONTADO,BUENOS AIRES,62.0,AMERICANA,W.F,LLAVE EN MANO,LADRILLO,POTABLE,667.0,28534000.0
2025-07-16,Pedro Romero,PLAN 36-60,CARLOS PAZ,45.6,CABAÑA,W.F,LLAVE EN MANO,LADRILLO,POTABLE,38.0,20031000.0
2024-04-27,Diego Rodriguez,,BUENOS AIRES,59.1,AMERICANA,W.F,OBRA GRIS,LADRILLO,NO LE INTERESA,758.0,19589000.0
2025-12-13,Luis Gonzalez,FINANCIACION PROPIA,SANTIAGO DEL ESTERO,52.8,CABAÑA,W.F,LLAVE EN MANO,MADERA,POTABLE,490.0,23511000.0
2025-01-11,Diego Garcia,CONTADO,LA PLATA,74.1,MINIMALISTA,E.E,LLAVE EN MANO,PIEDRA NATURAL,NO LE INTERESA,750.0,28934000.0
2025-07-04,Ana Sanchez,NO SABE,CÓRDOBA CAPITAL,71.5,AMERICANA,E.E,OBRA GRIS,LADRILLO,POTABLE,27.0,19392000.0
2025-06-23,Maria Perez,PLAN 36-60,BUENOS AIRES,49.1,MINIMALISTA,S.F,OBRA GRIS,LADRILLO,VENDIDO,663.0,17305000.0
2026-02-09,Juan Sanchez,CONTADO,LA PLATA,25.8,CABAÑA,W.F,OBRA GRIS,MADERA,NO LE INTERESA,741.0,9199000.0
2024-03-24,Pedro Martinez,CONTADO,BUENOS AIRES,81.7,MINIMALISTA,S.F,LLAVE EN MANO,MADERA,POTABLE,733.0,40336000.0
2025-03-29,Juan Sanchez,CONTADO,SANTIAGO DEL ESTERO,66.6,MINIMALISTA,S.F,LLAVE EN MANO,LADRILLO,NO LE INTERESA,422.0,34914000.0
2025-10-28,Lucia Sanchez,FINANCIACION PROPIA,CÓRDOBA CAPITAL,48.6,MINIMALISTA,S.F,LLAVE EN MANO,MADERA,POTABLE,10.0,25001000.0
2025-09-20,Maria Sanchez,PLAN 36-60,CARLOS PAZ,65.9,CABAÑA,S.F,LLAVE EN MANO,MADERA,VENDIDO,52.0,31356000.0
2025-05-28,Pedro Sanchez,CONTADO,CARLOS PAZ,56.5,AMERICANA,W.F,LLAVE EN MANO,MADERA,POTABLE,45.0,24805000.0
2025-08-27,Jorge Romero,CONTADO,BUENOS AIRES,,CABAÑA,W.F,OBRA GRIS,MADERA,NO LE INTERESA,759.0,27327000.0
2025-11-08,Luis Sanchez,FINANCIACION PROPIA,CARLOS PAZ,20.0,CABAÑA,E.E,LLAVE EN MANO,PIEDRA NATURAL,POTABLE,33.0,7612000.0
2025-01-21,Pedro Garcia,FINANCIACION PROPIA,ALTA GRACIA,47.1,CABAÑA,W.F,OBRA GRIS,MADERA,NO LE INTERESA,44.0,15238000.0
2024-12-15,Juan Sanchez,PLAN 36-60,LA PLATA,87.0,AMERICANA,W.F,LLAVE EN MANO,MADERA,NO LE INTERESA,741.0,39925000.0
2024-10-22,Maria Romero,PLAN 36-60,SANTIAGO DEL ESTERO,66.3,CABAÑA,S.F,LLAVE EN MANO,PIEDRA NATURAL,NO LE INTERESA,488.0,32636000.0
2024-09-14,Juan Romero,FINANCIACION PROPIA,CÓRDOBA CAPITAL,90.5,CABAÑA,W.F,OBRA GRIS,MADERA,NO LE INTERESA,11.0,30098000.0
2024-03-21,Luis Garcia,FINANCIACION PROPIA,BUENOS AIRES,,AMERICANA,S.F,LLAVE EN MANO,MADERA,POTABLE,695.0,16563000.0
2024-09-24,Jorge Rodriguez,PLAN 36-60,BUENOS AIRES,76.4,AMERICANA,W.F,LLAVE EN MANO,LADRILLO,VENDIDO,674.0,37182000.0
2025-02-22,Diego Lopez,CONTADO,MENDIOLAZA,,AMERICANA,E.E,OBRA GRIS,LADRILLO,NO LE INTERESA,39.0,20530000.0
2024-08-22,Juan Lopez,FINANCIACION PROPIA,MENDIOLAZA,21.4,MINIMALISTA,S.F,OBRA GRIS,LADRILLO,NO LE INTERESA,26.0,7821000.0
2024-11-06,Carla Garcia,CONTADO,LA PLATA,49.1,AMERICANA,W.F,LLAVE EN MANO,PIEDRA NATURAL,NO LE INTERESA,717.0,23298000.0
2024-12-22,Elena Rodriguez,CONTADO,SANTIAGO DEL ESTERO,52.9,MINIMALISTA,W.F,OBRA GRIS,MADERA,POTABLE,444.0,17862000.0
2024-07-31,Diego Sanchez,FINANCIACION PROPIA,ALTA GRACIA,,MINIMALISTA,S.F,LLAVE EN MANO,PIEDRA NATURAL,NO LE INTERESA,45.0,11583000.0
2025-07-27,Ana Rodriguez,PLAN 36-60,SANTIAGO DEL ESTERO,49.5,CABAÑA,E.E,OBRA GRIS,PIEDRA NATURAL,POTABLE,418.0,15128000.0
2024-02-18,Pedro Perez,FINANCIACION PROPIA,LA PLATA,72.5,MINIMALISTA,E.E,LLAVE EN MANO,MADERA,NO LE INTERESA,723.0,30174000.0
2024-05-06,Elena Garcia,PLAN 36-60,SANTIAGO DEL ESTERO,47.2,CABAÑA,W.F,OBRA GRIS,MADERA,NO LE INTERESA,490.0,15691000.0
2024-08-10,Lucia Rodriguez,NO SABE,MENDIOLAZA,59.8,MINIMALISTA,W.F,OBRA GRIS,LADRILLO,POTABLE,22.0,19269000.0
2024-10-05,Jorge Martinez,,MENDIOLAZA,60.0,AMERICANA,W.F,LLAVE EN MANO,MADERA,VENDIDO,22.0,27393000.0
2025-02-11,Ana Sanchez,FINANCIACION PROPIA,CÓRDOBA CAPITAL,54.8,CABAÑA,S.F,OBRA GRIS,PIEDRA NATURAL,VENDIDO,11.0,19827000.0
2025-05-19,Jorge Romero,CONTADO,ALTA GRACIA,40.9,MINIMALISTA,S.F,OBRA GRIS,LADRILLO,NO LE INTERESA,59.0,14631000.0
2024-10-20,Maria Romero,CONTADO,MENDIOLAZA,68.2,CABAÑA,S.F,OBRA GRIS,PIEDRA NATURAL,NO LE INTERESA,22.0,23581000.0
2024-10-03,Juan Garcia,CONTADO,CÓRDOBA CAPITAL,23.3,AMERICANA,W.F,LLAVE EN MANO,MADERA,NO LE INTERESA,25.0,10455000.0
2025-03-13,Jorge Gonzalez,FINANCIACION PROPIA,ALTA GRACIA,55.2,MINIMALISTA,E.E,OBRA GRIS,,NO LE INTERESA,57.0,14843000.0
2024-04-16,Lucia Lopez,CONTADO,MENDIOLAZA,82.7,MINIMALISTA,S.F,OBRA GRIS,MADERA,POTABLE,29.0,30218000.0
2025-10-19,Luis Gonzalez,PLAN 36-60,ALTA GRACIA,46.1,AMERICANA,E.E,OBRA GRIS,LADRILLO,VENDIDO,42.0,12437000.0
2025-02-23,Pedro Gonzalez,CONTADO,SANTIAGO DEL ESTERO,40.5,MINIMALISTA,W.F,LLAVE EN MANO,LADRILLO,NO LE INTERESA,468.0,19111000.0
2025-09-02,Ana Garcia,CONTADO,CÓRDOBA CAPITAL,69.5,MINIMALISTA,S.F,LLAVE EN MANO,LADRILLO,NO LE INTERESA,23.0,35356000.0
2025-03-04,Jorge Sanchez,PLAN 36-60,ALTA GRACIA,58.3,CABAÑA,S.F,OBRA GRIS,MADERA,VENDIDO,54.0,20324000.0
2025-01-09,Elena Perez,NO SABE,BUENOS AIRES,69.9,MINIMALISTA,S.F,LLAVE EN MANO,LADRILLO,NO LE INTERESA,743.0,36427000.0
2024-03-13,Ana Lopez,CONTADO,ALTA GRACIA,55.8,AMERICANA,W.F,OBRA GRIS,LADRILLO,NO LE INTERESA,42.0,18578000.0
2025-09-25,Carla Garcia,PLAN 36-60,SANTIAGO DEL ESTERO,20.0,MINIMALISTA,W.F,LLAVE EN MANO,MADERA,VENDIDO,469.0,9292000.0
2024-01-30,Luis Romero,NO SABE,MENDIOLAZA,78.6,CABAÑA,W.F,OBRA GRIS,PIEDRA NATURAL,NO LE INTERESA,23.0,25121000.0
2024-07-06,Diego Rodriguez,PLAN 36-60,MENDIOLAZA,96.4,MINIMALISTA,E.E,LLAVE EN MANO,MADERA,NO LE INTERESA,33.0,38561000.0
2024-12-29,Elena Garcia,PLAN 36-60,BUENOS AIRES,80.7,CABAÑA,E.E,OBRA GRIS,MADERA,POTABLE,721.0,23494000.0
2025-03-26,Carla Rodriguez,CONTADO,LA PLATA,20.0,MINIMALISTA,S.F,OBRA GRIS,,NO LE INTERESA,726.0,8126000.0
2024-07-13,Lucia Romero,PLAN 36-60,LA PLATA,64.0,CABAÑA,S.F,LLAVE EN MANO,MADERA,NO LE INTERESA,718.0,32743000.0
2024-06-04,Juan Martinez,CONTADO,MENDIOLAZA,45.7,CABAÑA,W.F,OBRA GRIS,MADERA,NO LE INTERESA,25.0,14238000.0
2024-06-20,Juan Garcia,PLAN 36-60,BUENOS AIRES,33.3,MINIMALISTA,W.F,OBRA GRIS,MADERA,NO LE INTERESA,702.0,11672000.0
2024-02-10,Ana Martinez,FINANCIACION PROPIA,CARLOS PAZ,57.5,AMERICANA,W.F,OBRA GRIS,LADRILLO,POTABLE,52.0,17716000.0
2024-03-03,Lucia Garcia,PLAN 36-60,CARLOS PAZ,52.0,AMERICANA,S.F,LLAVE EN MANO,MADERA,NO LE INTERESA,43.0,24649000.0
2024-01-23,Elena Lopez,CONTADO,BUENOS AIRES,65.2,MINIMALISTA,W.F,OBRA GRIS,LADRILLO,VENDIDO,735.0,22124000.0
2024-12-25,Juan Garcia,NO SABE,ALTA GRACIA,56.1,MINIMALISTA,E.E,OBRA GRIS,MADERA,POTABLE,39.0,15883000.0
2024-03-15,Elena Martinez,PLAN 36-60,MENDIOLAZA,32.6,MINIMALISTA,E.E,OBRA GRIS,LADRILLO,POTABLE,23.0,8838000.0
2025-07-13,Jorge Sanchez,NO SABE,LA PLATA,43.5,MINIMALISTA,S.F,LLAVE EN MANO,LADRILLO,POTABLE,734.0,22989000.0
2025-11-02,Lucia Garcia,PLAN 36-60,ALTA GRACIA,40.2,MINIMALISTA,S.F,OBRA GRIS,MADERA,VENDIDO,43.0,13955000.0
2024-04-27,Luis Sanchez,CONTADO,CÓRDOBA CAPITAL,20.7,AMERICANA,E.E,LLAVE EN MANO,PIEDRA NATURAL,NO LE INTERESA,19.0,8485000.0
2025-09-03,Maria Romero,PLAN 36-60,BUENOS AIRES,27.6,CABAÑA,W.F,OBRA GRIS,MADERA,VENDIDO,748.0,9897000.0
2025-01-14,Juan Lopez,PLAN 36-60,BUENOS AIRES,50.8,CABAÑA,S.F,LLAVE EN MANO,PIEDRA NATURAL,NO LE INTERESA,703.0,25038000.0
2025-11-09,Diego Garcia,CONTADO,LA PLATA,83.5,AMERICANA,S.F,LLAVE EN MANO,LADRILLO,NO LE INTERESA,762.0,43143000.0
2024-10-16,Maria Rodriguez,PLAN 36-60,LA PLATA,44.3,AMERICANA,S.F,LLAVE EN MANO,PIEDRA NATURAL,NO LE INTERESA,710.0,22926000.0
2025-03-15,Ana Sanchez,PLAN 36-60,LA PLATA,39.9,CABAÑA,E.E,OBRA GRIS,PIEDRA NATURAL,POTABLE,713.0,12103000.0
2025-10-29,Pedro Lopez,PLAN 36-60,BUENOS AIRES,31.4,AMERICANA,S.F,LLAVE EN MANO,LADRILLO,POTABLE,668.0,16152000.0
2024-01-07,Elena Gonzalez,CONTADO,CARLOS PAZ,55.6,MINIMALISTA,E.E,LLAVE EN MANO,,NO LE INTERESA,47.0,21102000.0
2024-07-14,Pedro Lopez,PLAN 36-60,SANTIAGO DEL ESTERO,78.6,AMERICANA,E.E,LLAVE EN MANO,MADERA,POTABLE,449.0,30984000.0
2025-02-24,Diego Gonzalez,CONTADO,SANTIAGO DEL ESTERO,95.1,AMERICANA,W.F,LLAVE EN MANO,PIEDRA NATURAL,POTABLE,419.0,41452000.0
2025-07-21,Ana Martinez,PLAN 36-60,BUENOS AIRES,60.7,AMERICANA,W.F,LLAVE EN MANO,LADRILLO,POTABLE,719.0,28449000.0
2024-07-11,Pedro Sanchez,CONTADO,CARLOS PAZ,57.8,AMERICANA,W.F,LLAVE EN MANO,,POTABLE,44.0,27159000.0
2025-07-12,Ana Perez,CONTADO,MENDIOLAZA,44.1,CABAÑA,S.F,LLAVE EN MANO,LADRILLO,POTABLE,22.0,22281000.0
2024-05-27,Maria Garcia,CONTADO,MENDIOLAZA,47.5,CABAÑA,E.E,LLAVE EN MANO,LADRILLO,NO LE INTERESA,36.0,17794000.0
2026-02-25,Pedro Romero,CONTADO,BUENOS AIRES,67.6,CABAÑA,S.F,LLAVE EN MANO,MADERA,POTABLE,737.0,35535000.0
2025-10-30,Maria Romero,PLAN 36-60,BUENOS AIRES,48.7,CABAÑA,E.E,OBRA GRIS,LADRILLO,POTABLE,689.0,14600000.0
2024-07-20,Juan Garcia,NO SABE,CARLOS PAZ,51.8,MINIMALISTA,S.F,LLAVE EN MANO,PIEDRA NATURAL,POTABLE,47.0,24666000.0
2025-03-19,Maria Gonzalez,PLAN 36-60,CARLOS PAZ,54.5,MINIMALISTA,E.E,LLAVE EN MANO,MADERA,NO LE INTERESA,35.0,21957000.0
2025-02-22,Jorge Gonzalez,PLAN 36-60,MENDIOLAZA,43.2,CABAÑA,W.F,LLAVE EN MANO,MADERA,NO LE INTERESA,39.0,19187000.0
2025-03-02,Luis Garcia,NO SABE,SANTIAGO DEL ESTERO,53.5,CABAÑA,W.F,LLAVE EN MANO,,NO LE INTERESA,491.0,24241000.0
2025-04-23,Lucia Gonzalez,NO SABE,ALTA GRACIA,20.0,CABAÑA,S.F,LLAVE EN MANO,PIEDRA NATURAL,NO LE INTERESA,46.0,9535000.0
2025-04-19,Carla Garcia,,CARLOS PAZ,66.0,AMERICANA,E.E,LLAVE EN MANO,MADERA,POTABLE,36.0,25891000.0
2024-05-05,Elena Gonzalez,CONTADO,ALTA GRACIA,102.0,MINIMALISTA,W.F,LLAVE EN MANO,LADRILLO,POTABLE,45.0,44177000.0
2025-01-29,Juan Sanchez,PLAN 36-60,ALTA GRACIA,44.0,MINIMALISTA,E.E,OBRA GRIS,MADERA,POTABLE,41.0,12735000.0
2025-07-29,Elena Perez,FINANCIACION PROPIA,CÓRDOBA CAPITAL,62.5,AMERICANA,S.F,OBRA GRIS,MADERA,VENDIDO,5.0,21818000.0
2024-11-20,Lucia Romero,FINANCIACION PROPIA,SANTIAGO DEL ESTERO,72.0,AMERICANA,W.F,OBRA GRIS,MADERA,NO LE INTERESA,465.0,23755000.0
2025-01-26,Diego Rodriguez,PLAN 36-60,BUENOS AIRES,80.6,AMERICANA,S.F,LLAVE EN MANO,LADRILLO,POTABLE,664.0,38473000.0
2025-11-18,Luis Martinez,CONTADO,ALTA GRACIA,49.7,MINIMALISTA,S.F,LLAVE EN MANO,PIEDRA NATURAL,POTABLE,40.0,25189000.0
2025-09-19,Luis Rodriguez,NO SABE,BUENOS AIRES,20.0,AMERICANA,E.E,OBRA GRIS,PIEDRA NATURAL,NO LE INTERESA,732.0,6693000.0
2025-03-15,Jorge Sanchez,PLAN 36-60,BUENOS AIRES,60.3,AMERICANA,S.F,OBRA GRIS,PIEDRA NATURAL,POTABLE,727.0,22062000.0
2024-07-22,Ana Romero,CONTADO,SANTIAGO DEL ESTERO,57.6,AMERICANA,S.F,LLAVE EN MANO,LADRILLO,NO LE INTERESA,407.0,29588000.0
2025-04-30,Lucia Romero,CONTADO,SANTIAGO DEL ESTERO,48.1,CABAÑA,E.E,LLAVE EN MANO,LADRILLO,NO LE INTERESA,466.0,18699000.0
2024-01-31,Maria Perez,PLAN 36-60,CÓRDOBA CAPITAL,52.3,AMERICANA,E.E,OBRA GRIS,PIEDRA NATURAL,NO LE INTERESA,28.0,14490000.0
2025-01-22,Carla Gonzalez,CONTADO,BUENOS AIRES,57.9,CABAÑA,S.F,OBRA GRIS,PIEDRA NATURAL,NO LE INTERESA,667.0,21427000.0
2025-09-16,Maria Martinez,CONTADO,MENDIOLAZA,62.2,MINIMALISTA,W.F,OBRA GRIS,PIEDRA NATURAL,POTABLE,30.0,19994000.0
2025-03-09,Elena Martinez,NO SABE,SANTIAGO DEL ESTERO,61.4,MINIMALISTA,W.F,OBRA GRIS,PIEDRA NATURAL,NO LE INTERESA,473.0,19828000.0
2025-01-10,Diego Gonzalez,CONTADO,ALTA GRACIA,50.6,MINIMALISTA,E.E,LLAVE EN MANO,LADRILLO,NO LE INTERESA,52.0,19513000.0
2024-12-09,Juan Sanchez,PLAN 36-60,MENDIOLAZA,62.7,CABAÑA,S.F,OBRA GRIS,PIEDRA NATURAL,POTABLE,26.0,21545000.0
2025-03-18,Jorge Rodriguez,FINANCIACION PROPIA,MENDIOLAZA,49.3,AMERICANA,W.F,OBRA GRIS,MADERA,NO LE INTERESA,24.0,16693000.0
2025-08-01,Juan Sanchez,PLAN 36-60,LA PLATA,67.8,MINIMALISTA,E.E,LLAVE EN MANO,PIEDRA NATURAL,NO LE INTERESA,788.0,27277000.0
2024-03-15,Luis Sanchez,CONTADO,ALTA GRACIA,42.5,AMERICANA,E.E,OBRA GRIS,LADRILLO,POTABLE,59.0,11635000.0
2025-07-10,Lucia Rodriguez,PLAN 36-60,ALTA GRACIA,,CABAÑA,E.E,OBRA GRIS,MADERA,NO LE INTERESA,54.0,16414000.0
2026-02-10,Ana Rodriguez,CONTADO,SANTIAGO DEL ESTERO,22.5,MINIMALISTA,S.F,OBRA GRIS,MADERA,POTABLE,496.0,8551000.0
2025-10-27,Ana Sanchez,CONTADO,ALTA GRACIA,47.6,AMERICANA,E.E,LLAVE EN MANO,MADERA,NO LE INTERESA,50.0,18629000.0
2024-06-03,Carla Perez,PLAN 36-60,BUENOS AIRES,66.3,AMERICANA,W.F,LLAVE EN MANO,LADRILLO,POTABLE,753.0,31169000.0
2025-03-05,Maria Romero,NO SABE,LA PLATA,34.3,MINIMALISTA,S.F,OBRA GRIS,PIEDRA NATURAL,NO LE INTERESA,779.0,13300000.0
2024-12-28,Ana Martinez,FINANCIACION PROPIA,SANTIAGO DEL ESTERO,48.6,AMERICANA,W.F,LLAVE EN MANO,,POTABLE,491.0,22850000.0
2025-03-23,Juan Sanchez,CONTADO,CARLOS PAZ,20.0,CABAÑA,W.F,LLAVE EN MANO,LADRILLO,POTABLE,34.0,8645000.0
2024-08-21,Maria Perez,PLAN 36-60,ALTA GRACIA,27.6,MINIMALISTA,W.F,OBRA GRIS,MADERA,NO LE INTERESA,55.0,9256000.0
2025-07-16,Pedro Gonzalez,,ALTA GRACIA,32.9,MINIMALISTA,S.F,LLAVE EN MANO,MADERA,NO LE INTERESA,40.0,15687000.0
2024-09-18,Luis Lopez,PLAN 36-60,CÓRDOBA CAPITAL,57.0,MINIMALISTA,W.F,OBRA GRIS,LADRILLO,NO LE INTERESA,6.0,17982000.0
2024-05-04,Lucia Sanchez,CONTADO,CARLOS PAZ,61.7,MINIMALISTA,E.E,LLAVE EN MANO,MADERA,NO LE INTERESA,43.0,23459000.0
2024-09-01,Carla Lopez,FINANCIACION PROPIA,CARLOS PAZ,,CABAÑA,E.E,OBRA GRIS,LADRILLO,NO LE INTERESA,38.0,15554000.0
2025-06-25,Carla Sanchez,CONTADO,BUENOS AIRES,47.3,CABAÑA,W.F,LLAVE EN MANO,MADERA,NO LE INTERESA,664.0,22506000.0
2025-04-29,Carla Rodriguez,CONTADO,LA PLATA,,AMERICANA,E.E,LLAVE EN MANO,PIEDRA NATURAL,POTABLE,808.0,20298000.0
2024-05-01,Carla Garcia,PLAN 36-60,BUENOS AIRES,69.3,CABAÑA,S.F,OBRA GRIS,PIEDRA NATURAL,POTABLE,727.0,25734000.0
2024-05-04,Pedro Sanchez,CONTADO,CARLOS PAZ,59.3,AMERICANA,S.F,OBRA GRIS,PIEDRA NATURAL,POTABLE,53.0,20010000.0
2025-07-02,Ana Martinez,FINANCIACION PROPIA,BUENOS AIRES,48.3,AMERICANA,E.E,OBRA GRIS,,POTABLE,760.0,14373000.0
2024-06-18,Ana Sanchez,NO SABE,BUENOS AIRES,80.9,MINIMALISTA,E.E,OBRA GRIS,MADERA,POTABLE,699.0,23718000.0
2024-05-03,Jorge Perez,CONTADO,CÓRDOBA CAPITAL,94.0,AMERICANA,S.F,LLAVE EN MANO,PIEDRA NATURAL,VENDIDO,11.0,45178000.0
2024-02-04,Maria Garcia,CONTADO,LA PLATA,30.1,MINIMALISTA,W.F,LLAVE EN MANO,LADRILLO,NO LE INTERESA,728.0,14232000.0
2024-03-27,Pedro Perez,,BUENOS AIRES,65.5,AMERICANA,S.F,OBRA GRIS,LADRILLO,VENDIDO,712.0,24880000.0
2025-10-07,Ana Garcia,FINANCIACION PROPIA,BUENOS AIRES,116.8,CABAÑA,W.F,LLAVE EN MANO,PIEDRA NATURAL,VENDIDO,721.0,55066000.0
2025-12-08,Jorge Lopez,NO SABE,CARLOS PAZ,60.6,MINIMALISTA,E.E,OBRA GRIS,MADERA,NO LE INTERESA,42.0,16767000.0
2026-02-24,Carla Romero,CONTADO,LA PLATA,57.3,AMERICANA,E.E,LLAVE EN MANO,LADRILLO,POTABLE,749.0,24210000.0
2024-07-19,Lucia Sanchez,CONTADO,CARLOS PAZ,53.9,CABAÑA,W.F,OBRA GRIS,LADRILLO,NO LE INTERESA,34.0,17629000.0
2025-01-03,Maria Sanchez,CONTADO,CARLOS PAZ,64.8,CABAÑA,W.F,LLAVE EN MANO,LADRILLO,NO LE INTERESA,41.0,27821000.0
2024-03-17,Carla Rodriguez,CONTADO,BUENOS AIRES,70.1,MINIMALISTA,S.F,OBRA GRIS,MADERA,NO LE INTERESA,669.0,25233000.0
2024-02-28,Maria Martinez,FINANCIACION PROPIA,MENDIOLAZA,30.1,MINIMALISTA,W.F,LLAVE EN MANO,LADRILLO,NO LE INTERESA,42.0,13346000.0
2025-03-06,Ana Romero,CONTADO,CARLOS PAZ,54.5,MINIMALISTA,E.E,LLAVE EN MANO,LADRILLO,POTABLE,31.0,20807000.0
2025-09-29,Pedro Romero,PLAN 36-60,BUENOS AIRES,20.0,AMERICANA,E.E,OBRA GRIS,,NO LE INTERESA,698.0,6482000.0
2025-05-14,Diego Rodriguez,CONTADO,ALTA GRACIA,50.8,MINIMALISTA,E.E,LLAVE EN MANO,MADERA,POTABLE,38.0,20854000.0
2024-04-18,Pedro Rodriguez,FINANCIACION PROPIA,CARLOS PAZ,,CABAÑA,W.F,LLAVE EN MANO,PIEDRA NATURAL,POTABLE,49.0,16685000.0
2026-01-05,Jorge Gonzalez,CONTADO,ALTA GRACIA,61.8,CABAÑA,W.F,OBRA GRIS,LADRILLO,NO LE INTERESA,43.0,20658000.0
2024-10-04,Luis Rodriguez,CONTADO,SANTIAGO DEL ESTERO,21.9,MINIMALISTA,E.E,OBRA GRIS,MADERA,POTABLE,411.0,6556000.0
2024-03-08,Pedro Romero,PLAN 36-60,MENDIOLAZA,44.8,MINIMALISTA,W.F,OBRA GRIS,MADERA,VENDIDO,33.0,14004000.0
2024-03-09,Ana Perez,CONTADO,CÓRDOBA CAPITAL,74.3,CABAÑA,S.F,OBRA GRIS,PIEDRA NATURAL,POTABLE,28.0,27060000.0
2024-06-13,Maria Rodriguez,PLAN 36-60,LA PLATA,41.5,AMERICANA,S.F,LLAVE EN MANO,PIEDRA NATURAL,VENDIDO,801.0,21527000.0
2025-05-03,Carla Romero,PLAN 36-60,LA PLATA,20.0,CABAÑA,W.F,OBRA GRIS,MADERA,NO LE INTERESA,735.0,7841000.0
2024-10-31,Diego Martinez,FINANCIACION PROPIA,SANTIAGO DEL ESTERO,60.2,CABAÑA,W.F,OBRA GRIS,MADERA,NO LE INTERESA,472.0,19214000.0
2025-11-04,Maria Garcia,PLAN 36-60,CARLOS PAZ,43.3,CABAÑA,E.E,OBRA GRIS,PIEDRA NATURAL,POTABLE,31.0,12677000.0
2024-12-30,Ana Garcia,PLAN 36-60,CÓRDOBA CAPITAL,51.3,MINIMALISTA,W.F,LLAVE EN MANO,LADRILLO,NO LE INTERESA,8.0,22942000.0
2025-01-13,Luis Perez,NO SABE,SANTIAGO DEL ESTERO,40.4,AMERICANA,E.E,LLAVE EN MANO,MADERA,NO LE INTERESA,450.0,15943000.0
2024-12-08,Diego Martinez,NO SABE,SANTIAGO DEL ESTERO,94.5,AMERICANA,S.F,LLAVE EN MANO,LADRILLO,POTABLE,423.0,47800000.0
2025-07-07,Luis Sanchez,PLAN 36-60,LA PLATA,23.8,MINIMALISTA,W.F,LLAVE EN MANO,PIEDRA NATURAL,POTABLE,790.0,12268000.0
2024-12-19,Maria Perez,PLAN 36-60,ALTA GRACIA,111.7,CABAÑA,S.F,OBRA GRIS,MADERA,POTABLE,58.0,37409000.0
2025-02-19,Diego Perez,PLAN 36-60,ALTA GRACIA,47.2,MINIMALISTA,W.F,LLAVE EN MANO,,POTABLE,35.0,22369000.0
2024-04-18,Carla Gonzalez,CONTADO,CARLOS PAZ,58.7,MINIMALISTA,W.F,LLAVE EN MANO,MADERA,POTABLE,36.0,27038000.0
2025-07-16,Pedro Rodriguez,NO SABE,CARLOS PAZ,43.5,AMERICANA,E.E,OBRA GRIS,MADERA,NO LE INTERESA,41.0,12023000.0
2026-01-31,Lucia Lopez,FINANCIACION PROPIA,BUENOS AIRES,42.7,AMERICANA,E.E,OBRA GRIS,PIEDRA NATURAL,POTABLE,716.0,12576000.0
2025-05-11,Luis Garcia,,BUENOS AIRES,39.3,MINIMALISTA,W.F,LLAVE EN MANO,PIEDRA NATURAL,NO LE INTERESA,752.0,18642000.0
2024-12-06,Luis Sanchez,CONTADO,SANTIAGO DEL ESTERO,67.0,MINIMALISTA,W.F,OBRA GRIS,LADRILLO,NO LE INTERESA,489.0,21684000.0
2025-01-17,Diego Lopez,CONTADO,CARLOS PAZ,26.8,AMERICANA,E.E,LLAVE EN MANO,PIEDRA NATURAL,NO LE INTERESA,46.0,10568000.0
2025-06-16,Diego Gonzalez,CONTADO,ALTA GRACIA,62.3,AMERICANA,S.F,LLAVE EN MANO,PIEDRA NATURAL,POTABLE,41.0,31451000.0
2024-10-26,Maria Gonzalez,CONTADO,CÓRDOBA CAPITAL,20.0,CABAÑA,W.F,LLAVE EN MANO,LADRILLO,NO LE INTERESA,25.0,9198000.0
2024-05-18,Diego Sanchez,PLAN 36-60,LA PLATA,60.5,MINIMALISTA,E.E,OBRA GRIS,PIEDRA NATURAL,POTABLE,730.0,17919000.0
2024-12-24,Ana Garcia,CONTADO,ALTA GRACIA,72.0,CABAÑA,W.F,OBRA GRIS,LADRILLO,POTABLE,59.0,22386000.0
2025-05-13,Carla Gonzalez,PLAN 36-60,BUENOS AIRES,29.5,CABAÑA,E.E,LLAVE EN MANO,LADRILLO,POTABLE,661.0,13129000.0
2025-01-19,Pedro Lopez,CONTADO,MENDIOLAZA,68.6,CABAÑA,S.F,LLAVE EN MANO,PIEDRA NATURAL,VENDIDO,34.0,32892000.0
2025-08-26,Luis Martinez,CONTADO,CARLOS PAZ,56.0,AMERICANA,W.F,OBRA GRIS,LADRILLO,NO LE INTERESA,32.0,17678000.0
2024-10-06,Maria Martinez,PLAN 36-60,LA PLATA,87.0,CABAÑA,W.F,LLAVE EN MANO,,POTABLE,751.0,40933000.0
2025-09-28,Diego Perez,FINANCIACION PROPIA,MENDIOLAZA,37.9,AMERICANA,S.F,OBRA GRIS,LADRILLO,NO LE INTERESA,36.0,13679000.0
2025-04-27,Luis Sanchez,PLAN 36-60,LA PLATA,111.3,AMERICANA,W.F,OBRA GRIS,PIEDRA NATURAL,POTABLE,779.0,38799000.0
2024-04-20,Diego Garcia,PLAN 36-60,SANTIAGO DEL ESTERO,20.0,AMERICANA,W.F,OBRA GRIS,,VENDIDO,479.0,7494000.0
2024-05-18,Ana Gonzalez,PLAN 36-60,CARLOS PAZ,48.4,MINIMALISTA,W.F,OBRA GRIS,LADRILLO,VENDIDO,45.0,16300000.0
2025-03-10,Jorge Gonzalez,CONTADO,SANTIAGO DEL ESTERO,21.0,CABAÑA,E.E,LLAVE EN MANO,PIEDRA NATURAL,POTABLE,425.0,8812000.0
2025-05-23,Elena Lopez,CONTADO,LA PLATA,92.0,AMERICANA,E.E,OBRA GRIS,MADERA,POTABLE,799.0,26060000.0
2024-09-29,Ana Gonzalez,CONTADO,SANTIAGO DEL ESTERO,49.8,MINIMALISTA,W.F,OBRA GRIS,LADRILLO,NO LE INTERESA,481.0,16899000.0
2024-04-08,Luis Romero,PLAN 36-60,CARLOS PAZ,51.6,MINIMALISTA,S.F,OBRA GRIS,MADERA,NO LE INTERESA,34.0,17237000.0
2026-02-02,Ana Martinez,PLAN 36-60,ALTA GRACIA,,MINIMALISTA,S.F,LLAVE EN MANO,PIEDRA NATURAL,POTABLE,56.0,30441000.0
2024-04-13,Diego Lopez,PLAN 36-60,CÓRDOBA CAPITAL,54.9,AMERICANA,W.F,LLAVE EN MANO,MADERA,NO LE INTERESA,29.0,23559000.0
2024-08-01,Luis Perez,CONTADO,MENDIOLAZA,43.1,AMERICANA,E.E,LLAVE EN MANO,PIEDRA NATURAL,POTABLE,36.0,16408000.0
2026-01-30,Carla Martinez,FINANCIACION PROPIA,ALTA GRACIA,29.9,AMERICANA,E.E,LLAVE EN MANO,PIEDRA NATURAL,NO LE INTERESA,42.0,11754000.0
2025-10-25,Carla Perez,CONTADO,LA PLATA,58.4,MINIMALISTA,W.F,LLAVE EN MANO,LADRILLO,POTABLE,771.0,27190000.0
2026-01-31,Elena Gonzalez,CONTADO,ALTA GRACIA,,AMERICANA,E.E,OBRA GRIS,MADERA,NO LE INTERESA,44.0,17364000.0
2026-02-25,Luis Garcia,CONTADO,SANTIAGO DEL ESTERO,68.9,CABAÑA,E.E,LLAVE EN MANO,LADRILLO,NO LE INTERESA,468.0,28628000.0
2024-06-13,Lucia Sanchez,PLAN 36-60,CARLOS PAZ,93.3,AMERICANA,S.F,LLAVE EN MANO,MADERA,NO LE INTERESA,44.0,46584000.0
2025-06-03,Ana Sanchez,,ALTA GRACIA,20.0,AMERICANA,W.F,OBRA GRIS,PIEDRA NATURAL,NO LE INTERESA,58.0,6812000.0
2024-10-10,Lucia Martinez,PLAN 36-60,ALTA GRACIA,53.6,CABAÑA,E.E,LLAVE EN MANO,PIEDRA NATURAL,NO LE INTERESA,50.0,20971000.0
2025-05-31,Jorge Gonzalez,FINANCIACION PROPIA,CARLOS PAZ,78.8,AMERICANA,E.E,LLAVE EN MANO,LADRILLO,POTABLE,35.0,30237000.0
2025-10-18,Pedro Sanchez,CONTADO,SANTIAGO DEL ESTERO,52.5,AMERICANA,E.E,OBRA GRIS,MADERA,POTABLE,473.0,14828000.0
2025-09-04,Ana Sanchez,PLAN 36-60,CÓRDOBA CAPITAL,20.0,AMERICANA,W.F,LLAVE EN MANO,,POTABLE,13.0,9191000.0
2024-06-12,Elena Perez,CONTADO,ALTA GRACIA,29.2,AMERICANA,W.F,LLAVE EN MANO,PIEDRA NATURAL,POTABLE,42.0,13678000.0
2025-10-20,Elena Lopez,CONTADO,MENDIOLAZA,61.6,MINIMALISTA,E.E,OBRA GRIS,LADRILLO,NO LE INTERESA,30.0,16746000.0
2024-03-04,Luis Garcia,CONTADO,LA PLATA,60.8,AMERICANA,S.F,LLAVE EN MANO,PIEDRA NATURAL,POTABLE,711.0,32027000.0
2024-03-31,Pedro Rodriguez,NO SABE,BUENOS AIRES,68.5,CABAÑA,S.F,LLAVE EN MANO,PIEDRA NATURAL,POTABLE,757.0,34792000.0
2024-04-26,Carla Gonzalez,PLAN 36-60,SANTIAGO DEL ESTERO,39.4,CABAÑA,W.F,OBRA GRIS,LADRILLO,NO LE INTERESA,453.0,12891000.0
2024-09-23,Diego Gonzalez,FINANCIACION PROPIA,SANTIAGO DEL ESTERO,60.2,MINIMALISTA,S.F,LLAVE EN MANO,MADERA,NO LE INTERESA,477.0,30645000.0
2025-11-15,Juan Lopez,CONTADO,ALTA GRACIA,36.1,AMERICANA,E.E,LLAVE EN MANO,MADERA,NO LE INTERESA,41.0,14241000.0
2025-07-12,Pedro Martinez,FINANCIACION PROPIA,MENDIOLAZA,60.2,CABAÑA,W.F,LLAVE EN MANO,PIEDRA NATURAL,POTABLE,39.0,25913000.0
2024-05-19,Ana Perez,FINANCIACION PROPIA,BUENOS AIRES,56.1,MINIMALISTA,W.F,LLAVE EN MANO,MADERA,POTABLE,717.0,26100000.0
2024-09-02,Elena Perez,FINANCIACION PROPIA,CARLOS PAZ,38.6,AMERICANA,S.F,LLAVE EN MANO,LADRILLO,NO LE INTERESA,41.0,19516000.0
2025-10-22,Luis Garcia,NO SABE,BUENOS AIRES,86.2,MINIMALISTA,W.F,OBRA GRIS,MADERA,NO LE INTERESA,757.0,29052000.0
2026-01-27,Carla Perez,CONTADO,ALTA GRACIA,,AMERICANA,S.F,LLAVE EN MANO,MADERA,POTABLE,47.0,10087000.0
2025-01-29,Jorge Lopez,PLAN 36-60,ALTA GRACIA,52.2,MINIMALISTA,S.F,OBRA GRIS,PIEDRA NATURAL,NO LE INTERESA,51.0,19133000.0
2025-05-01,Juan Romero,PLAN 36-60,CARLOS PAZ,38.1,MINIMALISTA,E.E,LLAVE EN MANO,MADERA,VENDIDO,30.0,14587000.0
2025-04-20,Lucia Lopez,PLAN 36-60,LA PLATA,91.7,CABAÑA,S.F,LLAVE EN MANO,LADRILLO,NO LE INTERESA,740.0,44905000.0
2025-05-31,Jorge Lopez,FINANCIACION PROPIA,CARLOS PAZ,67.0,CABAÑA,S.F,OBRA GRIS,PIEDRA NATURAL,NO LE INTERESA,52.0,23186000.0
2024-07-02,Lucia Lopez,CONTADO,ALTA GRACIA,42.0,MINIMALISTA,W.F,OBRA GRIS,LADRILLO,NO LE INTERESA,54.0,14142000.0
2024-01-20,Elena Gonzalez,CONTADO,CÓRDOBA CAPITAL,49.4,AMERICANA,E.E,OBRA GRIS,MADERA,NO LE INTERESA,18.0,13870000.0
2025-07-11,Pedro Gonzalez,CONTADO,CARLOS PAZ,92.2,AMERICANA,E.E,LLAVE EN MANO,MADERA,NO LE INTERESA,53.0,36882000.0
2025-06-07,Jorge Sanchez,FINANCIACION PROPIA,LA PLATA,36.1,AMERICANA,S.F,LLAVE EN MANO,PIEDRA NATURAL,NO LE INTERESA,759.0,19724000.0
2025-08-04,Ana Perez,NO SABE,CARLOS PAZ,20.0,AMERICANA,W.F,OBRA GRIS,,NO LE INTERESA,44.0,6690000.0
2025-06-12,Pedro Lopez,,CARLOS PAZ,60.8,AMERICANA,W.F,LLAVE EN MANO,MADERA,NO LE INTERESA,40.0,26569000.0
2024-05-26,Luis Romero,PLAN 36-60,SANTIAGO DEL ESTERO,61.3,CABAÑA,W.F,LLAVE EN MANO,MADERA,VENDIDO,462.0,29144000.0
2025-10-27,Lucia Lopez,PLAN 36-60,SANTIAGO DEL ESTERO,68.3,MINIMALISTA,E.E,LLAVE EN MANO,PIEDRA NATURAL,NO LE INTERESA,432.0,28103000.0
2024-10-30,Lucia Gonzalez,PLAN 36-60,ALTA GRACIA,68.5,CABAÑA,E.E,LLAVE EN MANO,MADERA,NO LE INTERESA,45.0,26200000.0
2025-09-11,Lucia Lopez,CONTADO,ALTA GRACIA,90.4,AMERICANA,S.F,LLAVE EN MANO,MADERA,NO LE INTERESA,59.0,43609000.0
2026-01-17,Elena Sanchez,PLAN 36-60,BUENOS AIRES,20.6,MINIMALISTA,S.F,OBRA GRIS,,NO LE INTERESA,671.0,8389000.0
2025-08-04,Elena Rodriguez,PLAN 36-60,CARLOS PAZ,30.9,AMERICANA,W.F,LLAVE EN MANO,LADRILLO,NO LE INTERESA,33.0,13614000.0
2025-11-25,Elena Rodriguez,PLAN 36-60,CÓRDOBA CAPITAL,68.2,AMERICANA,S.F,OBRA GRIS,LADRILLO,POTABLE,6.0,23182000.0
2026-01-31,Jorge Sanchez,CONTADO,MENDIOLAZA,32.9,MINIMALISTA,W.F,LLAVE EN MANO,LADRILLO,NO LE INTERESA,28.0,15176000.0
2024-08-15,Carla Romero,FINANCIACION PROPIA,ALTA GRACIA,25.9,AMERICANA,E.E,LLAVE EN MANO,MADERA,NO LE INTERESA,45.0,10609000.0
2024-04-11,Diego Romero,FINANCIACION PROPIA,CARLOS PAZ,92.3,CABAÑA,S.F,LLAVE EN MANO,PIEDRA NATURAL,NO LE INTERESA,32.0,43351000.0
2025-08-09,Juan Romero,PLAN 36-60,CARLOS PAZ,22.6,CABAÑA,W.F,LLAVE EN MANO,PIEDRA NATURAL,NO LE INTERESA,44.0,10199000.0
2025-02-20,Pedro Romero,FINANCIACION PROPIA,MENDIOLAZA,48.0,CABAÑA,E.E,OBRA GRIS,PIEDRA NATURAL,POTABLE,35.0,13637000.0
2024-08-03,Pedro Perez,,CARLOS PAZ,53.8,AMERICANA,W.F,LLAVE EN MANO,LADRILLO,NO LE INTERESA,49.0,24755000.0
2025-02-10,Ana Martinez,PLAN 36-60,MENDIOLAZA,81.2,CABAÑA,S.F,LLAVE EN MANO,LADRILLO,NO LE INTERESA,44.0,41832000.0
2025-02-02,Ana Rodriguez,CONTADO,MENDIOLAZA,20.0,AMERICANA,W.F,OBRA GRIS,LADRILLO,VENDIDO,35.0,6611000.0
2025-12-15,Jorge Romero,FINANCIACION PROPIA,BUENOS AIRES,63.3,AMERICANA,E.E,LLAVE EN MANO,LADRILLO,POTABLE,671.0,26130000.0
2025-12-04,Pedro Garcia,,CARLOS PAZ,37.2,CABAÑA,S.F,LLAVE EN MANO,MADERA,NO LE INTERESA,32.0,19171000.0
2026-01-30,Juan Garcia,PLAN 36-60,BUENOS AIRES,67.6,CABAÑA,E.E,LLAVE EN MANO,PIEDRA NATURAL,NO LE INTERESA,738.0,26393000.0
2025-05-13,Ana Perez,PLAN 36-60,CARLOS PAZ,36.9,AMERICANA,S.F,OBRA GRIS,PIEDRA NATURAL,NO LE INTERESA,46.0,12431000.0
2026-01-23,Carla Martinez,FINANCIACION PROPIA,SANTIAGO DEL ESTERO,86.4,AMERICANA,W.F,LLAVE EN MANO,LADRILLO,NO LE INTERESA,416.0,39813000.0
2025-04-09,Pedro Romero,FINANCIACION PROPIA,MENDIOLAZA,37.0,AMERICANA,E.E,OBRA GRIS,PIEDRA NATURAL,POTABLE,26.0,10252000.0
2025-11-21,Lucia Perez,PLAN 36-60,LA PLATA,20.0,AMERICANA,E.E,OBRA GRIS,PIEDRA NATURAL,NO LE INTERESA,785.0,6504000.0
2025-12-31,Jorge Martinez,FINANCIACION PROPIA,MENDIOLAZA,39.2,CABAÑA,W.F,LLAVE EN MANO,LADRILLO,NO LE INTERESA,34.0,17379000.0
2024-03-22,Elena Garcia,PLAN 36-60,LA PLATA,49.8,AMERICANA,E.E,LLAVE EN MANO,LADRILLO,NO LE INTERESA,769.0,21036000.0
2025-08-26,Lucia Perez,NO SABE,CARLOS PAZ,76.6,AMERICANA,E.E,LLAVE EN MANO,LADRILLO,NO LE INTERESA,35.0,31225000.0
2025-11-17,Juan Martinez,FINANCIACION PROPIA,ALTA GRACIA,29.8,AMERICANA,E.E,LLAVE EN MANO,LADRILLO,NO LE INTERESA,51.0,11281000.0
2026-01-20,Luis Sanchez,CONTADO,CÓRDOBA CAPITAL,30.2,AMERICANA,E.E,OBRA GRIS,MADERA,VENDIDO,24.0,8526000.0
2026-02-10,Lucia Garcia,FINANCIACION PROPIA,BUENOS AIRES,74.2,AMERICANA,W.F,LLAVE EN MANO,PIEDRA NATURAL,NO LE INTERESA,749.0,33868000.0
2024-12-30,Carla Rodriguez,PLAN 36-60,CARLOS PAZ,27.5,MINIMALISTA,E.E,LLAVE EN MANO,MADERA,NO LE INTERESA,48.0,11034000.0
2024-06-11,Jorge Martinez,NO SABE,CÓRDOBA CAPITAL,51.4,MINIMALISTA,E.E,LLAVE EN MANO,PIEDRA NATURAL,VENDIDO,19.0,20277000.0
2024-02-17,Lucia Lopez,FINANCIACION PROPIA,SANTIAGO DEL ESTERO,51.8,MINIMALISTA,E.E,OBRA GRIS,MADERA,VENDIDO,467.0,15853000.0
2025-05-25,Ana Rodriguez,CONTADO,LA PLATA,59.4,CABAÑA,S.F,LLAVE EN MANO,LADRILLO,NO LE INTERESA,759.0,28846000.0
2024-11-24,Ana Perez,CONTADO,BUENOS AIRES,40.0,AMERICANA,S.F,LLAVE EN MANO,MADERA,NO LE INTERESA,683.0,20563000.0
2024-04-25,Jorge Perez,PLAN 36-60,SANTIAGO DEL ESTERO,36.5,CABAÑA,W.F,LLAVE EN MANO,LADRILLO,NO LE INTERESA,488.0,16658000.0
2024-12-02,Juan Gonzalez,FINANCIACION PROPIA,ALTA GRACIA,61.7,AMERICANA,W.F,LLAVE EN MANO,LADRILLO,POTABLE,48.0,27989000.0
2026-01-06,Jorge Gonzalez,FINANCIACION PROPIA,ALTA GRACIA,37.1,MINIMALISTA,W.F,LLAVE EN MANO,MADERA,POTABLE,50.0,17394000.0
2024-05-26,Carla Lopez,CONTADO,MENDIOLAZA,27.8,AMERICANA,E.E,LLAVE EN MANO,PIEDRA NATURAL,NO LE INTERESA,45.0,11416000.0
2025-07-28,Lucia Rodriguez,PLAN 36-60,BUENOS AIRES,79.6,CABAÑA,S.F,LLAVE EN MANO,MADERA,NO LE INTERESA,759.0,39734000.0
2024-11-18,Ana Martinez,PLAN 36-60,BUENOS AIRES,64.8,CABAÑA,S.F,OBRA GRIS,LADRILLO,POTABLE,719.0,24499000.0
2025-03-18,Luis Perez,CONTADO,BUENOS AIRES,90.4,AMERICANA,W.F,OBRA GRIS,LADRILLO,VENDIDO,663.0,29443000.0
2024-01-13,Elena Sanchez,CONTADO,CARLOS PAZ,70.7,CABAÑA,S.F,LLAVE EN MANO,PIEDRA NATURAL,NO LE INTERESA,40.0,32990000.0
2025-05-08,Jorge Gonzalez,CONTADO,MENDIOLAZA,29.6,MINIMALISTA,W.F,LLAVE EN MANO,PIEDRA NATURAL,NO LE INTERESA,43.0,13884000.0
2025-12-01,Lucia Sanchez,CONTADO,ALTA GRACIA,56.9,AMERICANA,E.E,LLAVE EN MANO,PIEDRA NATURAL,NO LE INTERESA,42.0,21517000.0
2024-10-13,Luis Garcia,CONTADO,ALTA GRACIA,34.7,MINIMALISTA,S.F,OBRA GRIS,LADRILLO,POTABLE,60.0,11645000.0
2025-12-20,Jorge Rodriguez,CONTADO,MENDIOLAZA,22.0,MINIMALISTA,E.E,LLAVE EN MANO,,NO LE INTERESA,22.0,8530000.0
2024-04-23,Elena Rodriguez,FINANCIACION PROPIA,SANTIAGO DEL ESTERO,46.1,CABAÑA,E.E,LLAVE EN MANO,PIEDRA NATURAL,POTABLE,457.0,18530000.0
2025-04-24,Ana Romero,CONTADO,CÓRDOBA CAPITAL,74.6,AMERICANA,S.F,OBRA GRIS,LADRILLO,NO LE INTERESA,18.0,25032000.0
2024-01-22,Juan Gonzalez,CONTADO,LA PLATA,60.5,MINIMALISTA,W.F,OBRA GRIS,MADERA,NO LE INTERESA,736.0,21232000.0
2024-12-14,Luis Romero,CONTADO,ALTA GRACIA,27.2,MINIMALISTA,S.F,LLAVE EN MANO,PIEDRA NATURAL,NO LE INTERESA,59.0,13290000.0
2025-12-26,Maria Rodriguez,PLAN 36-60,MENDIOLAZA,45.4,AMERICANA,E.E,LLAVE EN MANO,MADERA,NO LE INTERESA,35.0,17831000.0
2025-11-13,Lucia Rodriguez,PLAN 36-60,ALTA GRACIA,52.1,CABAÑA,W.F,OBRA GRIS,MADERA,POTABLE,41.0,16441000.0
2025-07-19,Jorge Sanchez,CONTADO,SANTIAGO DEL ESTERO,21.2,MINIMALISTA,E.E,OBRA GRIS,LADRILLO,POTABLE,438.0,6601000.0
2024-11-15,Lucia Gonzalez,PLAN 36-60,BUENOS AIRES,69.3,AMERICANA,W.F,OBRA GRIS,,NO LE INTERESA,732.0,24037000.0
2024-05-05,Juan Martinez,FINANCIACION PROPIA,BUENOS AIRES,50.4,AMERICANA,S.F,OBRA GRIS,LADRILLO,NO LE INTERESA,690.0,19434000.0
2024-10-03,Maria Lopez,CONTADO,LA PLATA,27.2,MINIMALISTA,E.E,LLAVE EN MANO,MADERA,NO LE INTERESA,798.0,12417000.0
2024-07-22,Pedro Garcia,PLAN 36-60,BUENOS AIRES,26.1,MINIMALISTA,W.F,LLAVE EN MANO,PIEDRA NATURAL,POTABLE,677.0,12688000.0
2024-07-12,Elena Sanchez,PLAN 36-60,BUENOS AIRES,77.0,MINIMALISTA,W.F,OBRA GRIS,PIEDRA NATURAL,POTABLE,686.0,27088000.0
2025-11-11,Ana Rodriguez,,SANTIAGO DEL ESTERO,47.4,CABAÑA,S.F,LLAVE EN MANO,PIEDRA NATURAL,NO LE INTERESA,414.0,23358000.0
2025-10-25,Pedro Lopez,FINANCIACION PROPIA,CÓRDOBA CAPITAL,78.8,CABAÑA,W.F,LLAVE EN MANO,LADRILLO,NO LE INTERESA,8.0,33783000.0
2025-06-30,Diego Romero,FINANCIACION PROPIA,SANTIAGO DEL ESTERO,86.4,AMERICANA,W.F,OBRA GRIS,PIEDRA NATURAL,POTABLE,430.0,29228000.0
2025-11-26,Carla Martinez,PLAN 36-60,LA PLATA,75.4,AMERICANA,E.E,OBRA GRIS,PIEDRA NATURAL,NO LE INTERESA,810.0,21609000.0
2024-10-12,Carla Gonzalez,CONTADO,BUENOS AIRES,44.3,MINIMALISTA,S.F,OBRA GRIS,LADRILLO,POTABLE,669.0,15770000.0
2024-02-26,Juan Gonzalez,,LA PLATA,20.0,AMERICANA,S.F,LLAVE EN MANO,PIEDRA NATURAL,NO LE INTERESA,731.0,11359000.0
2026-01-03,Elena Romero,PLAN 36-60,ALTA GRACIA,61.3,CABAÑA,E.E,LLAVE EN MANO,PIEDRA NATURAL,POTABLE,42.0,24796000.0
2024-10-29,Juan Sanchez,CONTADO,CÓRDOBA CAPITAL,96.8,AMERICANA,E.E,LLAVE EN MANO,PIEDRA NATURAL,VENDIDO,20.0,36467000.0
2024-06-11,Luis Rodriguez,PLAN 36-60,CARLOS PAZ,54.3,AMERICANA,E.E,OBRA GRIS,MADERA,POTABLE,49.0,15701000.0
2024-01-19,Carla Garcia,PLAN 36-60,ALTA GRACIA,20.0,MINIMALISTA,W.F,LLAVE EN MANO,MADERA,NO LE INTERESA,54.0,9410000.0
2025-01-04,Luis Martinez,FINANCIACION PROPIA,BUENOS AIRES,41.5,MINIMALISTA,S.F,OBRA GRIS,LADRILLO,VENDIDO,661.0,16145000.0
2024-09-20,Maria Martinez,CONTADO,MENDIOLAZA,51.3,CABAÑA,S.F,LLAVE EN MANO,LADRILLO,POTABLE,36.0,25301000.0
2024-04-22,Pedro Perez,,SANTIAGO DEL ESTERO,33.0,AMERICANA,S.F,OBRA GRIS,MADERA,NO LE INTERESA,463.0,12494000.0
2025-05-02,Lucia Perez,PLAN 36-60,SANTIAGO DEL ESTERO,20.0,AMERICANA,W.F,LLAVE EN MANO,LADRILLO,POTABLE,452.0,9948000.0
2024-11-22,Lucia Gonzalez,NO SABE,LA PLATA,53.0,AMERICANA,S.F,LLAVE EN MANO,LADRILLO,POTABLE,748.0,27603000.0
2025-06-25,Luis Rodriguez,CONTADO,MENDIOLAZA,39.3,MINIMALISTA,S.F,OBRA GRIS,,NO LE INTERESA,40.0,14018000.0
2025-10-08,Pedro Romero,FINANCIACION PROPIA,LA PLATA,90.5,CABAÑA,S.F,OBRA GRIS,LADRILLO,VENDIDO,744.0,32947000.0
2025-08-01,Diego Sanchez,PLAN 36-60,MENDIOLAZA,57.0,AMERICANA,S.F,LLAVE EN MANO,LADRILLO,NO LE INTERESA,26.0,27911000.0
2024-03-05,Carla Sanchez,FINANCIACION PROPIA,LA PLATA,64.4,AMERICANA,E.E,LLAVE EN MANO,PIEDRA NATURAL,NO LE INTERESA,741.0,27664000.0
2024-10-18,Juan Martinez,PLAN 36-60,CARLOS PAZ,52.6,AMERICANA,W.F,OBRA GRIS,PIEDRA NATURAL,NO LE INTERESA,41.0,16723000.0
2024-01-25,Carla Romero,CONTADO,CARLOS PAZ,56.9,AMERICANA,S.F,LLAVE EN MANO,MADERA,NO LE INTERESA,35.0,26783000.0
2025-07-02,Carla Lopez,PLAN 36-60,ALTA GRACIA,22.0,CABAÑA,S.F,LLAVE EN MANO,LADRILLO,NO LE INTERESA,50.0,11143000.0
2024-01-01,Pedro Perez,NO SABE,CARLOS PAZ,34.2,CABAÑA,S.F,OBRA GRIS,PIEDRA NATURAL,POTABLE,52.0,11703000.0
2025-07-02,Elena Perez,CONTADO,MENDIOLAZA,76.8,CABAÑA,S.F,OBRA GRIS,LADRILLO,POTABLE,35.0,27021000.0
2024-05-20,Jorge Garcia,PLAN 36-60,LA PLATA,59.2,MINIMALISTA,S.F,LLAVE EN MANO,LADRILLO,NO LE INTERESA,755.0,28922000.0
2026-01-13,Maria Martinez,CONTADO,MENDIOLAZA,47.0,AMERICANA,E.E,OBRA GRIS,MADERA,NO LE INTERESA,40.0,13378000.0
2025-10-09,Jorge Sanchez,CONTADO,ALTA GRACIA,64.7,AMERICANA,E.E,LLAVE EN MANO,MADERA,POTABLE,54.0,26573000.0
2024-07-06,Ana Romero,FINANCIACION PROPIA,ALTA GRACIA,65.1,AMERICANA,W.F,LLAVE EN MANO,MADERA,NO LE INTERESA,44.0,30068000.0
2024-05-07,Elena Martinez,CONTADO,BUENOS AIRES,94.8,AMERICANA,W.F,OBRA GRIS,MADERA,POTABLE,720.0,30703000.0
2024-07-19,Pedro Lopez,FINANCIACION PROPIA,CÓRDOBA CAPITAL,58.3,CABAÑA,S.F,LLAVE EN MANO,MADERA,POTABLE,23.0,29949000.0
2024-05-06,Jorge Romero,PLAN 36-60,CARLOS PAZ,33.7,MINIMALISTA,S.F,LLAVE EN MANO,PIEDRA NATURAL,NO LE INTERESA,36.0,16247000.0
2024-09-13,Elena Romero,NO SABE,SANTIAGO DEL ESTERO,52.7,MINIMALISTA,E.E,LLAVE EN MANO,MADERA,NO LE INTERESA,437.0,21179000.0
2025-11-06,Juan Rodriguez,CONTADO,SANTIAGO DEL ESTERO,67.2,AMERICANA,W.F,LLAVE EN MANO,PIEDRA NATURAL,NO LE INTERESA,411.0,30904000.0
2025-06-30,Maria Lopez,CONTADO,CÓRDOBA CAPITAL,74.9,CABAÑA,S.F,LLAVE EN MANO,MADERA,POTABLE,30.0,38549000.0
2024-07-12,Maria Lopez,CONTADO,LA PLATA,22.7,MINIMALISTA,S.F,OBRA GRIS,PIEDRA NATURAL,VENDIDO,719.0,8634000.0
2025-12-03,Lucia Lopez,FINANCIACION PROPIA,CÓRDOBA CAPITAL,60.1,MINIMALISTA,S.F,OBRA GRIS,LADRILLO,POTABLE,9.0,21463000.0
2024-04-13,Carla Sanchez,PLAN 36-60,LA PLATA,37.1,AMERICANA,W.F,LLAVE EN MANO,MADERA,NO LE INTERESA,758.0,17615000.0
2025-06-18,Diego Rodriguez,CONTADO,CARLOS PAZ,43.7,MINIMALISTA,E.E,LLAVE EN MANO,PIEDRA NATURAL,NO LE INTERESA,52.0,16483000.0
2024-09-21,Elena Perez,FINANCIACION PROPIA,CARLOS PAZ,71.9,AMERICANA,E.E,OBRA GRIS,MADERA,NO LE INTERESA,39.0,21069000.0
2025-01-18,Juan Lopez,FINANCIACION PROPIA,ALTA GRACIA,69.9,CABAÑA,S.F,LLAVE EN MANO,PIEDRA NATURAL,VENDIDO,54.0,34641000.0
2024-09-16,Pedro Gonzalez,,ALTA GRACIA,41.4,AMERICANA,S.F,OBRA GRIS,,NO LE INTERESA,52.0,14937000.0
2025-02-17,Juan Martinez,CONTADO,ALTA GRACIA,51.8,MINIMALISTA,S.F,OBRA GRIS,MADERA,POTABLE,51.0,17734000.0
2024-12-23,Elena Martinez,CONTADO,ALTA GRACIA,44.3,AMERICANA,S.F,OBRA GRIS,PIEDRA NATURAL,POTABLE,56.0,15997000.0
2024-03-15,Jorge Gonzalez,FINANCIACION PROPIA,SANTIAGO DEL ESTERO,112.8,AMERICANA,S.F,LLAVE EN MANO,,POTABLE,401.0,57709000.0
2024-12-20,Jorge Gonzalez,PLAN 36-60,BUENOS AIRES,60.6,AMERICANA,W.F,LLAVE EN MANO,MADERA,POTABLE,753.0,28251000.0
2025-08-06,Ana Martinez,CONTADO,ALTA GRACIA,38.2,AMERICANA,E.E,LLAVE EN MANO,LADRILLO,VENDIDO,56.0,15167000.0
2026-02-09,Jorge Garcia,CONTADO,ALTA GRACIA,81.4,AMERICANA,W.F,LLAVE EN MANO,PIEDRA NATURAL,POTABLE,58.0,38518000.0
2024-07-06,Pedro Gonzalez,NO SABE,ALTA GRACIA,82.1,AMERICANA,W.F,OBRA GRIS,PIEDRA NATURAL,NO LE INTERESA,55.0,27438000.0
2025-11-15,Pedro Rodriguez,CONTADO,LA PLATA,,MINIMALISTA,S.F,LLAVE EN MANO,MADERA,NO LE INTERESA,798.0,45437000.0
2024-10-16,Maria Garcia,FINANCIACION PROPIA,MENDIOLAZA,96.8,AMERICANA,W.F,LLAVE EN MANO,LADRILLO,NO LE INTERESA,25.0,44394000.0
2024-02-14,Elena Rodriguez,PLAN 36-60,ALTA GRACIA,69.2,MINIMALISTA,E.E,LLAVE EN MANO,LADRILLO,NO LE INTERESA,43.0,27964000.0
2025-07-26,Lucia Lopez,FINANCIACION PROPIA,CÓRDOBA CAPITAL,48.0,AMERICANA,S.F,OBRA GRIS,MADERA,NO LE INTERESA,13.0,16019000.0
2024-03-23,Lucia Lopez,PLAN 36-60,ALTA GRACIA,50.9,CABAÑA,E.E,LLAVE EN MANO,LADRILLO,POTABLE,38.0,20187000.0
2024-05-02,Diego Romero,PLAN 36-60,ALTA GRACIA,49.2,AMERICANA,W.F,OBRA GRIS,MADERA,NO LE INTERESA,53.0,16693000.0
2024-12-23,Diego Rodriguez,CONTADO,SANTIAGO DEL ESTERO,46.9,MINIMALISTA,S.F,LLAVE EN MANO,MADERA,POTABLE,414.0,24657000.0
2025-06-11,Jorge Lopez,FINANCIACION PROPIA,MENDIOLAZA,79.8,MINIMALISTA,E.E,LLAVE EN MANO,PIEDRA NATURAL,VENDIDO,21.0,32354000.0
2024-03-06,Maria Martinez,CONTADO,ALTA GRACIA,55.0,CABAÑA,E.E,LLAVE EN MANO,PIEDRA NATURAL,POTABLE,54.0,20789000.0
2025-10-18,Pedro Rodriguez,FINANCIACION PROPIA,MENDIOLAZA,74.4,AMERICANA,S.F,LLAVE EN MANO,LADRILLO,POTABLE,43.0,38325000.0
2025-01-09,Lucia Gonzalez,PLAN 36-60,LA PLATA,68.5,CABAÑA,E.E,LLAVE EN MANO,MADERA,NO LE INTERESA,786.0,28338000.0
2024-06-10,Pedro Gonzalez,PLAN 36-60,CARLOS PAZ,33.0,AMERICANA,S.F,OBRA GRIS,MADERA,NO LE INTERESA,51.0,11304000.0
2026-01-15,Lucia Sanchez,CONTADO,MENDIOLAZA,20.7,AMERICANA,S.F,LLAVE EN MANO,MADERA,NO LE INTERESA,35.0,10373000.0
2025-01-14,Carla Perez,CONTADO,MENDIOLAZA,30.3,MINIMALISTA,W.F,OBRA GRIS,MADERA,POTABLE,42.0,10170000.0
2025-10-17,Juan Rodriguez,FINANCIACION PROPIA,ALTA GRACIA,46.5,CABAÑA,E.E,LLAVE EN MANO,PIEDRA NATURAL,POTABLE,47.0,17589000.0
2024-12-23,Juan Garcia,CONTADO,BUENOS AIRES,57.7,CABAÑA,S.F,LLAVE EN MANO,LADRILLO,POTABLE,759.0,30636000.0
2024-07-06,Elena Perez,,ALTA GRACIA,42.0,MINIMALISTA,W.F,OBRA GRIS,PIEDRA NATURAL,NO LE INTERESA,38.0,14152000.0
2024-11-17,Lucia Romero,NO SABE,ALTA GRACIA,69.1,MINIMALISTA,W.F,LLAVE EN MANO,MADERA,NO LE INTERESA,55.0,29713000.0
2025-03-25,Diego Perez,CONTADO,SANTIAGO DEL ESTERO,44.4,CABAÑA,S.F,OBRA GRIS,LADRILLO,NO LE INTERESA,464.0,16886000.0
2025-04-18,Ana Garcia,CONTADO,BUENOS AIRES,60.1,MINIMALISTA,S.F,OBRA GRIS,LADRILLO,NO LE INTERESA,718.0,23100000.0
2024-01-13,Jorge Sanchez,PLAN 36-60,CARLOS PAZ,,AMERICANA,E.E,LLAVE EN MANO,MADERA,NO LE INTERESA,48.0,21529000.0
2024-07-02,Juan Martinez,NO SABE,SANTIAGO DEL ESTERO,89.7,CABAÑA,E.E,LLAVE EN MANO,MADERA,VENDIDO,484.0,35150000.0
2024-04-20,Pedro Sanchez,PLAN 36-60,SANTIAGO DEL ESTERO,35.5,CABAÑA,E.E,LLAVE EN MANO,PIEDRA NATURAL,POTABLE,486.0,14459000.0
2025-05-22,Luis Gonzalez,CONTADO,SANTIAGO DEL ESTERO,99.2,MINIMALISTA,S.F,LLAVE EN MANO,PIEDRA NATURAL,NO LE INTERESA,418.0,48491000.0
2024-10-16,Ana Garcia,FINANCIACION PROPIA,BUENOS AIRES,43.1,AMERICANA,W.F,LLAVE EN MANO,MADERA,NO LE INTERESA,680.0,20979000.0
2024-10-21,Luis Martinez,CONTADO,LA PLATA,28.2,CABAÑA,W.F,OBRA GRIS,MADERA,POTABLE,712.0,10004000.0
2025-03-26,Elena Gonzalez,CONTADO,CARLOS PAZ,50.7,CABAÑA,S.F,OBRA GRIS,PIEDRA NATURAL,NO LE INTERESA,33.0,18607000.0
2024-08-02,Lucia Rodriguez,CONTADO,LA PLATA,119.8,AMERICANA,E.E,LLAVE EN MANO,LADRILLO,POTABLE,736.0,50445000.0
2025-09-23,Lucia Garcia,PLAN 36-60,LA PLATA,72.9,MINIMALISTA,W.F,LLAVE EN MANO,LADRILLO,POTABLE,782.0,33413000.0
2025-07-20,Ana Lopez,CONTADO,CARLOS PAZ,67.1,MINIMALISTA,W.F,OBRA GRIS,LADRILLO,NO LE INTERESA,42.0,21688000.0
2024-01-27,Luis Gonzalez,PLAN 36-60,LA PLATA,70.9,MINIMALISTA,E.E,OBRA GRIS,PIEDRA NATURAL,POTABLE,786.0,21152000.0
2025-09-21,Luis Gonzalez,FINANCIACION PROPIA,BUENOS AIRES,39.6,MINIMALISTA,W.F,OBRA GRIS,MADERA,POTABLE,709.0,13924000.0
2026-01-02,Ana Romero,PLAN 36-60,CARLOS PAZ,61.5,AMERICANA,E.E,LLAVE EN MANO,LADRILLO,NO LE INTERESA,44.0,23870000.0
2024-08-18,Pedro Martinez,PLAN 36-60,MENDIOLAZA,55.1,AMERICANA,W.F,LLAVE EN MANO,MADERA,NO LE INTERESA,23.0,24043000.0
2025-07-18,Ana Garcia,CONTADO,MENDIOLAZA,91.2,CABAÑA,W.F,OBRA GRIS,PIEDRA NATURAL,POTABLE,39.0,28114000.0
2024-11-16,Diego Garcia,PLAN 36-60,ALTA GRACIA,52.8,CABAÑA,W.F,OBRA GRIS,PIEDRA NATURAL,POTABLE,54.0,16410000.0
2024-08-20,Maria Lopez,CONTADO,SANTIAGO DEL ESTERO,47.4,AMERICANA,E.E,LLAVE EN MANO,MADERA,NO LE INTERESA,431.0,19999000.0
2025-10-31,Diego Garcia,PLAN 36-60,MENDIOLAZA,31.7,CABAÑA,W.F,OBRA GRIS,MADERA,NO LE INTERESA,28.0,10024000.0
2025-03-12,Pedro Gonzalez,CONTADO,MENDIOLAZA,57.8,AMERICANA,W.F,LLAVE EN MANO,MADERA,VENDIDO,25.0,24990000.0
2026-02-19,Carla Perez,CONTADO,LA PLATA,60.9,MINIMALISTA,W.F,OBRA GRIS,MADERA,POTABLE,791.0,21053000.0
2025-06-16,Carla Lopez,CONTADO,CARLOS PAZ,31.0,AMERICANA,S.F,LLAVE EN MANO,LADRILLO,POTABLE,49.0,14615000.0
2025-02-06,Maria Rodriguez,CONTADO,CÓRDOBA CAPITAL,64.1,AMERICANA,W.F,OBRA GRIS,MADERA,POTABLE,20.0,19781000.0
2024-02-22,Carla Rodriguez,PLAN 36-60,LA PLATA,59.7,CABAÑA,W.F,OBRA GRIS,LADRILLO,NO LE INTERESA,734.0,20571000.0
2026-02-25,Luis Perez,,LA PLATA,75.3,AMERICANA,E.E,OBRA GRIS,PIEDRA NATURAL,NO LE INTERESA,727.0,22377000.0
2024-11-08,Diego Sanchez,CONTADO,BUENOS AIRES,79.2,MINIMALISTA,E.E,OBRA GRIS,LADRILLO,NO LE INTERESA,665.0,22111000.0
2024-10-07,Luis Romero,PLAN 36-60,CARLOS PAZ,56.9,MINIMALISTA,S.F,LLAVE EN MANO,MADERA,NO LE INTERESA,31.0,27817000.0
2025-12-26,Elena Perez,PLAN 36-60,CÓRDOBA CAPITAL,34.3,CABAÑA,E.E,OBRA GRIS,LADRILLO,NO LE INTERESA,10.0,9557000.0
2024-01-31,Luis Martinez,PLAN 36-60,CÓRDOBA CAPITAL,38.4,CABAÑA,E.E,LLAVE EN MANO,PIEDRA NATURAL,VENDIDO,8.0,15135000.0
2024-12-02,Diego Martinez,FINANCIACION PROPIA,ALTA GRACIA,90.2,AMERICANA,E.E,OBRA GRIS,MADERA,POTABLE,49.0,25932000.0
2024-07-01,Luis Gonzalez,CONTADO,LA PLATA,58.3,CABAÑA,S.F,OBRA GRIS,PIEDRA NATURAL,POTABLE,746.0,21056000.0
2024-01-23,Juan Sanchez,CONTADO,BUENOS AIRES,89.9,MINIMALISTA,S.F,LLAVE EN MANO,,POTABLE,704.0,44804000.0
2025-06-27,Juan Lopez,PLAN 36-60,SANTIAGO DEL ESTERO,65.0,CABAÑA,W.F,OBRA GRIS,MADERA,POTABLE,459.0,22251000.0
2025-03-21,Pedro Rodriguez,NO SABE,MENDIOLAZA,70.1,CABAÑA,W.F,OBRA GRIS,LADRILLO,VENDIDO,36.0,23582000.0
2024-03-14,Maria Perez,PLAN 36-60,LA PLATA,73.8,MINIMALISTA,E.E,LLAVE EN MANO,PIEDRA NATURAL,POTABLE,775.0,31270000.0
2024-01-10,Juan Perez,FINANCIACION PROPIA,SANTIAGO DEL ESTERO,30.5,AMERICANA,W.F,OBRA GRIS,MADERA,NO LE INTERESA,426.0,10437000.0
2025-04-28,Luis Perez,FINANCIACION PROPIA,SANTIAGO DEL ESTERO,,AMERICANA,W.F,OBRA GRIS,PIEDRA NATURAL,POTABLE,481.0,20438000.0
2025-03-31,Luis Sanchez,PLAN 36-60,CARLOS PAZ,30.3,CABAÑA,S.F,OBRA GRIS,LADRILLO,POTABLE,53.0,10716000.0
2025-07-19,Juan Gonzalez,PLAN 36-60,LA PLATA,49.3,MINIMALISTA,S.F,LLAVE EN MANO,PIEDRA NATURAL,POTABLE,742.0,26202000.0
2025-07-17,Pedro Perez,PLAN 36-60,CARLOS PAZ,67.8,MINIMALISTA,W.F,OBRA GRIS,PIEDRA NATURAL,POTABLE,30.0,22620000.0
2025-10-21,Juan Gonzalez,PLAN 36-60,ALTA GRACIA,34.5,MINIMALISTA,W.F,LLAVE EN MANO,PIEDRA NATURAL,NO LE INTERESA,57.0,15343000.0
2024-06-08,Diego Martinez,PLAN 36-60,SANTIAGO DEL ESTERO,66.2,AMERICANA,W.F,LLAVE EN MANO,PIEDRA NATURAL,VENDIDO,492.0,29550000.0
2024-01-14,Pedro Rodriguez,FINANCIACION PROPIA,CÓRDOBA CAPITAL,25.0,MINIMALISTA,E.E,LLAVE EN MANO,LADRILLO,NO LE INTERESA,6.0,9690000.0
2024-06-26,Jorge Garcia,PLAN 36-60,SANTIAGO DEL ESTERO,77.9,MINIMALISTA,S.F,LLAVE EN MANO,MADERA,NO LE INTERESA,400.0,37951000.0
2025-02-15,Lucia Garcia,CONTADO,ALTA GRACIA,41.7,AMERICANA,W.F,OBRA GRIS,PIEDRA NATURAL,POTABLE,55.0,14119000.0
2024-02-22,Luis Rodriguez,FINANCIACION PROPIA,SANTIAGO DEL ESTERO,34.5,MINIMALISTA,W.F,OBRA GRIS,LADRILLO,NO LE INTERESA,430.0,11479000.0
2025-02-11,Lucia Perez,PLAN 36-60,CARLOS PAZ,26.3,AMERICANA,E.E,LLAVE EN MANO,PIEDRA NATURAL,POTABLE,53.0,10058000.0
2024-01-22,Diego Lopez,NO SABE,LA PLATA,43.4,CABAÑA,S.F,OBRA GRIS,PIEDRA NATURAL,VENDIDO,732.0,16939000.0
2024-01-30,Lucia Gonzalez,PLAN 36-60,CÓRDOBA CAPITAL,20.0,CABAÑA,E.E,OBRA GRIS,PIEDRA NATURAL,NO LE INTERESA,27.0,5407000.0
2025-12-03,Carla Lopez,CONTADO,CARLOS PAZ,44.0,CABAÑA,E.E,OBRA GRIS,LADRILLO,POTABLE,32.0,12071000.0
2024-09-16,Carla Lopez,CONTADO,MENDIOLAZA,77.0,CABAÑA,W.F,OBRA GRIS,PIEDRA NATURAL,NO LE INTERESA,27.0,24683000.0
2024-07-23,Carla Gonzalez,FINANCIACION PROPIA,LA PLATA,51.2,CABAÑA,E.E,OBRA GRIS,PIEDRA NATURAL,VENDIDO,807.0,15694000.0
2024-02-28,Lucia Gonzalez,,CÓRDOBA CAPITAL,31.4,AMERICANA,E.E,OBRA GRIS,MADERA,POTABLE,11.0,8657000.0
2025-04-15,Maria Sanchez,NO SABE,ALTA GRACIA,59.5,AMERICANA,W.F,LLAVE EN MANO,LADRILLO,POTABLE,38.0,26869000.0
2026-02-14,Ana Garcia,CONTADO,SANTIAGO DEL ESTERO,57.8,AMERICANA,S.F,OBRA GRIS,MADERA,POTABLE,486.0,20328000.0
2025-04-10,Luis Lopez,FINANCIACION PROPIA,CÓRDOBA CAPITAL,94.1,MINIMALISTA,W.F,LLAVE EN MANO,MADERA,NO LE INTERESA,8.0,42747000.0
2024-01-12,Ana Sanchez,FINANCIACION PROPIA,BUENOS AIRES,70.8,CABAÑA,S.F,OBRA GRIS,MADERA,POTABLE,670.0,25547000.0
2025-09-22,Luis Perez,FINANCIACION PROPIA,MENDIOLAZA,61.1,MINIMALISTA,E.E,LLAVE EN MANO,MADERA,NO LE INTERESA,28.0,24831000.0
2024-10-16,Ana Garcia,CONTADO,ALTA GRACIA,73.1,MINIMALISTA,E.E,OBRA GRIS,PIEDRA NATURAL,VENDIDO,51.0,20371000.0
2026-01-29,Carla Lopez,PLAN 36-60,LA PLATA,52.3,MINIMALISTA,W.F,LLAVE EN MANO,MADERA,VENDIDO,781.0,24609000.0
2024-12-19,Elena Perez,CONTADO,BUENOS AIRES,53.5,CABAÑA,W.F,LLAVE EN MANO,LADRILLO,POTABLE,748.0,25472000.0
2025-09-30,Diego Romero,CONTADO,CÓRDOBA CAPITAL,88.2,MINIMALISTA,W.F,OBRA GRIS,PIEDRA NATURAL,NO LE INTERESA,19.0,27358000.0
2024-03-15,Juan Perez,CONTADO,ALTA GRACIA,22.3,CABAÑA,E.E,OBRA GRIS,MADERA,POTABLE,45.0,6095000.0
2025-12-16,Ana Martinez,FINANCIACION PROPIA,LA PLATA,74.4,CABAÑA,E.E,LLAVE EN MANO,MADERA,NO LE INTERESA,746.0,31163000.0
2025-07-14,Jorge Sanchez,CONTADO,BUENOS AIRES,52.8,CABAÑA,S.F,OBRA GRIS,LADRILLO,NO LE INTERESA,745.0,19153000.0
2025-08-13,Elena Perez,NO SABE,BUENOS AIRES,49.2,MINIMALISTA,W.F,OBRA GRIS,LADRILLO,NO LE INTERESA,732.0,17253000.0
2025-03-16,Maria Martinez,CONTADO,CARLOS PAZ,43.9,CABAÑA,E.E,OBRA GRIS,MADERA,NO LE INTERESA,53.0,11873000.0
2024-08-28,Carla Martinez,CONTADO,SANTIAGO DEL ESTERO,58.1,CABAÑA,S.F,OBRA GRIS,MADERA,NO LE INTERESA,496.0,21757000.0
2024-06-02,Elena Sanchez,CONTADO,ALTA GRACIA,54.1,AMERICANA,W.F,LLAVE EN MANO,,POTABLE,43.0,25647000.0
2026-02-24,Pedro Perez,FINANCIACION PROPIA,BUENOS AIRES,46.7,MINIMALISTA,W.F,OBRA GRIS,MADERA,NO LE INTERESA,713.0,15903000.0
2024-04-05,Ana Lopez,CONTADO,CARLOS PAZ,40.9,AMERICANA,S.F,OBRA GRIS,MADERA,POTABLE,46.0,14392000.0
2025-12-26,Pedro Perez,FINANCIACION PROPIA,MENDIOLAZA,20.0,AMERICANA,S.F,OBRA GRIS,LADRILLO,POTABLE,24.0,6996000.0
2024-10-20,Maria Lopez,PLAN 36-60,MENDIOLAZA,40.5,MINIMALISTA,S.F,OBRA GRIS,LADRILLO,POTABLE,21.0,14767000.0
2024-07-27,Pedro Gonzalez,NO SABE,LA PLATA,44.8,AMERICANA,E.E,LLAVE EN MANO,PIEDRA NATURAL,VENDIDO,797.0,17838000.0
2024-12-08,Elena Garcia,CONTADO,BUENOS AIRES,58.0,CABAÑA,W.F,OBRA GRIS,PIEDRA NATURAL,NO LE INTERESA,714.0,20050000.0
2024-03-28,Pedro Garcia,PLAN 36-60,BUENOS AIRES,94.3,AMERICANA,W.F,OBRA GRIS,LADRILLO,NO LE INTERESA,717.0,31919000.0
2026-02-14,Ana Sanchez,PLAN 36-60,CÓRDOBA CAPITAL,42.7,AMERICANA,S.F,OBRA GRIS,PIEDRA NATURAL,NO LE INTERESA,19.0,14797000.0
2025-01-24,Pedro Romero,FINANCIACION PROPIA,BUENOS AIRES,34.5,CABAÑA,E.E,LLAVE EN MANO,MADERA,NO LE INTERESA,735.0,14216000.0
2024-11-20,Lucia Garcia,PLAN 36-60,SANTIAGO DEL ESTERO,40.7,AMERICANA,S.F,OBRA GRIS,PIEDRA NATURAL,NO LE INTERESA,415.0,14480000.0
2024-06-05,Luis Garcia,FINANCIACION PROPIA,LA PLATA,58.1,CABAÑA,E.E,LLAVE EN MANO,MADERA,POTABLE,771.0,24651000.0
2025-10-29,Diego Gonzalez,CONTADO,ALTA GRACIA,66.8,MINIMALISTA,W.F,OBRA GRIS,MADERA,NO LE INTERESA,47.0,20644000.0
2025-10-12,Maria Martinez,FINANCIACION PROPIA,BUENOS AIRES,69.6,AMERICANA,W.F,OBRA GRIS,PIEDRA NATURAL,NO LE INTERESA,750.0,23686000.0
2025-09-24,Juan Lopez,CONTADO,SANTIAGO DEL ESTERO,71.6,MINIMALISTA,E.E,LLAVE EN MANO,,NO LE INTERESA,452.0,28190000.0
2025-07-30,Diego Martinez,CONTADO,BUENOS AIRES,74.4,AMERICANA,W.F,LLAVE EN MANO,,POTABLE,754.0,33857000.0
2025-09-10,Juan Lopez,CONTADO,CARLOS PAZ,49.4,CABAÑA,W.F,OBRA GRIS,LADRILLO,POTABLE,39.0,15974000.0
2025-10-20,Carla Sanchez,FINANCIACION PROPIA,SANTIAGO DEL ESTERO,96.1,AMERICANA,S.F,OBRA GRIS,,VENDIDO,497.0,35748000.0
2024-05-16,Carla Sanchez,NO SABE,CARLOS PAZ,47.9,MINIMALISTA,E.E,OBRA GRIS,PIEDRA NATURAL,POTABLE,52.0,13649000.0
2025-11-04,Diego Lopez,CONTADO,LA PLATA,,CABAÑA,W.F,OBRA GRIS,LADRILLO,NO LE INTERESA,768.0,20135000.0
2025-03-03,Juan Sanchez,FINANCIACION PROPIA,BUENOS AIRES,80.9,CABAÑA,W.F,OBRA GRIS,PIEDRA NATURAL,POTABLE,695.0,27365000.0
2025-03-27,Maria Perez,PLAN 36-60,CÓRDOBA CAPITAL,66.3,MINIMALISTA,E.E,LLAVE EN MANO,MADERA,POTABLE,14.0,26525000.0
2025-09-03,Lucia Gonzalez,FINANCIACION PROPIA,MENDIOLAZA,20.0,MINIMALISTA,W.F,OBRA GRIS,LADRILLO,POTABLE,39.0,6455000.0
2024-05-20,Luis Rodriguez,CONTADO,SANTIAGO DEL ESTERO,55.1,AMERICANA,E.E,LLAVE EN MANO,LADRILLO,NO LE INTERESA,458.0,23236000.0
2024-03-23,Pedro Lopez,PLAN 36-60,CÓRDOBA CAPITAL,72.2,AMERICANA,E.E,LLAVE EN MANO,MADERA,VENDIDO,15.0,28330000.0
2024-06-25,Lucia Romero,CONTADO,CÓRDOBA CAPITAL,,CABAÑA,S.F,OBRA GRIS,MADERA,POTABLE,21.0,9918000.0
2024-07-16,Ana Romero,CONTADO,MENDIOLAZA,70.0,MINIMALISTA,E.E,OBRA GRIS,MADERA,POTABLE,38.0,19706000.0
2025-09-15,Luis Gonzalez,PLAN 36-60,SANTIAGO DEL ESTERO,62.8,MINIMALISTA,S.F,LLAVE EN MANO,LADRILLO,NO LE INTERESA,402.0,30798000.0
2025-07-21,Luis Lopez,FINANCIACION PROPIA,BUENOS AIRES,78.7,AMERICANA,W.F,LLAVE EN MANO,MADERA,POTABLE,669.0,35501000.0
2025-11-21,Diego Lopez,PLAN 36-60,SANTIAGO DEL ESTERO,41.2,AMERICANA,E.E,OBRA GRIS,PIEDRA NATURAL,VENDIDO,409.0,11632000.0
2025-02-24,Jorge Garcia,NO SABE,CÓRDOBA CAPITAL,74.9,CABAÑA,S.F,LLAVE EN MANO,PIEDRA NATURAL,POTABLE,11.0,37519000.0
2025-02-04,Juan Garcia,FINANCIACION PROPIA,ALTA GRACIA,58.2,MINIMALISTA,E.E,LLAVE EN MANO,MADERA,NO LE INTERESA,46.0,22401000.0
2025-11-28,Elena Martinez,CONTADO,ALTA GRACIA,90.3,MINIMALISTA,W.F,LLAVE EN MANO,PIEDRA NATURAL,NO LE INTERESA,55.0,40338000.0
2025-04-15,Luis Garcia,CONTADO,SANTIAGO DEL ESTERO,110.7,MINIMALISTA,S.F,OBRA GRIS,,NO LE INTERESA,435.0,41052000.0
2024-08-05,Ana Martinez,PLAN 36-60,CÓRDOBA CAPITAL,85.8,MINIMALISTA,S.F,OBRA GRIS,LADRILLO,NO LE INTERESA,5.0,30237000.0
2025-12-29,Juan Sanchez,NO SABE,CÓRDOBA CAPITAL,64.6,AMERICANA,S.F,LLAVE EN MANO,MADERA,POTABLE,17.0,30403000.0
2025-09-23,Maria Rodriguez,NO SABE,LA PLATA,101.4,AMERICANA,W.F,LLAVE EN MANO,PIEDRA NATURAL,POTABLE,810.0,48332000.0
2024-06-23,Ana Romero,FINANCIACION PROPIA,CÓRDOBA CAPITAL,67.1,AMERICANA,S.F,OBRA GRIS,MADERA,VENDIDO,14.0,22933000.0
2024-01-23,Maria Perez,PLAN 36-60,MENDIOLAZA,36.8,CABAÑA,W.F,OBRA GRIS,MADERA,NO LE INTERESA,44.0,11978000.0
2025-12-25,Jorge Sanchez,FINANCIACION PROPIA,ALTA GRACIA,54.2,MINIMALISTA,W.F,LLAVE EN MANO,PIEDRA NATURAL,POTABLE,38.0,24515000.0
2024-08-22,Jorge Rodriguez,CONTADO,LA PLATA,70.2,AMERICANA,E.E,OBRA GRIS,PIEDRA NATURAL,NO LE INTERESA,727.0,20203000.0
2024-01-13,Juan Rodriguez,CONTADO,BUENOS AIRES,71.5,MINIMALISTA,W.F,OBRA GRIS,LADRILLO,NO LE INTERESA,732.0,23194000.0
2024-04-10,Elena Garcia,PLAN 36-60,MENDIOLAZA,32.5,AMERICANA,S.F,OBRA GRIS,LADRILLO,NO LE INTERESA,33.0,11095000.0
2025-06-19,Maria Romero,FINANCIACION PROPIA,BUENOS AIRES,33.1,CABAÑA,S.F,OBRA GRIS,LADRILLO,POTABLE,737.0,12180000.0
